incident_id,token_count,chunk_count
RCA-00001,46,1
RCA-00002,49,1
RCA-00003,45,1
RCA-00004,46,1
RCA-00005,46,1
RCA-00006,45,1
RCA-00007,45,1
RCA-00008,42,1
RCA-00009,45,1
RCA-00010,46,1
RCA-00011,44,1
RCA-00012,46,1
RCA-00013,42,1
RCA-00014,47,1
RCA-00015,45,1
RCA-00016,44,1
RCA-00017,45,1
RCA-00018,44,1
RCA-00019,44,1
RCA-00020,46,1
RCA-00021,44,1
RCA-00022,44,1
RCA-00023,45,1
RCA-00024,45,1
RCA-00025,44,1
RCA-00026,46,1
RCA-00027,45,1
RCA-00028,45,1
RCA-00029,46,1
RCA-00030,46,1
RCA-00031,47,1
RCA-00032,45,1
RCA-00033,42,1
RCA-00034,46,1
RCA-00035,47,1
RCA-00036,55,1
RCA-00037,48,1
RCA-00038,43,1
RCA-00039,46,1
RCA-00040,46,1
RCA-00041,41,1
RCA-00042,54,1
RCA-00043,45,1
RCA-00044,46,1
RCA-00045,45,1
RCA-00046,44,1
RCA-00047,46,1
RCA-00048,46,1
RCA-00049,46,1
RCA-00050,45,1
RCA-00051,46,1
RCA-00052,44,1
RCA-00053,46,1
RCA-00054,44,1
RCA-00055,45,1
RCA-00056,45,1
RCA-00057,46,1
RCA-00058,42,1
RCA-00059,46,1
RCA-00060,50,1
RCA-00061,48,1
RCA-00062,45,1
RCA-00063,45,1
RCA-00064,44,1
RCA-00065,45,1
RCA-00066,44,1
RCA-00067,58,1
RCA-00068,45,1
RCA-00069,49,1
RCA-00070,44,1
RCA-00071,44,1
RCA-00072,41,1
RCA-00073,50,1
RCA-00074,45,1
RCA-00075,44,1
RCA-00076,43,1
RCA-00077,46,1
RCA-00078,45,1
RCA-00079,45,1
RCA-00080,41,1
RCA-00081,42,1
RCA-00082,42,1
RCA-00083,44,1
RCA-00084,41,1
RCA-00085,45,1
RCA-00086,44,1
RCA-00087,43,1
RCA-00088,46,1
RCA-00089,46,1
RCA-00090,43,1
RCA-00091,47,1
RCA-00092,45,1
RCA-00093,47,1
RCA-00094,44,1
RCA-00095,44,1
RCA-00096,47,1
RCA-00097,45,1
RCA-00098,45,1
RCA-00099,46,1
RCA-00100,46,1
RCA-00101,43,1
RCA-00102,46,1
RCA-00103,44,1
RCA-00104,46,1
RCA-00105,46,1
RCA-00106,46,1
RCA-00107,43,1
RCA-00108,46,1
RCA-00109,44,1
RCA-00110,45,1
RCA-00111,44,1
RCA-00112,43,1
RCA-00113,46,1
RCA-00114,42,1
RCA-00115,46,1
RCA-00116,43,1
RCA-00117,47,1
RCA-00118,48,1
RCA-00119,57,1
RCA-00120,46,1
RCA-00121,45,1
RCA-00122,44,1
RCA-00123,42,1
RCA-00124,43,1
RCA-00125,45,1
RCA-00126,44,1
RCA-00127,58,1
RCA-00128,46,1
RCA-00129,46,1
RCA-00130,48,1
RCA-00131,47,1
RCA-00132,45,1
RCA-00133,46,1
RCA-00134,46,1
RCA-00135,59,1
RCA-00136,46,1
RCA-00137,46,1
RCA-00138,45,1
RCA-00139,45,1
RCA-00140,44,1
RCA-00141,48,1
RCA-00142,44,1
RCA-00143,41,1
RCA-00144,45,1
RCA-00145,42,1
RCA-00146,56,1
RCA-00147,45,1
RCA-00148,43,1
RCA-00149,46,1
RCA-00150,47,1
RCA-00151,46,1
RCA-00152,44,1
RCA-00153,45,1
RCA-00154,43,1
RCA-00155,52,1
RCA-00156,41,1
RCA-00157,54,1
RCA-00158,44,1
RCA-00159,56,1
RCA-00160,47,1
RCA-00161,42,1
RCA-00162,46,1
RCA-00163,43,1
RCA-00164,55,1
RCA-00165,41,1
RCA-00166,45,1
RCA-00167,48,1
RCA-00168,44,1
RCA-00169,50,1
RCA-00170,44,1
RCA-00171,44,1
RCA-00172,46,1
RCA-00173,44,1
RCA-00174,45,1
RCA-00175,44,1
RCA-00176,45,1
RCA-00177,44,1
RCA-00178,45,1
RCA-00179,46,1
RCA-00180,46,1
RCA-00181,41,1
RCA-00182,45,1
RCA-00183,44,1
RCA-00184,41,1
RCA-00185,46,1
RCA-00186,45,1
RCA-00187,45,1
RCA-00188,43,1
RCA-00189,58,1
RCA-00190,41,1
RCA-00191,41,1
RCA-00192,48,1
RCA-00193,46,1
RCA-00194,42,1
RCA-00195,45,1
RCA-00196,47,1
RCA-00197,46,1
RCA-00198,44,1
RCA-00199,44,1
RCA-00200,46,1
RCA-00201,45,1
RCA-00202,43,1
RCA-00203,44,1
RCA-00204,46,1
RCA-00205,41,1
RCA-00206,45,1
RCA-00207,48,1
RCA-00208,45,1
RCA-00209,43,1
RCA-00210,46,1
RCA-00211,53,1
RCA-00212,44,1
RCA-00213,45,1
RCA-00214,46,1
RCA-00215,47,1
RCA-00216,45,1
RCA-00217,46,1
RCA-00218,45,1
RCA-00219,49,1
RCA-00220,46,1
RCA-00221,41,1
RCA-00222,48,1
RCA-00223,44,1
RCA-00224,58,1
RCA-00225,45,1
RCA-00226,46,1
RCA-00227,44,1
RCA-00228,45,1
RCA-00229,45,1
RCA-00230,43,1
RCA-00231,49,1
RCA-00232,45,1
RCA-00233,45,1
RCA-00234,46,1
RCA-00235,43,1
RCA-00236,46,1
RCA-00237,55,1
RCA-00238,46,1
RCA-00239,45,1
RCA-00240,45,1
RCA-00241,43,1
RCA-00242,49,1
RCA-00243,45,1
RCA-00244,45,1
RCA-00245,45,1
RCA-00246,58,1
RCA-00247,41,1
RCA-00248,46,1
RCA-00249,43,1
RCA-00250,44,1
RCA-00251,46,1
RCA-00252,47,1
RCA-00253,46,1
RCA-00254,58,1
RCA-00255,42,1
RCA-00256,44,1
RCA-00257,44,1
RCA-00258,46,1
RCA-00259,43,1
RCA-00260,43,1
RCA-00261,44,1
RCA-00262,46,1
RCA-00263,46,1
RCA-00264,42,1
RCA-00265,54,1
RCA-00266,46,1
RCA-00267,48,1
RCA-00268,46,1
RCA-00269,45,1
RCA-00270,45,1
RCA-00271,43,1
RCA-00272,45,1
RCA-00273,47,1
RCA-00274,47,1
RCA-00275,46,1
RCA-00276,48,1
RCA-00277,44,1
RCA-00278,45,1
RCA-00279,49,1
RCA-00280,46,1
RCA-00281,44,1
RCA-00282,48,1
RCA-00283,47,1
RCA-00284,45,1
RCA-00285,56,1
RCA-00286,45,1
RCA-00287,41,1
RCA-00288,44,1
RCA-00289,45,1
RCA-00290,46,1
RCA-00291,41,1
RCA-00292,48,1
RCA-00293,48,1
RCA-00294,46,1
RCA-00295,45,1
RCA-00296,47,1
RCA-00297,49,1
RCA-00298,43,1
RCA-00299,44,1
RCA-00300,49,1
RCA-00301,45,1
RCA-00302,48,1
RCA-00303,45,1
RCA-00304,45,1
RCA-00305,42,1
RCA-00306,47,1
RCA-00307,45,1
RCA-00308,46,1
RCA-00309,41,1
RCA-00310,46,1
RCA-00311,43,1
RCA-00312,45,1
RCA-00313,43,1
RCA-00314,45,1
RCA-00315,44,1
RCA-00316,43,1
RCA-00317,43,1
RCA-00318,46,1
RCA-00319,43,1
RCA-00320,46,1
RCA-00321,44,1
RCA-00322,44,1
RCA-00323,48,1
RCA-00324,45,1
RCA-00325,45,1
RCA-00326,46,1
RCA-00327,44,1
RCA-00328,45,1
RCA-00329,44,1
RCA-00330,42,1
RCA-00331,44,1
RCA-00332,41,1
RCA-00333,44,1
RCA-00334,42,1
RCA-00335,45,1
RCA-00336,45,1
RCA-00337,53,1
RCA-00338,44,1
RCA-00339,45,1
RCA-00340,45,1
RCA-00341,46,1
RCA-00342,42,1
RCA-00343,44,1
RCA-00344,46,1
RCA-00345,59,1
RCA-00346,46,1
RCA-00347,44,1
RCA-00348,46,1
RCA-00349,42,1
RCA-00350,45,1
RCA-00351,45,1
RCA-00352,44,1
RCA-00353,55,1
RCA-00354,45,1
RCA-00355,45,1
RCA-00356,41,1
RCA-00357,45,1
RCA-00358,45,1
RCA-00359,46,1
RCA-00360,57,1
RCA-00361,41,1
RCA-00362,46,1
RCA-00363,45,1
RCA-00364,42,1
RCA-00365,46,1
RCA-00366,44,1
RCA-00367,45,1
RCA-00368,42,1
RCA-00369,44,1
RCA-00370,52,1
RCA-00371,42,1
RCA-00372,45,1
RCA-00373,43,1
RCA-00374,49,1
RCA-00375,42,1
RCA-00376,46,1
RCA-00377,47,1
RCA-00378,44,1
RCA-00379,45,1
RCA-00380,46,1
RCA-00381,46,1
RCA-00382,46,1
RCA-00383,46,1
RCA-00384,45,1
RCA-00385,41,1
RCA-00386,47,1
RCA-00387,44,1
RCA-00388,43,1
RCA-00389,44,1
RCA-00390,44,1
RCA-00391,47,1
RCA-00392,57,1
RCA-00393,45,1
RCA-00394,46,1
RCA-00395,46,1
RCA-00396,58,1
RCA-00397,46,1
RCA-00398,45,1
RCA-00399,45,1
RCA-00400,46,1
RCA-00401,41,1
RCA-00402,45,1
RCA-00403,46,1
RCA-00404,44,1
RCA-00405,45,1
RCA-00406,44,1
RCA-00407,45,1
RCA-00408,48,1
RCA-00409,47,1
RCA-00410,42,1
RCA-00411,46,1
RCA-00412,44,1
RCA-00413,43,1
RCA-00414,41,1
RCA-00415,43,1
RCA-00416,45,1
RCA-00417,44,1
RCA-00418,44,1
RCA-00419,44,1
RCA-00420,48,1
RCA-00421,44,1
RCA-00422,47,1
RCA-00423,45,1
RCA-00424,44,1
RCA-00425,45,1
RCA-00426,41,1
RCA-00427,45,1
RCA-00428,41,1
RCA-00429,45,1
RCA-00430,45,1
RCA-00431,44,1
RCA-00432,45,1
RCA-00433,45,1
RCA-00434,46,1
RCA-00435,46,1
RCA-00436,45,1
RCA-00437,45,1
RCA-00438,47,1
RCA-00439,46,1
RCA-00440,46,1
RCA-00441,45,1
RCA-00442,43,1
RCA-00443,50,1
RCA-00444,48,1
RCA-00445,45,1
RCA-00446,49,1
RCA-00447,42,1
RCA-00448,57,1
RCA-00449,56,1
RCA-00450,45,1
RCA-00451,45,1
RCA-00452,41,1
RCA-00453,46,1
RCA-00454,56,1
RCA-00455,46,1
RCA-00456,48,1
RCA-00457,53,1
RCA-00458,42,1
RCA-00459,45,1
RCA-00460,44,1
RCA-00461,42,1
RCA-00462,48,1
RCA-00463,48,1
RCA-00464,47,1
RCA-00465,42,1
RCA-00466,46,1
RCA-00467,46,1
RCA-00468,55,1
RCA-00469,48,1
RCA-00470,44,1
RCA-00471,43,1
RCA-00472,45,1
RCA-00473,45,1
RCA-00474,46,1
RCA-00475,43,1
RCA-00476,45,1
RCA-00477,49,1
RCA-00478,44,1
RCA-00479,42,1
RCA-00480,41,1
RCA-00481,46,1
RCA-00482,45,1
RCA-00483,50,1
RCA-00484,46,1
RCA-00485,48,1
RCA-00486,43,1
RCA-00487,44,1
RCA-00488,45,1
RCA-00489,45,1
RCA-00490,43,1
RCA-00491,45,1
RCA-00492,42,1
RCA-00493,44,1
RCA-00494,42,1
RCA-00495,46,1
RCA-00496,45,1
RCA-00497,49,1
RCA-00498,45,1
RCA-00499,47,1
RCA-00500,43,1
RCA-00501,45,1
RCA-00502,58,1
RCA-00503,46,1
RCA-00504,50,1
RCA-00505,43,1
RCA-00506,44,1
RCA-00507,42,1
RCA-00508,48,1
RCA-00509,46,1
RCA-00510,43,1
RCA-00511,43,1
RCA-00512,46,1
RCA-00513,42,1
RCA-00514,45,1
RCA-00515,45,1
RCA-00516,45,1
RCA-00517,47,1
RCA-00518,45,1
RCA-00519,45,1
RCA-00520,45,1
RCA-00521,47,1
RCA-00522,45,1
RCA-00523,56,1
RCA-00524,44,1
RCA-00525,42,1
RCA-00526,59,1
RCA-00527,45,1
RCA-00528,48,1
RCA-00529,45,1
RCA-00530,44,1
RCA-00531,44,1
RCA-00532,46,1
RCA-00533,48,1
RCA-00534,46,1
RCA-00535,44,1
RCA-00536,41,1
RCA-00537,44,1
RCA-00538,45,1
RCA-00539,46,1
RCA-00540,45,1
RCA-00541,46,1
RCA-00542,44,1
RCA-00543,44,1
RCA-00544,51,1
RCA-00545,47,1
RCA-00546,44,1
RCA-00547,45,1
RCA-00548,46,1
RCA-00549,50,1
RCA-00550,41,1
RCA-00551,43,1
RCA-00552,46,1
RCA-00553,46,1
RCA-00554,46,1
RCA-00555,45,1
RCA-00556,44,1
RCA-00557,44,1
RCA-00558,44,1
RCA-00559,55,1
RCA-00560,46,1
RCA-00561,44,1
RCA-00562,54,1
RCA-00563,42,1
RCA-00564,44,1
RCA-00565,43,1
RCA-00566,43,1
RCA-00567,60,1
RCA-00568,44,1
RCA-00569,44,1
RCA-00570,48,1
RCA-00571,48,1
RCA-00572,43,1
RCA-00573,45,1
RCA-00574,47,1
RCA-00575,46,1
RCA-00576,44,1
RCA-00577,42,1
RCA-00578,45,1
RCA-00579,44,1
RCA-00580,46,1
RCA-00581,44,1
RCA-00582,41,1
RCA-00583,44,1
RCA-00584,57,1
RCA-00585,45,1
RCA-00586,43,1
RCA-00587,42,1
RCA-00588,46,1
RCA-00589,44,1
RCA-00590,43,1
RCA-00591,48,1
RCA-00592,45,1
RCA-00593,45,1
RCA-00594,43,1
RCA-00595,45,1
RCA-00596,47,1
RCA-00597,45,1
RCA-00598,43,1
RCA-00599,44,1
RCA-00600,45,1
RCA-00601,46,1
RCA-00602,48,1
RCA-00603,43,1
RCA-00604,45,1
RCA-00605,47,1
RCA-00606,46,1
RCA-00607,45,1
RCA-00608,45,1
RCA-00609,44,1
RCA-00610,47,1
RCA-00611,41,1
RCA-00612,43,1
RCA-00613,57,1
RCA-00614,47,1
RCA-00615,44,1
RCA-00616,44,1
RCA-00617,46,1
RCA-00618,45,1
RCA-00619,46,1
RCA-00620,41,1
RCA-00621,57,1
RCA-00622,46,1
RCA-00623,45,1
RCA-00624,48,1
RCA-00625,45,1
RCA-00626,46,1
RCA-00627,41,1
RCA-00628,46,1
RCA-00629,44,1
RCA-00630,48,1
RCA-00631,57,1
RCA-00632,46,1
RCA-00633,49,1
RCA-00634,47,1
RCA-00635,42,1
RCA-00636,45,1
RCA-00637,44,1
RCA-00638,47,1
RCA-00639,43,1
RCA-00640,43,1
RCA-00641,47,1
RCA-00642,45,1
RCA-00643,45,1
RCA-00644,45,1
RCA-00645,43,1
RCA-00646,45,1
RCA-00647,45,1
RCA-00648,43,1
RCA-00649,45,1
RCA-00650,47,1
RCA-00651,44,1
RCA-00652,45,1
RCA-00653,45,1
RCA-00654,42,1
RCA-00655,47,1
RCA-00656,46,1
RCA-00657,45,1
RCA-00658,45,1
RCA-00659,44,1
RCA-00660,63,1
RCA-00661,46,1
RCA-00662,41,1
RCA-00663,48,1
RCA-00664,43,1
RCA-00665,45,1
RCA-00666,47,1
RCA-00667,46,1
RCA-00668,47,1
RCA-00669,45,1
RCA-00670,45,1
RCA-00671,45,1
RCA-00672,43,1
RCA-00673,44,1
RCA-00674,45,1
RCA-00675,45,1
RCA-00676,44,1
RCA-00677,47,1
RCA-00678,44,1
RCA-00679,43,1
RCA-00680,44,1
RCA-00681,45,1
RCA-00682,45,1
RCA-00683,47,1
RCA-00684,59,1
RCA-00685,43,1
RCA-00686,56,1
RCA-00687,50,1
RCA-00688,46,1
RCA-00689,45,1
RCA-00690,44,1
RCA-00691,48,1
RCA-00692,48,1
RCA-00693,44,1
RCA-00694,43,1
RCA-00695,42,1
RCA-00696,43,1
RCA-00697,46,1
RCA-00698,44,1
RCA-00699,44,1
RCA-00700,56,1
RCA-00701,46,1
RCA-00702,61,1
RCA-00703,46,1
RCA-00704,46,1
RCA-00705,45,1
RCA-00706,44,1
RCA-00707,48,1
RCA-00708,42,1
RCA-00709,45,1
RCA-00710,47,1
RCA-00711,45,1
RCA-00712,46,1
RCA-00713,45,1
RCA-00714,50,1
RCA-00715,48,1
RCA-00716,53,1
RCA-00717,43,1
RCA-00718,45,1
RCA-00719,45,1
RCA-00720,46,1
RCA-00721,44,1
RCA-00722,56,1
RCA-00723,42,1
RCA-00724,46,1
RCA-00725,45,1
RCA-00726,45,1
RCA-00727,44,1
RCA-00728,48,1
RCA-00729,55,1
RCA-00730,45,1
RCA-00731,47,1
RCA-00732,44,1
RCA-00733,45,1
RCA-00734,46,1
RCA-00735,45,1
RCA-00736,61,1
RCA-00737,44,1
RCA-00738,45,1
RCA-00739,45,1
RCA-00740,48,1
RCA-00741,43,1
RCA-00742,43,1
RCA-00743,41,1
RCA-00744,42,1
RCA-00745,45,1
RCA-00746,45,1
RCA-00747,46,1
RCA-00748,44,1
RCA-00749,44,1
RCA-00750,47,1
RCA-00751,45,1
RCA-00752,45,1
RCA-00753,46,1
RCA-00754,44,1
RCA-00755,48,1
RCA-00756,45,1
RCA-00757,42,1
RCA-00758,42,1
RCA-00759,45,1
RCA-00760,43,1
RCA-00761,41,1
RCA-00762,46,1
RCA-00763,44,1
RCA-00764,41,1
RCA-00765,57,1
RCA-00766,43,1
RCA-00767,45,1
RCA-00768,42,1
RCA-00769,50,1
RCA-00770,42,1
RCA-00771,44,1
RCA-00772,44,1
RCA-00773,53,1
RCA-00774,48,1
RCA-00775,47,1
RCA-00776,52,1
RCA-00777,46,1
RCA-00778,45,1
RCA-00779,41,1
RCA-00780,60,1
RCA-00781,44,1
RCA-00782,45,1
RCA-00783,44,1
RCA-00784,45,1
RCA-00785,49,1
RCA-00786,45,1
RCA-00787,53,1
RCA-00788,43,1
RCA-00789,45,1
RCA-00790,45,1
RCA-00791,46,1
RCA-00792,47,1
RCA-00793,46,1
RCA-00794,46,1
RCA-00795,46,1
RCA-00796,54,1
RCA-00797,46,1
RCA-00798,42,1
RCA-00799,44,1
RCA-00800,46,1
RCA-00801,45,1
RCA-00802,44,1
RCA-00803,44,1
RCA-00804,43,1
RCA-00805,43,1
RCA-00806,44,1
RCA-00807,44,1
RCA-00808,44,1
RCA-00809,47,1
RCA-00810,46,1
RCA-00811,44,1
RCA-00812,53,1
RCA-00813,46,1
RCA-00814,45,1
RCA-00815,48,1
RCA-00816,48,1
RCA-00817,45,1
RCA-00818,43,1
RCA-00819,46,1
RCA-00820,48,1
RCA-00821,44,1
RCA-00822,43,1
RCA-00823,45,1
RCA-00824,46,1
RCA-00825,44,1
RCA-00826,44,1
RCA-00827,46,1
RCA-00828,47,1
RCA-00829,46,1
RCA-00830,45,1
RCA-00831,44,1
RCA-00832,47,1
RCA-00833,47,1
RCA-00834,46,1
RCA-00835,42,1
RCA-00836,47,1
RCA-00837,43,1
RCA-00838,49,1
RCA-00839,45,1
RCA-00840,45,1
RCA-00841,48,1
RCA-00842,55,1
RCA-00843,46,1
RCA-00844,44,1
RCA-00845,46,1
RCA-00846,45,1
RCA-00847,46,1
RCA-00848,45,1
RCA-00849,41,1
RCA-00850,45,1
RCA-00851,42,1
RCA-00852,48,1
RCA-00853,47,1
RCA-00854,46,1
RCA-00855,62,1
RCA-00856,45,1
RCA-00857,48,1
RCA-00858,56,1
RCA-00859,43,1
RCA-00860,55,1
RCA-00861,46,1
RCA-00862,42,1
RCA-00863,45,1
RCA-00864,41,1
RCA-00865,45,1
RCA-00866,58,1
RCA-00867,46,1
RCA-00868,42,1
RCA-00869,57,1
RCA-00870,44,1
RCA-00871,46,1
RCA-00872,46,1
RCA-00873,42,1
RCA-00874,45,1
RCA-00875,46,1
RCA-00876,44,1
RCA-00877,47,1
RCA-00878,48,1
RCA-00879,44,1
RCA-00880,45,1
RCA-00881,46,1
RCA-00882,46,1
RCA-00883,46,1
RCA-00884,42,1
RCA-00885,56,1
RCA-00886,44,1
RCA-00887,48,1
RCA-00888,48,1
RCA-00889,45,1
RCA-00890,46,1
RCA-00891,47,1
RCA-00892,44,1
RCA-00893,46,1
RCA-00894,49,1
RCA-00895,47,1
RCA-00896,54,1
RCA-00897,43,1
RCA-00898,45,1
RCA-00899,47,1
RCA-00900,48,1
RCA-00901,46,1
RCA-00902,43,1
RCA-00903,45,1
RCA-00904,45,1
RCA-00905,55,1
RCA-00906,43,1
RCA-00907,45,1
RCA-00908,45,1
RCA-00909,43,1
RCA-00910,46,1
RCA-00911,46,1
RCA-00912,45,1
RCA-00913,45,1
RCA-00914,44,1
RCA-00915,46,1
RCA-00916,47,1
RCA-00917,46,1
RCA-00918,61,1
RCA-00919,43,1
RCA-00920,46,1
RCA-00921,47,1
RCA-00922,47,1
RCA-00923,44,1
RCA-00924,42,1
RCA-00925,45,1
RCA-00926,46,1
RCA-00927,46,1
RCA-00928,45,1
RCA-00929,45,1
RCA-00930,45,1
RCA-00931,44,1
RCA-00932,43,1
RCA-00933,43,1
RCA-00934,47,1
RCA-00935,43,1
RCA-00936,46,1
RCA-00937,43,1
RCA-00938,44,1
RCA-00939,45,1
RCA-00940,46,1
RCA-00941,46,1
RCA-00942,41,1
RCA-00943,43,1
RCA-00944,46,1
RCA-00945,46,1
RCA-00946,46,1
RCA-00947,46,1
RCA-00948,46,1
RCA-00949,42,1
RCA-00950,44,1
RCA-00951,44,1
RCA-00952,56,1
RCA-00953,46,1
RCA-00954,46,1
RCA-00955,44,1
RCA-00956,42,1
RCA-00957,45,1
RCA-00958,45,1
RCA-00959,46,1
RCA-00960,46,1
RCA-00961,43,1
RCA-00962,41,1
RCA-00963,45,1
RCA-00964,45,1
RCA-00965,44,1
RCA-00966,45,1
RCA-00967,45,1
RCA-00968,44,1
RCA-00969,46,1
RCA-00970,44,1
RCA-00971,42,1
RCA-00972,47,1
RCA-00973,46,1
RCA-00974,41,1
RCA-00975,45,1
RCA-00976,56,1
RCA-00977,46,1
RCA-00978,45,1
RCA-00979,45,1
RCA-00980,47,1
RCA-00981,48,1
RCA-00982,43,1
RCA-00983,47,1
RCA-00984,46,1
RCA-00985,44,1
RCA-00986,44,1
RCA-00987,42,1
RCA-00988,44,1
RCA-00989,45,1
RCA-00990,45,1
RCA-00991,46,1
RCA-00992,46,1
RCA-00993,43,1
RCA-00994,44,1
RCA-00995,46,1
RCA-00996,44,1
RCA-00997,48,1
RCA-00998,44,1
RCA-00999,44,1
RCA-01000,59,1
RCA-01001,46,1
RCA-01002,46,1
RCA-01003,43,1
RCA-01004,44,1
RCA-01005,44,1
RCA-01006,46,1
RCA-01007,45,1
RCA-01008,44,1
RCA-01009,49,1
RCA-01010,45,1
RCA-01011,44,1
RCA-01012,46,1
RCA-01013,45,1
RCA-01014,44,1
RCA-01015,45,1
RCA-01016,47,1
RCA-01017,46,1
RCA-01018,44,1
RCA-01019,45,1
RCA-01020,47,1
RCA-01021,46,1
RCA-01022,44,1
RCA-01023,41,1
RCA-01024,48,1
RCA-01025,45,1
RCA-01026,45,1
RCA-01027,44,1
RCA-01028,48,1
RCA-01029,46,1
RCA-01030,44,1
RCA-01031,44,1
RCA-01032,43,1
RCA-01033,42,1
RCA-01034,42,1
RCA-01035,44,1
RCA-01036,46,1
RCA-01037,46,1
RCA-01038,46,1
RCA-01039,45,1
RCA-01040,44,1
RCA-01041,48,1
RCA-01042,43,1
RCA-01043,41,1
RCA-01044,55,1
RCA-01045,41,1
RCA-01046,49,1
RCA-01047,45,1
RCA-01048,43,1
RCA-01049,46,1
RCA-01050,46,1
RCA-01051,43,1
RCA-01052,45,1
RCA-01053,48,1
RCA-01054,42,1
RCA-01055,45,1
RCA-01056,45,1
RCA-01057,46,1
RCA-01058,46,1
RCA-01059,42,1
RCA-01060,55,1
RCA-01061,41,1
RCA-01062,45,1
RCA-01063,45,1
RCA-01064,46,1
RCA-01065,57,1
RCA-01066,43,1
RCA-01067,48,1
RCA-01068,54,1
RCA-01069,45,1
RCA-01070,46,1
RCA-01071,49,1
RCA-01072,45,1
RCA-01073,45,1
RCA-01074,50,1
RCA-01075,45,1
RCA-01076,50,1
RCA-01077,43,1
RCA-01078,46,1
RCA-01079,45,1
RCA-01080,46,1
RCA-01081,45,1
RCA-01082,41,1
RCA-01083,46,1
RCA-01084,56,1
RCA-01085,46,1
RCA-01086,45,1
RCA-01087,42,1
RCA-01088,59,1
RCA-01089,47,1
RCA-01090,41,1
RCA-01091,44,1
RCA-01092,42,1
RCA-01093,45,1
RCA-01094,60,1
RCA-01095,45,1
RCA-01096,44,1
RCA-01097,45,1
RCA-01098,46,1
RCA-01099,46,1
RCA-01100,44,1
RCA-01101,46,1
RCA-01102,44,1
RCA-01103,46,1
RCA-01104,47,1
RCA-01105,44,1
RCA-01106,43,1
RCA-01107,43,1
RCA-01108,48,1
RCA-01109,45,1
RCA-01110,45,1
RCA-01111,55,1
RCA-01112,43,1
RCA-01113,45,1
RCA-01114,45,1
RCA-01115,41,1
RCA-01116,42,1
RCA-01117,46,1
RCA-01118,55,1
RCA-01119,47,1
RCA-01120,43,1
RCA-01121,44,1
RCA-01122,46,1
RCA-01123,42,1
RCA-01124,45,1
RCA-01125,46,1
RCA-01126,47,1
RCA-01127,49,1
RCA-01128,45,1
RCA-01129,45,1
RCA-01130,57,1
RCA-01131,45,1
RCA-01132,44,1
RCA-01133,43,1
RCA-01134,57,1
RCA-01135,45,1
RCA-01136,49,1
RCA-01137,44,1
RCA-01138,47,1
RCA-01139,42,1
RCA-01140,44,1
RCA-01141,43,1
RCA-01142,47,1
RCA-01143,46,1
RCA-01144,42,1
RCA-01145,41,1
RCA-01146,50,1
RCA-01147,55,1
RCA-01148,47,1
RCA-01149,56,1
RCA-01150,45,1
RCA-01151,42,1
RCA-01152,45,1
RCA-01153,57,1
RCA-01154,45,1
RCA-01155,48,1
RCA-01156,44,1
RCA-01157,55,1
RCA-01158,45,1
RCA-01159,44,1
RCA-01160,43,1
RCA-01161,42,1
RCA-01162,44,1
RCA-01163,49,1
RCA-01164,49,1
RCA-01165,42,1
RCA-01166,43,1
RCA-01167,44,1
RCA-01168,44,1
RCA-01169,46,1
RCA-01170,44,1
RCA-01171,45,1
RCA-01172,45,1
RCA-01173,44,1
RCA-01174,46,1
RCA-01175,46,1
RCA-01176,45,1
RCA-01177,46,1
RCA-01178,43,1
RCA-01179,44,1
RCA-01180,48,1
RCA-01181,42,1
RCA-01182,47,1
RCA-01183,46,1
RCA-01184,46,1
RCA-01185,44,1
RCA-01186,47,1
RCA-01187,41,1
RCA-01188,44,1
RCA-01189,43,1
RCA-01190,47,1
RCA-01191,50,1
RCA-01192,42,1
RCA-01193,45,1
RCA-01194,53,1
RCA-01195,56,1
RCA-01196,56,1
RCA-01197,46,1
RCA-01198,46,1
RCA-01199,44,1
RCA-01200,44,1
RCA-01201,47,1
RCA-01202,47,1
RCA-01203,49,1
RCA-01204,43,1
RCA-01205,49,1
RCA-01206,44,1
RCA-01207,46,1
RCA-01208,46,1
RCA-01209,41,1
RCA-01210,43,1
RCA-01211,48,1
RCA-01212,46,1
RCA-01213,43,1
RCA-01214,45,1
RCA-01215,46,1
RCA-01216,45,1
RCA-01217,54,1
RCA-01218,46,1
RCA-01219,46,1
RCA-01220,46,1
RCA-01221,44,1
RCA-01222,44,1
RCA-01223,45,1
RCA-01224,47,1
RCA-01225,46,1
RCA-01226,44,1
RCA-01227,44,1
RCA-01228,46,1
RCA-01229,43,1
RCA-01230,44,1
RCA-01231,45,1
RCA-01232,48,1
RCA-01233,43,1
RCA-01234,47,1
RCA-01235,44,1
RCA-01236,44,1
RCA-01237,44,1
RCA-01238,41,1
RCA-01239,45,1
RCA-01240,46,1
RCA-01241,42,1
RCA-01242,45,1
RCA-01243,47,1
RCA-01244,44,1
RCA-01245,44,1
RCA-01246,43,1
RCA-01247,46,1
RCA-01248,56,1
RCA-01249,45,1
RCA-01250,44,1
RCA-01251,47,1
RCA-01252,46,1
RCA-01253,46,1
RCA-01254,46,1
RCA-01255,46,1
RCA-01256,44,1
RCA-01257,44,1
RCA-01258,48,1
RCA-01259,45,1
RCA-01260,49,1
RCA-01261,47,1
RCA-01262,42,1
RCA-01263,53,1
RCA-01264,44,1
RCA-01265,46,1
RCA-01266,45,1
RCA-01267,45,1
RCA-01268,56,1
RCA-01269,56,1
RCA-01270,44,1
RCA-01271,45,1
RCA-01272,52,1
RCA-01273,45,1
RCA-01274,44,1
RCA-01275,45,1
RCA-01276,43,1
RCA-01277,45,1
RCA-01278,44,1
RCA-01279,43,1
RCA-01280,44,1
RCA-01281,46,1
RCA-01282,46,1
RCA-01283,42,1
RCA-01284,43,1
RCA-01285,46,1
RCA-01286,43,1
RCA-01287,59,1
RCA-01288,47,1
RCA-01289,48,1
RCA-01290,45,1
RCA-01291,55,1
RCA-01292,46,1
RCA-01293,56,1
RCA-01294,45,1
RCA-01295,43,1
RCA-01296,48,1
RCA-01297,49,1
RCA-01298,45,1
RCA-01299,41,1
RCA-01300,46,1
RCA-01301,44,1
RCA-01302,46,1
RCA-01303,42,1
RCA-01304,44,1
RCA-01305,47,1
RCA-01306,46,1
RCA-01307,61,1
RCA-01308,46,1
RCA-01309,44,1
RCA-01310,46,1
RCA-01311,46,1
RCA-01312,45,1
RCA-01313,45,1
RCA-01314,44,1
RCA-01315,50,1
RCA-01316,46,1
RCA-01317,46,1
RCA-01318,44,1
RCA-01319,42,1
RCA-01320,43,1
RCA-01321,56,1
RCA-01322,44,1
RCA-01323,49,1
RCA-01324,45,1
RCA-01325,41,1
RCA-01326,46,1
RCA-01327,47,1
RCA-01328,44,1
RCA-01329,44,1
RCA-01330,44,1
RCA-01331,49,1
RCA-01332,46,1
RCA-01333,48,1
RCA-01334,46,1
RCA-01335,45,1
RCA-01336,44,1
RCA-01337,54,1
RCA-01338,45,1
RCA-01339,43,1
RCA-01340,45,1
RCA-01341,44,1
RCA-01342,46,1
RCA-01343,46,1
RCA-01344,46,1
RCA-01345,49,1
RCA-01346,43,1
RCA-01347,45,1
RCA-01348,44,1
RCA-01349,46,1
RCA-01350,44,1
RCA-01351,46,1
RCA-01352,44,1
RCA-01353,48,1
RCA-01354,43,1
RCA-01355,45,1
RCA-01356,42,1
RCA-01357,47,1
RCA-01358,43,1
RCA-01359,46,1
RCA-01360,45,1
RCA-01361,45,1
RCA-01362,42,1
RCA-01363,46,1
RCA-01364,46,1
RCA-01365,41,1
RCA-01366,45,1
RCA-01367,46,1
RCA-01368,45,1
RCA-01369,47,1
RCA-01370,42,1
RCA-01371,44,1
RCA-01372,43,1
RCA-01373,43,1
RCA-01374,47,1
RCA-01375,45,1
RCA-01376,46,1
RCA-01377,45,1
RCA-01378,46,1
RCA-01379,44,1
RCA-01380,48,1
RCA-01381,46,1
RCA-01382,57,1
RCA-01383,45,1
RCA-01384,45,1
RCA-01385,47,1
RCA-01386,47,1
RCA-01387,57,1
RCA-01388,44,1
RCA-01389,45,1
RCA-01390,46,1
RCA-01391,47,1
RCA-01392,44,1
RCA-01393,48,1
RCA-01394,44,1
RCA-01395,48,1
RCA-01396,41,1
RCA-01397,46,1
RCA-01398,45,1
RCA-01399,45,1
RCA-01400,59,1
RCA-01401,44,1
RCA-01402,46,1
RCA-01403,43,1
RCA-01404,46,1
RCA-01405,48,1
RCA-01406,43,1
RCA-01407,59,1
RCA-01408,47,1
RCA-01409,42,1
RCA-01410,46,1
RCA-01411,56,1
RCA-01412,45,1
RCA-01413,45,1
RCA-01414,45,1
RCA-01415,46,1
RCA-01416,48,1
RCA-01417,58,1
RCA-01418,46,1
RCA-01419,46,1
RCA-01420,46,1
RCA-01421,43,1
RCA-01422,43,1
RCA-01423,43,1
RCA-01424,44,1
RCA-01425,48,1
RCA-01426,49,1
RCA-01427,46,1
RCA-01428,44,1
RCA-01429,46,1
RCA-01430,44,1
RCA-01431,45,1
RCA-01432,46,1
RCA-01433,45,1
RCA-01434,44,1
RCA-01435,41,1
RCA-01436,43,1
RCA-01437,43,1
RCA-01438,45,1
RCA-01439,44,1
RCA-01440,42,1
RCA-01441,55,1
RCA-01442,42,1
RCA-01443,44,1
RCA-01444,43,1
RCA-01445,46,1
RCA-01446,46,1
RCA-01447,45,1
RCA-01448,43,1
RCA-01449,46,1
RCA-01450,43,1
RCA-01451,47,1
RCA-01452,59,1
RCA-01453,45,1
RCA-01454,44,1
RCA-01455,63,1
RCA-01456,44,1
RCA-01457,47,1
RCA-01458,42,1
RCA-01459,59,1
RCA-01460,41,1
RCA-01461,43,1
RCA-01462,46,1
RCA-01463,46,1
RCA-01464,44,1
RCA-01465,44,1
RCA-01466,46,1
RCA-01467,44,1
RCA-01468,47,1
RCA-01469,45,1
RCA-01470,44,1
RCA-01471,60,1
RCA-01472,42,1
RCA-01473,46,1
RCA-01474,44,1
RCA-01475,46,1
RCA-01476,45,1
RCA-01477,45,1
RCA-01478,45,1
RCA-01479,48,1
RCA-01480,57,1
RCA-01481,46,1
RCA-01482,52,1
RCA-01483,45,1
RCA-01484,46,1
RCA-01485,41,1
RCA-01486,44,1
RCA-01487,43,1
RCA-01488,46,1
RCA-01489,52,1
RCA-01490,45,1
RCA-01491,45,1
RCA-01492,44,1
RCA-01493,46,1
RCA-01494,46,1
RCA-01495,46,1
RCA-01496,43,1
RCA-01497,44,1
RCA-01498,47,1
RCA-01499,46,1
RCA-01500,45,1
RCA-01501,60,1
RCA-01502,48,1
RCA-01503,45,1
RCA-01504,45,1
RCA-01505,45,1
RCA-01506,48,1
RCA-01507,43,1
RCA-01508,42,1
RCA-01509,42,1
RCA-01510,45,1
RCA-01511,47,1
RCA-01512,48,1
RCA-01513,45,1
RCA-01514,47,1
RCA-01515,48,1
RCA-01516,46,1
RCA-01517,48,1
RCA-01518,46,1
RCA-01519,47,1
RCA-01520,45,1
RCA-01521,45,1
RCA-01522,48,1
RCA-01523,43,1
RCA-01524,46,1
RCA-01525,58,1
RCA-01526,46,1
RCA-01527,45,1
RCA-01528,45,1
RCA-01529,46,1
RCA-01530,43,1
RCA-01531,46,1
RCA-01532,44,1
RCA-01533,47,1
RCA-01534,46,1
RCA-01535,44,1
RCA-01536,44,1
RCA-01537,45,1
RCA-01538,44,1
RCA-01539,42,1
RCA-01540,43,1
RCA-01541,47,1
RCA-01542,45,1
RCA-01543,45,1
RCA-01544,43,1
RCA-01545,47,1
RCA-01546,48,1
RCA-01547,46,1
RCA-01548,45,1
RCA-01549,45,1
RCA-01550,45,1
RCA-01551,45,1
RCA-01552,45,1
RCA-01553,45,1
RCA-01554,45,1
RCA-01555,47,1
RCA-01556,45,1
RCA-01557,55,1
RCA-01558,44,1
RCA-01559,46,1
RCA-01560,43,1
RCA-01561,45,1
RCA-01562,41,1
RCA-01563,58,1
RCA-01564,46,1
RCA-01565,44,1
RCA-01566,44,1
RCA-01567,46,1
RCA-01568,43,1
RCA-01569,42,1
RCA-01570,44,1
RCA-01571,45,1
RCA-01572,48,1
RCA-01573,45,1
RCA-01574,56,1
RCA-01575,45,1
RCA-01576,44,1
RCA-01577,45,1
RCA-01578,45,1
RCA-01579,48,1
RCA-01580,45,1
RCA-01581,57,1
RCA-01582,44,1
RCA-01583,42,1
RCA-01584,44,1
RCA-01585,44,1
RCA-01586,43,1
RCA-01587,50,1
RCA-01588,45,1
RCA-01589,46,1
RCA-01590,43,1
RCA-01591,42,1
RCA-01592,52,1
RCA-01593,45,1
RCA-01594,45,1
RCA-01595,55,1
RCA-01596,45,1
RCA-01597,46,1
RCA-01598,46,1
RCA-01599,41,1
RCA-01600,45,1
RCA-01601,53,1
RCA-01602,46,1
RCA-01603,63,1
RCA-01604,46,1
RCA-01605,45,1
RCA-01606,42,1
RCA-01607,43,1
RCA-01608,41,1
RCA-01609,47,1
RCA-01610,46,1
RCA-01611,46,1
RCA-01612,41,1
RCA-01613,46,1
RCA-01614,44,1
RCA-01615,45,1
RCA-01616,41,1
RCA-01617,45,1
RCA-01618,44,1
RCA-01619,47,1
RCA-01620,45,1
RCA-01621,42,1
RCA-01622,45,1
RCA-01623,47,1
RCA-01624,50,1
RCA-01625,42,1
RCA-01626,45,1
RCA-01627,44,1
RCA-01628,49,1
RCA-01629,49,1
RCA-01630,44,1
RCA-01631,46,1
RCA-01632,46,1
RCA-01633,46,1
RCA-01634,45,1
RCA-01635,41,1
RCA-01636,48,1
RCA-01637,56,1
RCA-01638,45,1
RCA-01639,44,1
RCA-01640,44,1
RCA-01641,45,1
RCA-01642,42,1
RCA-01643,45,1
RCA-01644,43,1
RCA-01645,43,1
RCA-01646,46,1
RCA-01647,44,1
RCA-01648,44,1
RCA-01649,47,1
RCA-01650,44,1
RCA-01651,45,1
RCA-01652,46,1
RCA-01653,49,1
RCA-01654,58,1
RCA-01655,46,1
RCA-01656,44,1
RCA-01657,56,1
RCA-01658,47,1
RCA-01659,45,1
RCA-01660,44,1
RCA-01661,45,1
RCA-01662,43,1
RCA-01663,46,1
RCA-01664,53,1
RCA-01665,48,1
RCA-01666,44,1
RCA-01667,44,1
RCA-01668,43,1
RCA-01669,44,1
RCA-01670,46,1
RCA-01671,43,1
RCA-01672,45,1
RCA-01673,41,1
RCA-01674,45,1
RCA-01675,44,1
RCA-01676,45,1
RCA-01677,45,1
RCA-01678,48,1
RCA-01679,42,1
RCA-01680,48,1
RCA-01681,43,1
RCA-01682,48,1
RCA-01683,56,1
RCA-01684,44,1
RCA-01685,57,1
RCA-01686,45,1
RCA-01687,43,1
RCA-01688,43,1
RCA-01689,45,1
RCA-01690,47,1
RCA-01691,45,1
RCA-01692,43,1
RCA-01693,46,1
RCA-01694,43,1
RCA-01695,48,1
RCA-01696,42,1
RCA-01697,41,1
RCA-01698,45,1
RCA-01699,45,1
RCA-01700,45,1
RCA-01701,45,1
RCA-01702,46,1
RCA-01703,43,1
RCA-01704,44,1
RCA-01705,41,1
RCA-01706,45,1
RCA-01707,55,1
RCA-01708,58,1
RCA-01709,44,1
RCA-01710,46,1
RCA-01711,45,1
RCA-01712,42,1
RCA-01713,45,1
RCA-01714,46,1
RCA-01715,49,1
RCA-01716,49,1
RCA-01717,46,1
RCA-01718,52,1
RCA-01719,44,1
RCA-01720,48,1
RCA-01721,45,1
RCA-01722,41,1
RCA-01723,44,1
RCA-01724,41,1
RCA-01725,45,1
RCA-01726,44,1
RCA-01727,45,1
RCA-01728,49,1
RCA-01729,43,1
RCA-01730,55,1
RCA-01731,43,1
RCA-01732,55,1
RCA-01733,43,1
RCA-01734,52,1
RCA-01735,47,1
RCA-01736,44,1
RCA-01737,47,1
RCA-01738,43,1
RCA-01739,45,1
RCA-01740,54,1
RCA-01741,45,1
RCA-01742,46,1
RCA-01743,46,1
RCA-01744,44,1
RCA-01745,55,1
RCA-01746,43,1
RCA-01747,45,1
RCA-01748,41,1
RCA-01749,57,1
RCA-01750,46,1
RCA-01751,41,1
RCA-01752,45,1
RCA-01753,45,1
RCA-01754,46,1
RCA-01755,43,1
RCA-01756,44,1
RCA-01757,46,1
RCA-01758,44,1
RCA-01759,43,1
RCA-01760,42,1
RCA-01761,44,1
RCA-01762,45,1
RCA-01763,45,1
RCA-01764,45,1
RCA-01765,56,1
RCA-01766,46,1
RCA-01767,41,1
RCA-01768,43,1
RCA-01769,44,1
RCA-01770,43,1
RCA-01771,56,1
RCA-01772,43,1
RCA-01773,45,1
RCA-01774,45,1
RCA-01775,44,1
RCA-01776,46,1
RCA-01777,46,1
RCA-01778,46,1
RCA-01779,45,1
RCA-01780,43,1
RCA-01781,46,1
RCA-01782,46,1
RCA-01783,49,1
RCA-01784,46,1
RCA-01785,44,1
RCA-01786,46,1
RCA-01787,42,1
RCA-01788,44,1
RCA-01789,44,1
RCA-01790,47,1
RCA-01791,45,1
RCA-01792,43,1
RCA-01793,45,1
RCA-01794,45,1
RCA-01795,46,1
RCA-01796,45,1
RCA-01797,55,1
RCA-01798,41,1
RCA-01799,44,1
RCA-01800,46,1
RCA-01801,45,1
RCA-01802,45,1
RCA-01803,52,1
RCA-01804,48,1
RCA-01805,46,1
RCA-01806,42,1
RCA-01807,46,1
RCA-01808,45,1
RCA-01809,41,1
RCA-01810,46,1
RCA-01811,45,1
RCA-01812,46,1
RCA-01813,49,1
RCA-01814,47,1
RCA-01815,44,1
RCA-01816,54,1
RCA-01817,47,1
RCA-01818,58,1
RCA-01819,46,1
RCA-01820,45,1
RCA-01821,46,1
RCA-01822,46,1
RCA-01823,46,1
RCA-01824,47,1
RCA-01825,43,1
RCA-01826,50,1
RCA-01827,43,1
RCA-01828,43,1
RCA-01829,43,1
RCA-01830,59,1
RCA-01831,43,1
RCA-01832,47,1
RCA-01833,55,1
RCA-01834,46,1
RCA-01835,48,1
RCA-01836,45,1
RCA-01837,44,1
RCA-01838,43,1
RCA-01839,46,1
RCA-01840,46,1
RCA-01841,44,1
RCA-01842,48,1
RCA-01843,46,1
RCA-01844,44,1
RCA-01845,44,1
RCA-01846,45,1
RCA-01847,43,1
RCA-01848,46,1
RCA-01849,45,1
RCA-01850,43,1
RCA-01851,47,1
RCA-01852,44,1
RCA-01853,44,1
RCA-01854,45,1
RCA-01855,43,1
RCA-01856,55,1
RCA-01857,43,1
RCA-01858,45,1
RCA-01859,41,1
RCA-01860,45,1
RCA-01861,42,1
RCA-01862,43,1
RCA-01863,45,1
RCA-01864,42,1
RCA-01865,45,1
RCA-01866,47,1
RCA-01867,46,1
RCA-01868,46,1
RCA-01869,46,1
RCA-01870,42,1
RCA-01871,41,1
RCA-01872,44,1
RCA-01873,46,1
RCA-01874,45,1
RCA-01875,42,1
RCA-01876,42,1
RCA-01877,44,1
RCA-01878,44,1
RCA-01879,46,1
RCA-01880,47,1
RCA-01881,55,1
RCA-01882,46,1
RCA-01883,45,1
RCA-01884,43,1
RCA-01885,43,1
RCA-01886,46,1
RCA-01887,49,1
RCA-01888,42,1
RCA-01889,46,1
RCA-01890,56,1
RCA-01891,48,1
RCA-01892,45,1
RCA-01893,50,1
RCA-01894,46,1
RCA-01895,50,1
RCA-01896,48,1
RCA-01897,44,1
RCA-01898,44,1
RCA-01899,45,1
RCA-01900,42,1
RCA-01901,46,1
RCA-01902,55,1
RCA-01903,44,1
RCA-01904,46,1
RCA-01905,55,1
RCA-01906,44,1
RCA-01907,41,1
RCA-01908,47,1
RCA-01909,44,1
RCA-01910,45,1
RCA-01911,43,1
RCA-01912,55,1
RCA-01913,45,1
RCA-01914,46,1
RCA-01915,43,1
RCA-01916,45,1
RCA-01917,43,1
RCA-01918,48,1
RCA-01919,43,1
RCA-01920,45,1
RCA-01921,44,1
RCA-01922,45,1
RCA-01923,44,1
RCA-01924,44,1
RCA-01925,46,1
RCA-01926,44,1
RCA-01927,45,1
RCA-01928,49,1
RCA-01929,45,1
RCA-01930,55,1
RCA-01931,45,1
RCA-01932,46,1
RCA-01933,43,1
RCA-01934,45,1
RCA-01935,44,1
RCA-01936,43,1
RCA-01937,47,1
RCA-01938,56,1
RCA-01939,46,1
RCA-01940,45,1
RCA-01941,47,1
RCA-01942,46,1
RCA-01943,44,1
RCA-01944,47,1
RCA-01945,48,1
RCA-01946,48,1
RCA-01947,46,1
RCA-01948,45,1
RCA-01949,44,1
RCA-01950,44,1
RCA-01951,44,1
RCA-01952,42,1
RCA-01953,44,1
RCA-01954,45,1
RCA-01955,58,1
RCA-01956,48,1
RCA-01957,47,1
RCA-01958,47,1
RCA-01959,44,1
RCA-01960,41,1
RCA-01961,46,1
RCA-01962,41,1
RCA-01963,47,1
RCA-01964,46,1
RCA-01965,45,1
RCA-01966,47,1
RCA-01967,43,1
RCA-01968,43,1
RCA-01969,52,1
RCA-01970,41,1
RCA-01971,45,1
RCA-01972,45,1
RCA-01973,46,1
RCA-01974,46,1
RCA-01975,53,1
RCA-01976,45,1
RCA-01977,49,1
RCA-01978,44,1
RCA-01979,46,1
RCA-01980,52,1
RCA-01981,44,1
RCA-01982,44,1
RCA-01983,44,1
RCA-01984,42,1
RCA-01985,44,1
RCA-01986,57,1
RCA-01987,46,1
RCA-01988,48,1
RCA-01989,45,1
RCA-01990,43,1
RCA-01991,43,1
RCA-01992,45,1
RCA-01993,47,1
RCA-01994,45,1
RCA-01995,42,1
RCA-01996,46,1
RCA-01997,44,1
RCA-01998,45,1
RCA-01999,48,1
RCA-02000,44,1
RCA-02001,45,1
RCA-02002,45,1
RCA-02003,46,1
RCA-02004,49,1
RCA-02005,43,1
RCA-02006,58,1
RCA-02007,46,1
RCA-02008,47,1
RCA-02009,45,1
RCA-02010,45,1
RCA-02011,42,1
RCA-02012,46,1
RCA-02013,46,1
RCA-02014,44,1
RCA-02015,46,1
RCA-02016,42,1
RCA-02017,44,1
RCA-02018,45,1
RCA-02019,43,1
RCA-02020,43,1
RCA-02021,54,1
RCA-02022,48,1
RCA-02023,46,1
RCA-02024,42,1
RCA-02025,45,1
RCA-02026,45,1
RCA-02027,41,1
RCA-02028,44,1
RCA-02029,43,1
RCA-02030,56,1
RCA-02031,49,1
RCA-02032,45,1
RCA-02033,42,1
RCA-02034,45,1
RCA-02035,46,1
RCA-02036,45,1
RCA-02037,46,1
RCA-02038,43,1
RCA-02039,45,1
RCA-02040,51,1
RCA-02041,46,1
RCA-02042,46,1
RCA-02043,43,1
RCA-02044,46,1
RCA-02045,42,1
RCA-02046,46,1
RCA-02047,46,1
RCA-02048,45,1
RCA-02049,46,1
RCA-02050,45,1
RCA-02051,45,1
RCA-02052,47,1
RCA-02053,45,1
RCA-02054,45,1
RCA-02055,46,1
RCA-02056,44,1
RCA-02057,45,1
RCA-02058,41,1
RCA-02059,42,1
RCA-02060,46,1
RCA-02061,46,1
RCA-02062,48,1
RCA-02063,42,1
RCA-02064,59,1
RCA-02065,45,1
RCA-02066,44,1
RCA-02067,45,1
RCA-02068,46,1
RCA-02069,44,1
RCA-02070,42,1
RCA-02071,45,1
RCA-02072,45,1
RCA-02073,45,1
RCA-02074,46,1
RCA-02075,57,1
RCA-02076,47,1
RCA-02077,55,1
RCA-02078,43,1
RCA-02079,43,1
RCA-02080,46,1
RCA-02081,42,1
RCA-02082,42,1
RCA-02083,43,1
RCA-02084,46,1
RCA-02085,46,1
RCA-02086,45,1
RCA-02087,50,1
RCA-02088,43,1
RCA-02089,46,1
RCA-02090,43,1
RCA-02091,46,1
RCA-02092,46,1
RCA-02093,46,1
RCA-02094,44,1
RCA-02095,48,1
RCA-02096,47,1
RCA-02097,56,1
RCA-02098,45,1
RCA-02099,45,1
RCA-02100,43,1
RCA-02101,45,1
RCA-02102,43,1
RCA-02103,44,1
RCA-02104,42,1
RCA-02105,45,1
RCA-02106,46,1
RCA-02107,46,1
RCA-02108,45,1
RCA-02109,45,1
RCA-02110,46,1
RCA-02111,46,1
RCA-02112,46,1
RCA-02113,45,1
RCA-02114,42,1
RCA-02115,44,1
RCA-02116,45,1
RCA-02117,46,1
RCA-02118,44,1
RCA-02119,46,1
RCA-02120,46,1
RCA-02121,43,1
RCA-02122,44,1
RCA-02123,45,1
RCA-02124,44,1
RCA-02125,58,1
RCA-02126,45,1
RCA-02127,43,1
RCA-02128,45,1
RCA-02129,56,1
RCA-02130,42,1
RCA-02131,48,1
RCA-02132,42,1
RCA-02133,43,1
RCA-02134,46,1
RCA-02135,47,1
RCA-02136,46,1
RCA-02137,47,1
RCA-02138,43,1
RCA-02139,45,1
RCA-02140,48,1
RCA-02141,43,1
RCA-02142,47,1
RCA-02143,44,1
RCA-02144,44,1
RCA-02145,43,1
RCA-02146,46,1
RCA-02147,45,1
RCA-02148,46,1
RCA-02149,42,1
RCA-02150,44,1
RCA-02151,45,1
RCA-02152,45,1
RCA-02153,41,1
RCA-02154,46,1
RCA-02155,44,1
RCA-02156,42,1
RCA-02157,43,1
RCA-02158,44,1
RCA-02159,56,1
RCA-02160,45,1
RCA-02161,55,1
RCA-02162,45,1
RCA-02163,47,1
RCA-02164,44,1
RCA-02165,49,1
RCA-02166,45,1
RCA-02167,45,1
RCA-02168,47,1
RCA-02169,45,1
RCA-02170,42,1
RCA-02171,45,1
RCA-02172,58,1
RCA-02173,45,1
RCA-02174,58,1
RCA-02175,45,1
RCA-02176,46,1
RCA-02177,43,1
RCA-02178,46,1
RCA-02179,44,1
RCA-02180,44,1
RCA-02181,44,1
RCA-02182,46,1
RCA-02183,57,1
RCA-02184,43,1
RCA-02185,45,1
RCA-02186,44,1
RCA-02187,43,1
RCA-02188,49,1
RCA-02189,41,1
RCA-02190,44,1
RCA-02191,45,1
RCA-02192,44,1
RCA-02193,45,1
RCA-02194,45,1
RCA-02195,45,1
RCA-02196,47,1
RCA-02197,43,1
RCA-02198,47,1
RCA-02199,49,1
RCA-02200,48,1
RCA-02201,43,1
RCA-02202,45,1
RCA-02203,46,1
RCA-02204,45,1
RCA-02205,46,1
RCA-02206,42,1
RCA-02207,43,1
RCA-02208,45,1
RCA-02209,45,1
RCA-02210,45,1
RCA-02211,48,1
RCA-02212,44,1
RCA-02213,43,1
RCA-02214,46,1
RCA-02215,45,1
RCA-02216,43,1
RCA-02217,46,1
RCA-02218,44,1
RCA-02219,46,1
RCA-02220,43,1
RCA-02221,44,1
RCA-02222,43,1
RCA-02223,48,1
RCA-02224,45,1
RCA-02225,45,1
RCA-02226,44,1
RCA-02227,46,1
RCA-02228,47,1
RCA-02229,46,1
RCA-02230,45,1
RCA-02231,47,1
RCA-02232,46,1
RCA-02233,61,1
RCA-02234,45,1
RCA-02235,46,1
RCA-02236,44,1
RCA-02237,45,1
RCA-02238,42,1
RCA-02239,45,1
RCA-02240,55,1
RCA-02241,42,1
RCA-02242,46,1
RCA-02243,45,1
RCA-02244,45,1
RCA-02245,42,1
RCA-02246,43,1
RCA-02247,44,1
RCA-02248,44,1
RCA-02249,48,1
RCA-02250,45,1
RCA-02251,45,1
RCA-02252,44,1
RCA-02253,47,1
RCA-02254,44,1
RCA-02255,46,1
RCA-02256,45,1
RCA-02257,43,1
RCA-02258,45,1
RCA-02259,44,1
RCA-02260,46,1
RCA-02261,47,1
RCA-02262,48,1
RCA-02263,44,1
RCA-02264,49,1
RCA-02265,45,1
RCA-02266,45,1
RCA-02267,44,1
RCA-02268,42,1
RCA-02269,45,1
RCA-02270,44,1
RCA-02271,44,1
RCA-02272,47,1
RCA-02273,47,1
RCA-02274,45,1
RCA-02275,44,1
RCA-02276,49,1
RCA-02277,42,1
RCA-02278,42,1
RCA-02279,46,1
RCA-02280,47,1
RCA-02281,52,1
RCA-02282,45,1
RCA-02283,43,1
RCA-02284,42,1
RCA-02285,47,1
RCA-02286,42,1
RCA-02287,55,1
RCA-02288,44,1
RCA-02289,43,1
RCA-02290,43,1
RCA-02291,43,1
RCA-02292,41,1
RCA-02293,50,1
RCA-02294,45,1
RCA-02295,43,1
RCA-02296,42,1
RCA-02297,45,1
RCA-02298,47,1
RCA-02299,46,1
RCA-02300,45,1
RCA-02301,57,1
RCA-02302,44,1
RCA-02303,44,1
RCA-02304,49,1
RCA-02305,49,1
RCA-02306,46,1
RCA-02307,42,1
RCA-02308,47,1
RCA-02309,46,1
RCA-02310,48,1
RCA-02311,42,1
RCA-02312,44,1
RCA-02313,47,1
RCA-02314,44,1
RCA-02315,42,1
RCA-02316,44,1
RCA-02317,46,1
RCA-02318,44,1
RCA-02319,41,1
RCA-02320,45,1
RCA-02321,52,1
RCA-02322,45,1
RCA-02323,45,1
RCA-02324,44,1
RCA-02325,45,1
RCA-02326,43,1
RCA-02327,42,1
RCA-02328,47,1
RCA-02329,44,1
RCA-02330,47,1
RCA-02331,41,1
RCA-02332,46,1
RCA-02333,41,1
RCA-02334,43,1
RCA-02335,44,1
RCA-02336,44,1
RCA-02337,46,1
RCA-02338,44,1
RCA-02339,50,1
RCA-02340,45,1
RCA-02341,46,1
RCA-02342,56,1
RCA-02343,52,1
RCA-02344,45,1
RCA-02345,46,1
RCA-02346,46,1
RCA-02347,44,1
RCA-02348,47,1
RCA-02349,46,1
RCA-02350,44,1
RCA-02351,48,1
RCA-02352,45,1
RCA-02353,47,1
RCA-02354,41,1
RCA-02355,45,1
RCA-02356,58,1
RCA-02357,46,1
RCA-02358,46,1
RCA-02359,44,1
RCA-02360,45,1
RCA-02361,44,1
RCA-02362,45,1
RCA-02363,42,1
RCA-02364,41,1
RCA-02365,47,1
RCA-02366,46,1
RCA-02367,46,1
RCA-02368,46,1
RCA-02369,56,1
RCA-02370,45,1
RCA-02371,47,1
RCA-02372,44,1
RCA-02373,49,1
RCA-02374,44,1
RCA-02375,45,1
RCA-02376,52,1
RCA-02377,42,1
RCA-02378,49,1
RCA-02379,44,1
RCA-02380,45,1
RCA-02381,41,1
RCA-02382,43,1
RCA-02383,42,1
RCA-02384,46,1
RCA-02385,43,1
RCA-02386,45,1
RCA-02387,46,1
RCA-02388,45,1
RCA-02389,45,1
RCA-02390,44,1
RCA-02391,45,1
RCA-02392,45,1
RCA-02393,45,1
RCA-02394,42,1
RCA-02395,45,1
RCA-02396,45,1
RCA-02397,44,1
RCA-02398,48,1
RCA-02399,47,1
RCA-02400,44,1
RCA-02401,48,1
RCA-02402,44,1
RCA-02403,44,1
RCA-02404,47,1
RCA-02405,45,1
RCA-02406,47,1
RCA-02407,56,1
RCA-02408,45,1
RCA-02409,45,1
RCA-02410,46,1
RCA-02411,43,1
RCA-02412,63,1
RCA-02413,44,1
RCA-02414,48,1
RCA-02415,42,1
RCA-02416,45,1
RCA-02417,45,1
RCA-02418,42,1
RCA-02419,45,1
RCA-02420,43,1
RCA-02421,47,1
RCA-02422,50,1
RCA-02423,41,1
RCA-02424,46,1
RCA-02425,41,1
RCA-02426,46,1
RCA-02427,44,1
RCA-02428,48,1
RCA-02429,43,1
RCA-02430,43,1
RCA-02431,45,1
RCA-02432,45,1
RCA-02433,45,1
RCA-02434,42,1
RCA-02435,46,1
RCA-02436,42,1
RCA-02437,45,1
RCA-02438,43,1
RCA-02439,43,1
RCA-02440,56,1
RCA-02441,46,1
RCA-02442,45,1
RCA-02443,45,1
RCA-02444,45,1
RCA-02445,44,1
RCA-02446,48,1
RCA-02447,47,1
RCA-02448,51,1
RCA-02449,42,1
RCA-02450,45,1
RCA-02451,45,1
RCA-02452,50,1
RCA-02453,42,1
RCA-02454,46,1
RCA-02455,45,1
RCA-02456,45,1
RCA-02457,46,1
RCA-02458,45,1
RCA-02459,44,1
RCA-02460,44,1
RCA-02461,45,1
RCA-02462,41,1
RCA-02463,44,1
RCA-02464,44,1
RCA-02465,45,1
RCA-02466,46,1
RCA-02467,46,1
RCA-02468,46,1
RCA-02469,44,1
RCA-02470,46,1
RCA-02471,44,1
RCA-02472,45,1
RCA-02473,44,1
RCA-02474,54,1
RCA-02475,44,1
RCA-02476,45,1
RCA-02477,49,1
RCA-02478,42,1
RCA-02479,44,1
RCA-02480,43,1
RCA-02481,50,1
RCA-02482,45,1
RCA-02483,48,1
RCA-02484,56,1
RCA-02485,48,1
RCA-02486,42,1
RCA-02487,45,1
RCA-02488,45,1
RCA-02489,48,1
RCA-02490,45,1
RCA-02491,46,1
RCA-02492,43,1
RCA-02493,44,1
RCA-02494,44,1
RCA-02495,46,1
RCA-02496,42,1
RCA-02497,49,1
RCA-02498,46,1
RCA-02499,45,1
RCA-02500,46,1
RCA-02501,42,1
RCA-02502,45,1
RCA-02503,47,1
RCA-02504,45,1
RCA-02505,44,1
RCA-02506,45,1
RCA-02507,45,1
RCA-02508,43,1
RCA-02509,47,1
RCA-02510,44,1
RCA-02511,44,1
RCA-02512,57,1
RCA-02513,44,1
RCA-02514,44,1
RCA-02515,41,1
RCA-02516,45,1
RCA-02517,44,1
RCA-02518,45,1
RCA-02519,44,1
RCA-02520,45,1
RCA-02521,46,1
RCA-02522,46,1
RCA-02523,44,1
RCA-02524,56,1
RCA-02525,49,1
RCA-02526,45,1
RCA-02527,43,1
RCA-02528,55,1
RCA-02529,45,1
RCA-02530,55,1
RCA-02531,55,1
RCA-02532,46,1
RCA-02533,48,1
RCA-02534,47,1
RCA-02535,46,1
RCA-02536,48,1
RCA-02537,44,1
RCA-02538,47,1
RCA-02539,45,1
RCA-02540,45,1
RCA-02541,45,1
RCA-02542,41,1
RCA-02543,45,1
RCA-02544,43,1
RCA-02545,47,1
RCA-02546,56,1
RCA-02547,47,1
RCA-02548,46,1
RCA-02549,43,1
RCA-02550,45,1
RCA-02551,47,1
RCA-02552,47,1
RCA-02553,44,1
RCA-02554,43,1
RCA-02555,45,1
RCA-02556,46,1
RCA-02557,48,1
RCA-02558,44,1
RCA-02559,49,1
RCA-02560,46,1
RCA-02561,45,1
RCA-02562,44,1
RCA-02563,45,1
RCA-02564,44,1
RCA-02565,42,1
RCA-02566,47,1
RCA-02567,45,1
RCA-02568,44,1
RCA-02569,45,1
RCA-02570,44,1
RCA-02571,46,1
RCA-02572,45,1
RCA-02573,43,1
RCA-02574,46,1
RCA-02575,41,1
RCA-02576,44,1
RCA-02577,45,1
RCA-02578,48,1
RCA-02579,44,1
RCA-02580,48,1
RCA-02581,45,1
RCA-02582,45,1
RCA-02583,48,1
RCA-02584,47,1
RCA-02585,46,1
RCA-02586,44,1
RCA-02587,43,1
RCA-02588,45,1
RCA-02589,47,1
RCA-02590,46,1
RCA-02591,45,1
RCA-02592,46,1
RCA-02593,47,1
RCA-02594,44,1
RCA-02595,41,1
RCA-02596,46,1
RCA-02597,42,1
RCA-02598,44,1
RCA-02599,44,1
RCA-02600,41,1
RCA-02601,47,1
RCA-02602,44,1
RCA-02603,44,1
RCA-02604,45,1
RCA-02605,46,1
RCA-02606,46,1
RCA-02607,46,1
RCA-02608,44,1
RCA-02609,57,1
RCA-02610,45,1
RCA-02611,44,1
RCA-02612,47,1
RCA-02613,45,1
RCA-02614,46,1
RCA-02615,45,1
RCA-02616,55,1
RCA-02617,53,1
RCA-02618,48,1
RCA-02619,44,1
RCA-02620,43,1
RCA-02621,46,1
RCA-02622,46,1
RCA-02623,43,1
RCA-02624,44,1
RCA-02625,45,1
RCA-02626,42,1
RCA-02627,56,1
RCA-02628,45,1
RCA-02629,46,1
RCA-02630,45,1
RCA-02631,50,1
RCA-02632,46,1
RCA-02633,46,1
RCA-02634,43,1
RCA-02635,44,1
RCA-02636,47,1
RCA-02637,55,1
RCA-02638,43,1
RCA-02639,44,1
RCA-02640,44,1
RCA-02641,43,1
RCA-02642,50,1
RCA-02643,45,1
RCA-02644,45,1
RCA-02645,45,1
RCA-02646,47,1
RCA-02647,45,1
RCA-02648,42,1
RCA-02649,45,1
RCA-02650,44,1
RCA-02651,41,1
RCA-02652,45,1
RCA-02653,45,1
RCA-02654,46,1
RCA-02655,44,1
RCA-02656,45,1
RCA-02657,43,1
RCA-02658,45,1
RCA-02659,57,1
RCA-02660,58,1
RCA-02661,44,1
RCA-02662,42,1
RCA-02663,43,1
RCA-02664,47,1
RCA-02665,45,1
RCA-02666,45,1
RCA-02667,43,1
RCA-02668,46,1
RCA-02669,45,1
RCA-02670,42,1
RCA-02671,46,1
RCA-02672,42,1
RCA-02673,45,1
RCA-02674,46,1
RCA-02675,43,1
RCA-02676,41,1
RCA-02677,46,1
RCA-02678,47,1
RCA-02679,45,1
RCA-02680,45,1
RCA-02681,46,1
RCA-02682,44,1
RCA-02683,45,1
RCA-02684,45,1
RCA-02685,49,1
RCA-02686,43,1
RCA-02687,44,1
RCA-02688,46,1
RCA-02689,46,1
RCA-02690,44,1
RCA-02691,45,1
RCA-02692,43,1
RCA-02693,48,1
RCA-02694,44,1
RCA-02695,42,1
RCA-02696,44,1
RCA-02697,57,1
RCA-02698,45,1
RCA-02699,45,1
RCA-02700,42,1
RCA-02701,43,1
RCA-02702,44,1
RCA-02703,44,1
RCA-02704,42,1
RCA-02705,45,1
RCA-02706,44,1
RCA-02707,44,1
RCA-02708,54,1
RCA-02709,45,1
RCA-02710,44,1
RCA-02711,42,1
RCA-02712,43,1
RCA-02713,41,1
RCA-02714,46,1
RCA-02715,45,1
RCA-02716,46,1
RCA-02717,55,1
RCA-02718,48,1
RCA-02719,45,1
RCA-02720,46,1
RCA-02721,56,1
RCA-02722,56,1
RCA-02723,44,1
RCA-02724,49,1
RCA-02725,46,1
RCA-02726,55,1
RCA-02727,41,1
RCA-02728,46,1
RCA-02729,42,1
RCA-02730,48,1
RCA-02731,44,1
RCA-02732,46,1
RCA-02733,45,1
RCA-02734,47,1
RCA-02735,47,1
RCA-02736,44,1
RCA-02737,47,1
RCA-02738,44,1
RCA-02739,47,1
RCA-02740,46,1
RCA-02741,45,1
RCA-02742,41,1
RCA-02743,46,1
RCA-02744,45,1
RCA-02745,49,1
RCA-02746,45,1
RCA-02747,45,1
RCA-02748,47,1
RCA-02749,43,1
RCA-02750,46,1
RCA-02751,47,1
RCA-02752,45,1
RCA-02753,45,1
RCA-02754,43,1
RCA-02755,45,1
RCA-02756,45,1
RCA-02757,43,1
RCA-02758,56,1
RCA-02759,43,1
RCA-02760,46,1
RCA-02761,56,1
RCA-02762,45,1
RCA-02763,45,1
RCA-02764,45,1
RCA-02765,45,1
RCA-02766,41,1
RCA-02767,46,1
RCA-02768,46,1
RCA-02769,42,1
RCA-02770,46,1
RCA-02771,42,1
RCA-02772,47,1
RCA-02773,45,1
RCA-02774,45,1
RCA-02775,46,1
RCA-02776,45,1
RCA-02777,44,1
RCA-02778,49,1
RCA-02779,44,1
RCA-02780,46,1
RCA-02781,43,1
RCA-02782,42,1
RCA-02783,47,1
RCA-02784,43,1
RCA-02785,43,1
RCA-02786,44,1
RCA-02787,58,1
RCA-02788,45,1
RCA-02789,44,1
RCA-02790,57,1
RCA-02791,44,1
RCA-02792,55,1
RCA-02793,44,1
RCA-02794,46,1
RCA-02795,43,1
RCA-02796,46,1
RCA-02797,45,1
RCA-02798,49,1
RCA-02799,45,1
RCA-02800,42,1
RCA-02801,47,1
RCA-02802,44,1
RCA-02803,43,1
RCA-02804,44,1
RCA-02805,47,1
RCA-02806,42,1
RCA-02807,44,1
RCA-02808,45,1
RCA-02809,44,1
RCA-02810,57,1
RCA-02811,45,1
RCA-02812,44,1
RCA-02813,45,1
RCA-02814,42,1
RCA-02815,43,1
RCA-02816,45,1
RCA-02817,42,1
RCA-02818,45,1
RCA-02819,45,1
RCA-02820,47,1
RCA-02821,47,1
RCA-02822,47,1
RCA-02823,47,1
RCA-02824,42,1
RCA-02825,47,1
RCA-02826,45,1
RCA-02827,48,1
RCA-02828,44,1
RCA-02829,53,1
RCA-02830,63,1
RCA-02831,48,1
RCA-02832,44,1
RCA-02833,46,1
RCA-02834,44,1
RCA-02835,45,1
RCA-02836,46,1
RCA-02837,45,1
RCA-02838,46,1
RCA-02839,45,1
RCA-02840,60,1
RCA-02841,42,1
RCA-02842,46,1
RCA-02843,42,1
RCA-02844,47,1
RCA-02845,47,1
RCA-02846,43,1
RCA-02847,47,1
RCA-02848,43,1
RCA-02849,44,1
RCA-02850,42,1
RCA-02851,44,1
RCA-02852,45,1
RCA-02853,48,1
RCA-02854,43,1
RCA-02855,44,1
RCA-02856,43,1
RCA-02857,46,1
RCA-02858,45,1
RCA-02859,44,1
RCA-02860,45,1
RCA-02861,45,1
RCA-02862,42,1
RCA-02863,44,1
RCA-02864,56,1
RCA-02865,45,1
RCA-02866,45,1
RCA-02867,49,1
RCA-02868,46,1
RCA-02869,46,1
RCA-02870,45,1
RCA-02871,44,1
RCA-02872,45,1
RCA-02873,45,1
RCA-02874,44,1
RCA-02875,46,1
RCA-02876,52,1
RCA-02877,45,1
RCA-02878,45,1
RCA-02879,47,1
RCA-02880,45,1
RCA-02881,46,1
RCA-02882,44,1
RCA-02883,43,1
RCA-02884,43,1
RCA-02885,45,1
RCA-02886,46,1
RCA-02887,45,1
RCA-02888,44,1
RCA-02889,42,1
RCA-02890,45,1
RCA-02891,46,1
RCA-02892,56,1
RCA-02893,52,1
RCA-02894,43,1
RCA-02895,49,1
RCA-02896,50,1
RCA-02897,55,1
RCA-02898,44,1
RCA-02899,45,1
RCA-02900,46,1
RCA-02901,45,1
RCA-02902,46,1
RCA-02903,46,1
RCA-02904,45,1
RCA-02905,44,1
RCA-02906,45,1
RCA-02907,43,1
RCA-02908,47,1
RCA-02909,46,1
RCA-02910,46,1
RCA-02911,45,1
RCA-02912,44,1
RCA-02913,45,1
RCA-02914,44,1
RCA-02915,41,1
RCA-02916,47,1
RCA-02917,44,1
RCA-02918,49,1
RCA-02919,41,1
RCA-02920,46,1
RCA-02921,46,1
RCA-02922,44,1
RCA-02923,45,1
RCA-02924,42,1
RCA-02925,43,1
RCA-02926,41,1
RCA-02927,46,1
RCA-02928,46,1
RCA-02929,46,1
RCA-02930,45,1
RCA-02931,43,1
RCA-02932,45,1
RCA-02933,49,1
RCA-02934,46,1
RCA-02935,49,1
RCA-02936,43,1
RCA-02937,46,1
RCA-02938,45,1
RCA-02939,46,1
RCA-02940,44,1
RCA-02941,45,1
RCA-02942,46,1
RCA-02943,44,1
RCA-02944,44,1
RCA-02945,45,1
RCA-02946,45,1
RCA-02947,46,1
RCA-02948,42,1
RCA-02949,45,1
RCA-02950,56,1
RCA-02951,42,1
RCA-02952,44,1
RCA-02953,44,1
RCA-02954,46,1
RCA-02955,59,1
RCA-02956,59,1
RCA-02957,43,1
RCA-02958,43,1
RCA-02959,42,1
RCA-02960,62,1
RCA-02961,41,1
RCA-02962,45,1
RCA-02963,45,1
RCA-02964,41,1
RCA-02965,45,1
RCA-02966,43,1
RCA-02967,42,1
RCA-02968,42,1
RCA-02969,47,1
RCA-02970,45,1
RCA-02971,44,1
RCA-02972,44,1
RCA-02973,46,1
RCA-02974,43,1
RCA-02975,44,1
RCA-02976,47,1
RCA-02977,46,1
RCA-02978,54,1
RCA-02979,45,1
RCA-02980,46,1
RCA-02981,46,1
RCA-02982,44,1
RCA-02983,45,1
RCA-02984,45,1
RCA-02985,46,1
RCA-02986,47,1
RCA-02987,42,1
RCA-02988,46,1
RCA-02989,45,1
RCA-02990,46,1
RCA-02991,44,1
RCA-02992,44,1
RCA-02993,47,1
RCA-02994,45,1
RCA-02995,42,1
RCA-02996,45,1
RCA-02997,46,1
RCA-02998,44,1
RCA-02999,55,1
RCA-03000,45,1
RCA-03001,45,1
RCA-03002,45,1
RCA-03003,45,1
RCA-03004,45,1
RCA-03005,43,1
RCA-03006,41,1
RCA-03007,45,1
RCA-03008,44,1
RCA-03009,46,1
RCA-03010,47,1
RCA-03011,46,1
RCA-03012,47,1
RCA-03013,44,1
RCA-03014,58,1
RCA-03015,42,1
RCA-03016,41,1
RCA-03017,47,1
RCA-03018,42,1
RCA-03019,41,1
RCA-03020,45,1
RCA-03021,46,1
RCA-03022,44,1
RCA-03023,46,1
RCA-03024,46,1
RCA-03025,42,1
RCA-03026,45,1
RCA-03027,41,1
RCA-03028,45,1
RCA-03029,43,1
RCA-03030,58,1
RCA-03031,46,1
RCA-03032,42,1
RCA-03033,46,1
RCA-03034,43,1
RCA-03035,50,1
RCA-03036,57,1
RCA-03037,45,1
RCA-03038,45,1
RCA-03039,45,1
RCA-03040,44,1
RCA-03041,46,1
RCA-03042,43,1
RCA-03043,50,1
RCA-03044,42,1
RCA-03045,44,1
RCA-03046,44,1
RCA-03047,45,1
RCA-03048,43,1
RCA-03049,44,1
RCA-03050,45,1
RCA-03051,44,1
RCA-03052,47,1
RCA-03053,44,1
RCA-03054,46,1
RCA-03055,58,1
RCA-03056,44,1
RCA-03057,57,1
RCA-03058,46,1
RCA-03059,46,1
RCA-03060,44,1
RCA-03061,41,1
RCA-03062,43,1
RCA-03063,45,1
RCA-03064,44,1
RCA-03065,43,1
RCA-03066,44,1
RCA-03067,44,1
RCA-03068,44,1
RCA-03069,44,1
RCA-03070,45,1
RCA-03071,56,1
RCA-03072,45,1
RCA-03073,46,1
RCA-03074,46,1
RCA-03075,60,1
RCA-03076,45,1
RCA-03077,41,1
RCA-03078,42,1
RCA-03079,42,1
RCA-03080,49,1
RCA-03081,44,1
RCA-03082,45,1
RCA-03083,42,1
RCA-03084,41,1
RCA-03085,42,1
RCA-03086,47,1
RCA-03087,46,1
RCA-03088,46,1
RCA-03089,50,1
RCA-03090,43,1
RCA-03091,45,1
RCA-03092,41,1
RCA-03093,44,1
RCA-03094,41,1
RCA-03095,45,1
RCA-03096,45,1
RCA-03097,43,1
RCA-03098,45,1
RCA-03099,45,1
RCA-03100,46,1
RCA-03101,45,1
RCA-03102,48,1
RCA-03103,49,1
RCA-03104,45,1
RCA-03105,41,1
RCA-03106,43,1
RCA-03107,44,1
RCA-03108,47,1
RCA-03109,45,1
RCA-03110,42,1
RCA-03111,45,1
RCA-03112,45,1
RCA-03113,41,1
RCA-03114,44,1
RCA-03115,44,1
RCA-03116,45,1
RCA-03117,46,1
RCA-03118,45,1
RCA-03119,46,1
RCA-03120,58,1
RCA-03121,46,1
RCA-03122,45,1
RCA-03123,44,1
RCA-03124,45,1
RCA-03125,45,1
RCA-03126,44,1
RCA-03127,42,1
RCA-03128,45,1
RCA-03129,45,1
RCA-03130,45,1
RCA-03131,42,1
RCA-03132,43,1
RCA-03133,44,1
RCA-03134,45,1
RCA-03135,43,1
RCA-03136,45,1
RCA-03137,59,1
RCA-03138,44,1
RCA-03139,48,1
RCA-03140,43,1
RCA-03141,46,1
RCA-03142,44,1
RCA-03143,46,1
RCA-03144,47,1
RCA-03145,43,1
RCA-03146,47,1
RCA-03147,43,1
RCA-03148,49,1
RCA-03149,44,1
RCA-03150,42,1
RCA-03151,49,1
RCA-03152,45,1
RCA-03153,57,1
RCA-03154,45,1
RCA-03155,44,1
RCA-03156,43,1
RCA-03157,45,1
RCA-03158,44,1
RCA-03159,44,1
RCA-03160,55,1
RCA-03161,46,1
RCA-03162,42,1
RCA-03163,45,1
RCA-03164,46,1
RCA-03165,43,1
RCA-03166,44,1
RCA-03167,48,1
RCA-03168,46,1
RCA-03169,47,1
RCA-03170,47,1
RCA-03171,45,1
RCA-03172,46,1
RCA-03173,45,1
RCA-03174,48,1
RCA-03175,45,1
RCA-03176,44,1
RCA-03177,46,1
RCA-03178,47,1
RCA-03179,45,1
RCA-03180,46,1
RCA-03181,55,1
RCA-03182,44,1
RCA-03183,41,1
RCA-03184,45,1
RCA-03185,46,1
RCA-03186,45,1
RCA-03187,44,1
RCA-03188,41,1
RCA-03189,55,1
RCA-03190,42,1
RCA-03191,46,1
RCA-03192,45,1
RCA-03193,44,1
RCA-03194,45,1
RCA-03195,43,1
RCA-03196,41,1
RCA-03197,43,1
RCA-03198,47,1
RCA-03199,45,1
RCA-03200,46,1
RCA-03201,45,1
RCA-03202,45,1
RCA-03203,46,1
RCA-03204,45,1
RCA-03205,43,1
RCA-03206,43,1
RCA-03207,46,1
RCA-03208,49,1
RCA-03209,44,1
RCA-03210,46,1
RCA-03211,44,1
RCA-03212,45,1
RCA-03213,42,1
RCA-03214,48,1
RCA-03215,44,1
RCA-03216,44,1
RCA-03217,46,1
RCA-03218,45,1
RCA-03219,42,1
RCA-03220,46,1
RCA-03221,42,1
RCA-03222,44,1
RCA-03223,43,1
RCA-03224,43,1
RCA-03225,45,1
RCA-03226,43,1
RCA-03227,45,1
RCA-03228,43,1
RCA-03229,44,1
RCA-03230,45,1
RCA-03231,44,1
RCA-03232,45,1
RCA-03233,41,1
RCA-03234,45,1
RCA-03235,47,1
RCA-03236,42,1
RCA-03237,43,1
RCA-03238,45,1
RCA-03239,56,1
RCA-03240,43,1
RCA-03241,46,1
RCA-03242,47,1
RCA-03243,48,1
RCA-03244,46,1
RCA-03245,44,1
RCA-03246,44,1
RCA-03247,46,1
RCA-03248,45,1
RCA-03249,42,1
RCA-03250,44,1
RCA-03251,46,1
RCA-03252,45,1
RCA-03253,44,1
RCA-03254,46,1
RCA-03255,46,1
RCA-03256,56,1
RCA-03257,48,1
RCA-03258,45,1
RCA-03259,42,1
RCA-03260,46,1
RCA-03261,45,1
RCA-03262,44,1
RCA-03263,45,1
RCA-03264,42,1
RCA-03265,47,1
RCA-03266,43,1
RCA-03267,45,1
RCA-03268,46,1
RCA-03269,56,1
RCA-03270,41,1
RCA-03271,50,1
RCA-03272,47,1
RCA-03273,43,1
RCA-03274,45,1
RCA-03275,43,1
RCA-03276,45,1
RCA-03277,45,1
RCA-03278,48,1
RCA-03279,48,1
RCA-03280,44,1
RCA-03281,41,1
RCA-03282,45,1
RCA-03283,46,1
RCA-03284,42,1
RCA-03285,45,1
RCA-03286,46,1
RCA-03287,45,1
RCA-03288,42,1
RCA-03289,45,1
RCA-03290,47,1
RCA-03291,44,1
RCA-03292,58,1
RCA-03293,45,1
RCA-03294,44,1
RCA-03295,44,1
RCA-03296,59,1
RCA-03297,42,1
RCA-03298,45,1
RCA-03299,45,1
RCA-03300,46,1
RCA-03301,45,1
RCA-03302,46,1
RCA-03303,60,1
RCA-03304,44,1
RCA-03305,62,1
RCA-03306,43,1
RCA-03307,44,1
RCA-03308,48,1
RCA-03309,42,1
RCA-03310,44,1
RCA-03311,45,1
RCA-03312,45,1
RCA-03313,42,1
RCA-03314,46,1
RCA-03315,43,1
RCA-03316,42,1
RCA-03317,46,1
RCA-03318,45,1
RCA-03319,42,1
RCA-03320,52,1
RCA-03321,45,1
RCA-03322,43,1
RCA-03323,61,1
RCA-03324,45,1
RCA-03325,49,1
RCA-03326,43,1
RCA-03327,44,1
RCA-03328,45,1
RCA-03329,47,1
RCA-03330,50,1
RCA-03331,44,1
RCA-03332,46,1
RCA-03333,45,1
RCA-03334,52,1
RCA-03335,56,1
RCA-03336,44,1
RCA-03337,58,1
RCA-03338,61,1
RCA-03339,45,1
RCA-03340,48,1
RCA-03341,42,1
RCA-03342,41,1
RCA-03343,43,1
RCA-03344,44,1
RCA-03345,46,1
RCA-03346,56,1
RCA-03347,43,1
RCA-03348,43,1
RCA-03349,43,1
RCA-03350,45,1
RCA-03351,48,1
RCA-03352,44,1
RCA-03353,45,1
RCA-03354,49,1
RCA-03355,44,1
RCA-03356,44,1
RCA-03357,43,1
RCA-03358,48,1
RCA-03359,44,1
RCA-03360,45,1
RCA-03361,48,1
RCA-03362,44,1
RCA-03363,44,1
RCA-03364,50,1
RCA-03365,46,1
RCA-03366,44,1
RCA-03367,47,1
RCA-03368,44,1
RCA-03369,47,1
RCA-03370,55,1
RCA-03371,47,1
RCA-03372,43,1
RCA-03373,46,1
RCA-03374,44,1
RCA-03375,45,1
RCA-03376,49,1
RCA-03377,46,1
RCA-03378,56,1
RCA-03379,45,1
RCA-03380,42,1
RCA-03381,43,1
RCA-03382,46,1
RCA-03383,58,1
RCA-03384,45,1
RCA-03385,45,1
RCA-03386,46,1
RCA-03387,44,1
RCA-03388,46,1
RCA-03389,49,1
RCA-03390,47,1
RCA-03391,46,1
RCA-03392,46,1
RCA-03393,44,1
RCA-03394,45,1
RCA-03395,43,1
RCA-03396,44,1
RCA-03397,45,1
RCA-03398,46,1
RCA-03399,47,1
RCA-03400,44,1
RCA-03401,49,1
RCA-03402,44,1
RCA-03403,44,1
RCA-03404,45,1
RCA-03405,46,1
RCA-03406,44,1
RCA-03407,44,1
RCA-03408,47,1
RCA-03409,47,1
RCA-03410,45,1
RCA-03411,44,1
RCA-03412,45,1
RCA-03413,45,1
RCA-03414,45,1
RCA-03415,45,1
RCA-03416,44,1
RCA-03417,42,1
RCA-03418,45,1
RCA-03419,43,1
RCA-03420,45,1
RCA-03421,45,1
RCA-03422,47,1
RCA-03423,46,1
RCA-03424,45,1
RCA-03425,44,1
RCA-03426,44,1
RCA-03427,45,1
RCA-03428,42,1
RCA-03429,56,1
RCA-03430,52,1
RCA-03431,44,1
RCA-03432,45,1
RCA-03433,46,1
RCA-03434,47,1
RCA-03435,44,1
RCA-03436,55,1
RCA-03437,44,1
RCA-03438,50,1
RCA-03439,45,1
RCA-03440,42,1
RCA-03441,44,1
RCA-03442,45,1
RCA-03443,41,1
RCA-03444,47,1
RCA-03445,61,1
RCA-03446,49,1
RCA-03447,45,1
RCA-03448,46,1
RCA-03449,45,1
RCA-03450,50,1
RCA-03451,50,1
RCA-03452,45,1
RCA-03453,55,1
RCA-03454,56,1
RCA-03455,44,1
RCA-03456,46,1
RCA-03457,44,1
RCA-03458,44,1
RCA-03459,42,1
RCA-03460,48,1
RCA-03461,43,1
RCA-03462,46,1
RCA-03463,47,1
RCA-03464,44,1
RCA-03465,42,1
RCA-03466,58,1
RCA-03467,59,1
RCA-03468,46,1
RCA-03469,46,1
RCA-03470,42,1
RCA-03471,55,1
RCA-03472,44,1
RCA-03473,46,1
RCA-03474,46,1
RCA-03475,43,1
RCA-03476,59,1
RCA-03477,44,1
RCA-03478,45,1
RCA-03479,45,1
RCA-03480,41,1
RCA-03481,42,1
RCA-03482,41,1
RCA-03483,44,1
RCA-03484,43,1
RCA-03485,44,1
RCA-03486,45,1
RCA-03487,46,1
RCA-03488,57,1
RCA-03489,46,1
RCA-03490,48,1
RCA-03491,50,1
RCA-03492,46,1
RCA-03493,45,1
RCA-03494,46,1
RCA-03495,48,1
RCA-03496,41,1
RCA-03497,46,1
RCA-03498,46,1
RCA-03499,45,1
RCA-03500,44,1
RCA-03501,44,1
RCA-03502,51,1
RCA-03503,45,1
RCA-03504,44,1
RCA-03505,55,1
RCA-03506,45,1
RCA-03507,45,1
RCA-03508,45,1
RCA-03509,46,1
RCA-03510,44,1
RCA-03511,43,1
RCA-03512,45,1
RCA-03513,45,1
RCA-03514,45,1
RCA-03515,45,1
RCA-03516,45,1
RCA-03517,45,1
RCA-03518,45,1
RCA-03519,49,1
RCA-03520,45,1
RCA-03521,45,1
RCA-03522,52,1
RCA-03523,56,1
RCA-03524,46,1
RCA-03525,49,1
RCA-03526,41,1
RCA-03527,49,1
RCA-03528,45,1
RCA-03529,44,1
RCA-03530,44,1
RCA-03531,44,1
RCA-03532,45,1
RCA-03533,42,1
RCA-03534,46,1
RCA-03535,45,1
RCA-03536,48,1
RCA-03537,42,1
RCA-03538,45,1
RCA-03539,45,1
RCA-03540,46,1
RCA-03541,41,1
RCA-03542,46,1
RCA-03543,46,1
RCA-03544,42,1
RCA-03545,44,1
RCA-03546,43,1
RCA-03547,57,1
RCA-03548,45,1
RCA-03549,43,1
RCA-03550,47,1
RCA-03551,46,1
RCA-03552,46,1
RCA-03553,45,1
RCA-03554,43,1
RCA-03555,44,1
RCA-03556,44,1
RCA-03557,43,1
RCA-03558,53,1
RCA-03559,44,1
RCA-03560,44,1
RCA-03561,55,1
RCA-03562,46,1
RCA-03563,46,1
RCA-03564,45,1
RCA-03565,46,1
RCA-03566,42,1
RCA-03567,43,1
RCA-03568,44,1
RCA-03569,43,1
RCA-03570,42,1
RCA-03571,46,1
RCA-03572,47,1
RCA-03573,44,1
RCA-03574,44,1
RCA-03575,47,1
RCA-03576,47,1
RCA-03577,46,1
RCA-03578,45,1
RCA-03579,44,1
RCA-03580,41,1
RCA-03581,54,1
RCA-03582,44,1
RCA-03583,44,1
RCA-03584,53,1
RCA-03585,46,1
RCA-03586,43,1
RCA-03587,43,1
RCA-03588,46,1
RCA-03589,47,1
RCA-03590,45,1
RCA-03591,49,1
RCA-03592,45,1
RCA-03593,46,1
RCA-03594,56,1
RCA-03595,46,1
RCA-03596,45,1
RCA-03597,41,1
RCA-03598,47,1
RCA-03599,56,1
RCA-03600,42,1
RCA-03601,45,1
RCA-03602,44,1
RCA-03603,45,1
RCA-03604,48,1
RCA-03605,46,1
RCA-03606,46,1
RCA-03607,46,1
RCA-03608,43,1
RCA-03609,45,1
RCA-03610,45,1
RCA-03611,45,1
RCA-03612,43,1
RCA-03613,44,1
RCA-03614,48,1
RCA-03615,48,1
RCA-03616,45,1
RCA-03617,46,1
RCA-03618,45,1
RCA-03619,45,1
RCA-03620,43,1
RCA-03621,50,1
RCA-03622,43,1
RCA-03623,45,1
RCA-03624,41,1
RCA-03625,42,1
RCA-03626,52,1
RCA-03627,46,1
RCA-03628,62,1
RCA-03629,41,1
RCA-03630,43,1
RCA-03631,57,1
RCA-03632,46,1
RCA-03633,54,1
RCA-03634,43,1
RCA-03635,46,1
RCA-03636,45,1
RCA-03637,46,1
RCA-03638,44,1
RCA-03639,44,1
RCA-03640,44,1
RCA-03641,50,1
RCA-03642,45,1
RCA-03643,41,1
RCA-03644,46,1
RCA-03645,53,1
RCA-03646,46,1
RCA-03647,44,1
RCA-03648,48,1
RCA-03649,48,1
RCA-03650,44,1
RCA-03651,44,1
RCA-03652,43,1
RCA-03653,44,1
RCA-03654,58,1
RCA-03655,45,1
RCA-03656,43,1
RCA-03657,45,1
RCA-03658,45,1
RCA-03659,47,1
RCA-03660,48,1
RCA-03661,45,1
RCA-03662,45,1
RCA-03663,45,1
RCA-03664,41,1
RCA-03665,44,1
RCA-03666,47,1
RCA-03667,45,1
RCA-03668,44,1
RCA-03669,45,1
RCA-03670,44,1
RCA-03671,41,1
RCA-03672,44,1
RCA-03673,49,1
RCA-03674,46,1
RCA-03675,45,1
RCA-03676,46,1
RCA-03677,46,1
RCA-03678,48,1
RCA-03679,45,1
RCA-03680,45,1
RCA-03681,46,1
RCA-03682,48,1
RCA-03683,49,1
RCA-03684,45,1
RCA-03685,46,1
RCA-03686,45,1
RCA-03687,44,1
RCA-03688,45,1
RCA-03689,43,1
RCA-03690,45,1
RCA-03691,47,1
RCA-03692,43,1
RCA-03693,44,1
RCA-03694,45,1
RCA-03695,44,1
RCA-03696,45,1
RCA-03697,46,1
RCA-03698,46,1
RCA-03699,42,1
RCA-03700,60,1
RCA-03701,52,1
RCA-03702,43,1
RCA-03703,46,1
RCA-03704,45,1
RCA-03705,54,1
RCA-03706,45,1
RCA-03707,56,1
RCA-03708,46,1
RCA-03709,42,1
RCA-03710,42,1
RCA-03711,43,1
RCA-03712,41,1
RCA-03713,44,1
RCA-03714,44,1
RCA-03715,47,1
RCA-03716,45,1
RCA-03717,44,1
RCA-03718,45,1
RCA-03719,44,1
RCA-03720,46,1
RCA-03721,46,1
RCA-03722,44,1
RCA-03723,43,1
RCA-03724,45,1
RCA-03725,46,1
RCA-03726,43,1
RCA-03727,45,1
RCA-03728,43,1
RCA-03729,44,1
RCA-03730,43,1
RCA-03731,46,1
RCA-03732,46,1
RCA-03733,45,1
RCA-03734,44,1
RCA-03735,59,1
RCA-03736,49,1
RCA-03737,45,1
RCA-03738,44,1
RCA-03739,47,1
RCA-03740,41,1
RCA-03741,43,1
RCA-03742,43,1
RCA-03743,46,1
RCA-03744,45,1
RCA-03745,42,1
RCA-03746,45,1
RCA-03747,43,1
RCA-03748,46,1
RCA-03749,45,1
RCA-03750,45,1
RCA-03751,46,1
RCA-03752,56,1
RCA-03753,56,1
RCA-03754,47,1
RCA-03755,43,1
RCA-03756,42,1
RCA-03757,46,1
RCA-03758,45,1
RCA-03759,44,1
RCA-03760,46,1
RCA-03761,43,1
RCA-03762,43,1
RCA-03763,42,1
RCA-03764,58,1
RCA-03765,43,1
RCA-03766,58,1
RCA-03767,41,1
RCA-03768,42,1
RCA-03769,42,1
RCA-03770,45,1
RCA-03771,47,1
RCA-03772,45,1
RCA-03773,48,1
RCA-03774,47,1
RCA-03775,46,1
RCA-03776,44,1
RCA-03777,42,1
RCA-03778,46,1
RCA-03779,43,1
RCA-03780,41,1
RCA-03781,46,1
RCA-03782,46,1
RCA-03783,44,1
RCA-03784,43,1
RCA-03785,45,1
RCA-03786,45,1
RCA-03787,48,1
RCA-03788,45,1
RCA-03789,43,1
RCA-03790,61,1
RCA-03791,46,1
RCA-03792,49,1
RCA-03793,44,1
RCA-03794,45,1
RCA-03795,46,1
RCA-03796,50,1
RCA-03797,47,1
RCA-03798,62,1
RCA-03799,44,1
RCA-03800,45,1
RCA-03801,45,1
RCA-03802,42,1
RCA-03803,44,1
RCA-03804,47,1
RCA-03805,45,1
RCA-03806,45,1
RCA-03807,42,1
RCA-03808,48,1
RCA-03809,46,1
RCA-03810,45,1
RCA-03811,45,1
RCA-03812,46,1
RCA-03813,45,1
RCA-03814,46,1
RCA-03815,46,1
RCA-03816,45,1
RCA-03817,46,1
RCA-03818,45,1
RCA-03819,45,1
RCA-03820,44,1
RCA-03821,45,1
RCA-03822,45,1
RCA-03823,46,1
RCA-03824,46,1
RCA-03825,43,1
RCA-03826,48,1
RCA-03827,48,1
RCA-03828,49,1
RCA-03829,43,1
RCA-03830,56,1
RCA-03831,45,1
RCA-03832,49,1
RCA-03833,42,1
RCA-03834,46,1
RCA-03835,56,1
RCA-03836,48,1
RCA-03837,44,1
RCA-03838,44,1
RCA-03839,46,1
RCA-03840,42,1
RCA-03841,42,1
RCA-03842,45,1
RCA-03843,46,1
RCA-03844,45,1
RCA-03845,47,1
RCA-03846,45,1
RCA-03847,46,1
RCA-03848,45,1
RCA-03849,45,1
RCA-03850,46,1
RCA-03851,45,1
RCA-03852,47,1
RCA-03853,45,1
RCA-03854,45,1
RCA-03855,44,1
RCA-03856,46,1
RCA-03857,41,1
RCA-03858,42,1
RCA-03859,43,1
RCA-03860,58,1
RCA-03861,45,1
RCA-03862,45,1
RCA-03863,44,1
RCA-03864,45,1
RCA-03865,56,1
RCA-03866,42,1
RCA-03867,52,1
RCA-03868,43,1
RCA-03869,45,1
RCA-03870,46,1
RCA-03871,45,1
RCA-03872,46,1
RCA-03873,46,1
RCA-03874,45,1
RCA-03875,43,1
RCA-03876,45,1
RCA-03877,45,1
RCA-03878,44,1
RCA-03879,46,1
RCA-03880,48,1
RCA-03881,45,1
RCA-03882,44,1
RCA-03883,45,1
RCA-03884,45,1
RCA-03885,46,1
RCA-03886,45,1
RCA-03887,45,1
RCA-03888,42,1
RCA-03889,42,1
RCA-03890,46,1
RCA-03891,43,1
RCA-03892,45,1
RCA-03893,42,1
RCA-03894,52,1
RCA-03895,43,1
RCA-03896,43,1
RCA-03897,59,1
RCA-03898,45,1
RCA-03899,45,1
RCA-03900,44,1
RCA-03901,53,1
RCA-03902,43,1
RCA-03903,55,1
RCA-03904,45,1
RCA-03905,44,1
RCA-03906,43,1
RCA-03907,57,1
RCA-03908,44,1
RCA-03909,46,1
RCA-03910,45,1
RCA-03911,48,1
RCA-03912,45,1
RCA-03913,43,1
RCA-03914,44,1
RCA-03915,41,1
RCA-03916,41,1
RCA-03917,45,1
RCA-03918,49,1
RCA-03919,48,1
RCA-03920,45,1
RCA-03921,45,1
RCA-03922,46,1
RCA-03923,42,1
RCA-03924,45,1
RCA-03925,48,1
RCA-03926,46,1
RCA-03927,45,1
RCA-03928,45,1
RCA-03929,43,1
RCA-03930,44,1
RCA-03931,45,1
RCA-03932,45,1
RCA-03933,42,1
RCA-03934,45,1
RCA-03935,46,1
RCA-03936,43,1
RCA-03937,42,1
RCA-03938,46,1
RCA-03939,49,1
RCA-03940,47,1
RCA-03941,45,1
RCA-03942,44,1
RCA-03943,43,1
RCA-03944,44,1
RCA-03945,45,1
RCA-03946,45,1
RCA-03947,44,1
RCA-03948,44,1
RCA-03949,43,1
RCA-03950,46,1
RCA-03951,45,1
RCA-03952,45,1
RCA-03953,43,1
RCA-03954,47,1
RCA-03955,41,1
RCA-03956,44,1
RCA-03957,45,1
RCA-03958,42,1
RCA-03959,46,1
RCA-03960,41,1
RCA-03961,46,1
RCA-03962,45,1
RCA-03963,42,1
RCA-03964,45,1
RCA-03965,45,1
RCA-03966,46,1
RCA-03967,47,1
RCA-03968,45,1
RCA-03969,48,1
RCA-03970,44,1
RCA-03971,55,1
RCA-03972,45,1
RCA-03973,45,1
RCA-03974,42,1
RCA-03975,43,1
RCA-03976,43,1
RCA-03977,46,1
RCA-03978,41,1
RCA-03979,46,1
RCA-03980,46,1
RCA-03981,48,1
RCA-03982,48,1
RCA-03983,45,1
RCA-03984,47,1
RCA-03985,44,1
RCA-03986,56,1
RCA-03987,43,1
RCA-03988,43,1
RCA-03989,46,1
RCA-03990,44,1
RCA-03991,46,1
RCA-03992,48,1
RCA-03993,47,1
RCA-03994,46,1
RCA-03995,43,1
RCA-03996,46,1
RCA-03997,46,1
RCA-03998,44,1
RCA-03999,45,1
RCA-04000,46,1
RCA-04001,46,1
RCA-04002,49,1
RCA-04003,45,1
RCA-04004,44,1
RCA-04005,46,1
RCA-04006,43,1
RCA-04007,44,1
RCA-04008,44,1
RCA-04009,46,1
RCA-04010,42,1
RCA-04011,41,1
RCA-04012,42,1
RCA-04013,41,1
RCA-04014,43,1
RCA-04015,46,1
RCA-04016,46,1
RCA-04017,58,1
RCA-04018,51,1
RCA-04019,46,1
RCA-04020,45,1
RCA-04021,41,1
RCA-04022,51,1
RCA-04023,42,1
RCA-04024,44,1
RCA-04025,45,1
RCA-04026,42,1
RCA-04027,45,1
RCA-04028,44,1
RCA-04029,48,1
RCA-04030,48,1
RCA-04031,46,1
RCA-04032,43,1
RCA-04033,43,1
RCA-04034,52,1
RCA-04035,46,1
RCA-04036,45,1
RCA-04037,46,1
RCA-04038,45,1
RCA-04039,46,1
RCA-04040,48,1
RCA-04041,42,1
RCA-04042,54,1
RCA-04043,44,1
RCA-04044,47,1
RCA-04045,44,1
RCA-04046,45,1
RCA-04047,52,1
RCA-04048,45,1
RCA-04049,43,1
RCA-04050,45,1
RCA-04051,47,1
RCA-04052,46,1
RCA-04053,45,1
RCA-04054,45,1
RCA-04055,43,1
RCA-04056,50,1
RCA-04057,47,1
RCA-04058,41,1
RCA-04059,47,1
RCA-04060,47,1
RCA-04061,46,1
RCA-04062,47,1
RCA-04063,46,1
RCA-04064,48,1
RCA-04065,45,1
RCA-04066,45,1
RCA-04067,44,1
RCA-04068,42,1
RCA-04069,58,1
RCA-04070,45,1
RCA-04071,43,1
RCA-04072,44,1
RCA-04073,50,1
RCA-04074,44,1
RCA-04075,43,1
RCA-04076,45,1
RCA-04077,55,1
RCA-04078,43,1
RCA-04079,46,1
RCA-04080,48,1
RCA-04081,44,1
RCA-04082,47,1
RCA-04083,49,1
RCA-04084,46,1
RCA-04085,46,1
RCA-04086,45,1
RCA-04087,58,1
RCA-04088,45,1
RCA-04089,49,1
RCA-04090,45,1
RCA-04091,45,1
RCA-04092,42,1
RCA-04093,45,1
RCA-04094,57,1
RCA-04095,45,1
RCA-04096,43,1
RCA-04097,44,1
RCA-04098,45,1
RCA-04099,44,1
RCA-04100,45,1
RCA-04101,45,1
RCA-04102,45,1
RCA-04103,44,1
RCA-04104,46,1
RCA-04105,44,1
RCA-04106,46,1
RCA-04107,43,1
RCA-04108,57,1
RCA-04109,42,1
RCA-04110,47,1
RCA-04111,42,1
RCA-04112,60,1
RCA-04113,46,1
RCA-04114,42,1
RCA-04115,45,1
RCA-04116,43,1
RCA-04117,45,1
RCA-04118,42,1
RCA-04119,45,1
RCA-04120,45,1
RCA-04121,46,1
RCA-04122,48,1
RCA-04123,46,1
RCA-04124,46,1
RCA-04125,45,1
RCA-04126,44,1
RCA-04127,45,1
RCA-04128,45,1
RCA-04129,46,1
RCA-04130,45,1
RCA-04131,44,1
RCA-04132,46,1
RCA-04133,46,1
RCA-04134,43,1
RCA-04135,47,1
RCA-04136,43,1
RCA-04137,44,1
RCA-04138,55,1
RCA-04139,47,1
RCA-04140,46,1
RCA-04141,43,1
RCA-04142,44,1
RCA-04143,44,1
RCA-04144,57,1
RCA-04145,43,1
RCA-04146,46,1
RCA-04147,46,1
RCA-04148,52,1
RCA-04149,50,1
RCA-04150,46,1
RCA-04151,44,1
RCA-04152,42,1
RCA-04153,45,1
RCA-04154,45,1
RCA-04155,43,1
RCA-04156,42,1
RCA-04157,44,1
RCA-04158,43,1
RCA-04159,43,1
RCA-04160,45,1
RCA-04161,45,1
RCA-04162,45,1
RCA-04163,45,1
RCA-04164,58,1
RCA-04165,48,1
RCA-04166,46,1
RCA-04167,45,1
RCA-04168,46,1
RCA-04169,43,1
RCA-04170,57,1
RCA-04171,46,1
RCA-04172,47,1
RCA-04173,47,1
RCA-04174,45,1
RCA-04175,47,1
RCA-04176,44,1
RCA-04177,56,1
RCA-04178,43,1
RCA-04179,48,1
RCA-04180,46,1
RCA-04181,43,1
RCA-04182,46,1
RCA-04183,45,1
RCA-04184,46,1
RCA-04185,46,1
RCA-04186,46,1
RCA-04187,44,1
RCA-04188,46,1
RCA-04189,45,1
RCA-04190,46,1
RCA-04191,46,1
RCA-04192,45,1
RCA-04193,46,1
RCA-04194,43,1
RCA-04195,45,1
RCA-04196,59,1
RCA-04197,47,1
RCA-04198,46,1
RCA-04199,43,1
RCA-04200,45,1
RCA-04201,46,1
RCA-04202,42,1
RCA-04203,41,1
RCA-04204,41,1
RCA-04205,43,1
RCA-04206,45,1
RCA-04207,49,1
RCA-04208,42,1
RCA-04209,43,1
RCA-04210,45,1
RCA-04211,50,1
RCA-04212,45,1
RCA-04213,56,1
RCA-04214,47,1
RCA-04215,55,1
RCA-04216,45,1
RCA-04217,45,1
RCA-04218,44,1
RCA-04219,46,1
RCA-04220,43,1
RCA-04221,43,1
RCA-04222,44,1
RCA-04223,42,1
RCA-04224,45,1
RCA-04225,43,1
RCA-04226,47,1
RCA-04227,46,1
RCA-04228,44,1
RCA-04229,45,1
RCA-04230,46,1
RCA-04231,45,1
RCA-04232,57,1
RCA-04233,47,1
RCA-04234,45,1
RCA-04235,45,1
RCA-04236,44,1
RCA-04237,58,1
RCA-04238,45,1
RCA-04239,43,1
RCA-04240,48,1
RCA-04241,44,1
RCA-04242,42,1
RCA-04243,44,1
RCA-04244,45,1
RCA-04245,46,1
RCA-04246,41,1
RCA-04247,45,1
RCA-04248,45,1
RCA-04249,44,1
RCA-04250,46,1
RCA-04251,45,1
RCA-04252,45,1
RCA-04253,47,1
RCA-04254,45,1
RCA-04255,45,1
RCA-04256,56,1
RCA-04257,46,1
RCA-04258,45,1
RCA-04259,45,1
RCA-04260,47,1
RCA-04261,46,1
RCA-04262,47,1
RCA-04263,47,1
RCA-04264,43,1
RCA-04265,44,1
RCA-04266,50,1
RCA-04267,48,1
RCA-04268,45,1
RCA-04269,46,1
RCA-04270,44,1
RCA-04271,42,1
RCA-04272,44,1
RCA-04273,49,1
RCA-04274,60,1
RCA-04275,46,1
RCA-04276,46,1
RCA-04277,48,1
RCA-04278,42,1
RCA-04279,46,1
RCA-04280,45,1
RCA-04281,44,1
RCA-04282,46,1
RCA-04283,56,1
RCA-04284,46,1
RCA-04285,46,1
RCA-04286,50,1
RCA-04287,42,1
RCA-04288,45,1
RCA-04289,44,1
RCA-04290,45,1
RCA-04291,44,1
RCA-04292,43,1
RCA-04293,42,1
RCA-04294,44,1
RCA-04295,45,1
RCA-04296,46,1
RCA-04297,56,1
RCA-04298,42,1
RCA-04299,45,1
RCA-04300,41,1
RCA-04301,49,1
RCA-04302,50,1
RCA-04303,45,1
RCA-04304,45,1
RCA-04305,44,1
RCA-04306,41,1
RCA-04307,48,1
RCA-04308,44,1
RCA-04309,45,1
RCA-04310,43,1
RCA-04311,43,1
RCA-04312,44,1
RCA-04313,45,1
RCA-04314,45,1
RCA-04315,45,1
RCA-04316,41,1
RCA-04317,43,1
RCA-04318,46,1
RCA-04319,42,1
RCA-04320,46,1
RCA-04321,43,1
RCA-04322,45,1
RCA-04323,42,1
RCA-04324,46,1
RCA-04325,42,1
RCA-04326,42,1
RCA-04327,43,1
RCA-04328,55,1
RCA-04329,48,1
RCA-04330,42,1
RCA-04331,44,1
RCA-04332,43,1
RCA-04333,45,1
RCA-04334,45,1
RCA-04335,50,1
RCA-04336,44,1
RCA-04337,46,1
RCA-04338,45,1
RCA-04339,42,1
RCA-04340,46,1
RCA-04341,48,1
RCA-04342,46,1
RCA-04343,45,1
RCA-04344,47,1
RCA-04345,50,1
RCA-04346,44,1
RCA-04347,45,1
RCA-04348,45,1
RCA-04349,46,1
RCA-04350,47,1
RCA-04351,45,1
RCA-04352,47,1
RCA-04353,60,1
RCA-04354,47,1
RCA-04355,43,1
RCA-04356,43,1
RCA-04357,47,1
RCA-04358,45,1
RCA-04359,42,1
RCA-04360,45,1
RCA-04361,46,1
RCA-04362,43,1
RCA-04363,43,1
RCA-04364,45,1
RCA-04365,44,1
RCA-04366,44,1
RCA-04367,58,1
RCA-04368,41,1
RCA-04369,45,1
RCA-04370,63,1
RCA-04371,47,1
RCA-04372,45,1
RCA-04373,46,1
RCA-04374,60,1
RCA-04375,44,1
RCA-04376,43,1
RCA-04377,45,1
RCA-04378,45,1
RCA-04379,47,1
RCA-04380,43,1
RCA-04381,47,1
RCA-04382,45,1
RCA-04383,44,1
RCA-04384,43,1
RCA-04385,44,1
RCA-04386,48,1
RCA-04387,44,1
RCA-04388,46,1
RCA-04389,45,1
RCA-04390,46,1
RCA-04391,42,1
RCA-04392,47,1
RCA-04393,45,1
RCA-04394,43,1
RCA-04395,44,1
RCA-04396,60,1
RCA-04397,45,1
RCA-04398,46,1
RCA-04399,46,1
RCA-04400,58,1
RCA-04401,45,1
RCA-04402,47,1
RCA-04403,45,1
RCA-04404,42,1
RCA-04405,43,1
RCA-04406,46,1
RCA-04407,44,1
RCA-04408,47,1
RCA-04409,45,1
RCA-04410,44,1
RCA-04411,42,1
RCA-04412,41,1
RCA-04413,46,1
RCA-04414,44,1
RCA-04415,45,1
RCA-04416,46,1
RCA-04417,44,1
RCA-04418,44,1
RCA-04419,46,1
RCA-04420,45,1
RCA-04421,42,1
RCA-04422,44,1
RCA-04423,46,1
RCA-04424,47,1
RCA-04425,45,1
RCA-04426,44,1
RCA-04427,47,1
RCA-04428,44,1
RCA-04429,46,1
RCA-04430,45,1
RCA-04431,44,1
RCA-04432,46,1
RCA-04433,56,1
RCA-04434,48,1
RCA-04435,48,1
RCA-04436,59,1
RCA-04437,41,1
RCA-04438,47,1
RCA-04439,46,1
RCA-04440,44,1
RCA-04441,44,1
RCA-04442,47,1
RCA-04443,46,1
RCA-04444,46,1
RCA-04445,46,1
RCA-04446,45,1
RCA-04447,45,1
RCA-04448,45,1
RCA-04449,41,1
RCA-04450,43,1
RCA-04451,45,1
RCA-04452,46,1
RCA-04453,42,1
RCA-04454,42,1
RCA-04455,45,1
RCA-04456,46,1
RCA-04457,46,1
RCA-04458,46,1
RCA-04459,46,1
RCA-04460,44,1
RCA-04461,44,1
RCA-04462,45,1
RCA-04463,43,1
RCA-04464,41,1
RCA-04465,45,1
RCA-04466,44,1
RCA-04467,44,1
RCA-04468,49,1
RCA-04469,46,1
RCA-04470,44,1
RCA-04471,43,1
RCA-04472,45,1
RCA-04473,56,1
RCA-04474,47,1
RCA-04475,45,1
RCA-04476,42,1
RCA-04477,46,1
RCA-04478,44,1
RCA-04479,56,1
RCA-04480,43,1
RCA-04481,44,1
RCA-04482,47,1
RCA-04483,45,1
RCA-04484,45,1
RCA-04485,45,1
RCA-04486,47,1
RCA-04487,44,1
RCA-04488,41,1
RCA-04489,47,1
RCA-04490,45,1
RCA-04491,47,1
RCA-04492,42,1
RCA-04493,42,1
RCA-04494,42,1
RCA-04495,45,1
RCA-04496,46,1
RCA-04497,46,1
RCA-04498,44,1
RCA-04499,49,1
RCA-04500,42,1
RCA-04501,45,1
RCA-04502,45,1
RCA-04503,43,1
RCA-04504,46,1
RCA-04505,48,1
RCA-04506,45,1
RCA-04507,43,1
RCA-04508,47,1
RCA-04509,45,1
RCA-04510,43,1
RCA-04511,45,1
RCA-04512,43,1
RCA-04513,59,1
RCA-04514,43,1
RCA-04515,45,1
RCA-04516,45,1
RCA-04517,47,1
RCA-04518,44,1
RCA-04519,42,1
RCA-04520,46,1
RCA-04521,50,1
RCA-04522,43,1
RCA-04523,45,1
RCA-04524,42,1
RCA-04525,44,1
RCA-04526,50,1
RCA-04527,58,1
RCA-04528,47,1
RCA-04529,47,1
RCA-04530,51,1
RCA-04531,48,1
RCA-04532,45,1
RCA-04533,45,1
RCA-04534,44,1
RCA-04535,46,1
RCA-04536,48,1
RCA-04537,47,1
RCA-04538,48,1
RCA-04539,46,1
RCA-04540,45,1
RCA-04541,46,1
RCA-04542,45,1
RCA-04543,48,1
RCA-04544,44,1
RCA-04545,59,1
RCA-04546,45,1
RCA-04547,46,1
RCA-04548,44,1
RCA-04549,47,1
RCA-04550,54,1
RCA-04551,43,1
RCA-04552,47,1
RCA-04553,44,1
RCA-04554,43,1
RCA-04555,41,1
RCA-04556,45,1
RCA-04557,45,1
RCA-04558,44,1
RCA-04559,44,1
RCA-04560,45,1
RCA-04561,46,1
RCA-04562,46,1
RCA-04563,45,1
RCA-04564,47,1
RCA-04565,45,1
RCA-04566,45,1
RCA-04567,45,1
RCA-04568,45,1
RCA-04569,47,1
RCA-04570,45,1
RCA-04571,46,1
RCA-04572,45,1
RCA-04573,46,1
RCA-04574,47,1
RCA-04575,55,1
RCA-04576,43,1
RCA-04577,55,1
RCA-04578,43,1
RCA-04579,55,1
RCA-04580,46,1
RCA-04581,42,1
RCA-04582,45,1
RCA-04583,57,1
RCA-04584,44,1
RCA-04585,45,1
RCA-04586,46,1
RCA-04587,54,1
RCA-04588,45,1
RCA-04589,44,1
RCA-04590,47,1
RCA-04591,44,1
RCA-04592,48,1
RCA-04593,46,1
RCA-04594,45,1
RCA-04595,44,1
RCA-04596,45,1
RCA-04597,47,1
RCA-04598,48,1
RCA-04599,45,1
RCA-04600,41,1
RCA-04601,42,1
RCA-04602,58,1
RCA-04603,45,1
RCA-04604,47,1
RCA-04605,45,1
RCA-04606,46,1
RCA-04607,45,1
RCA-04608,56,1
RCA-04609,45,1
RCA-04610,43,1
RCA-04611,47,1
RCA-04612,45,1
RCA-04613,47,1
RCA-04614,47,1
RCA-04615,43,1
RCA-04616,46,1
RCA-04617,45,1
RCA-04618,41,1
RCA-04619,44,1
RCA-04620,45,1
RCA-04621,45,1
RCA-04622,44,1
RCA-04623,45,1
RCA-04624,46,1
RCA-04625,43,1
RCA-04626,42,1
RCA-04627,45,1
RCA-04628,55,1
RCA-04629,46,1
RCA-04630,57,1
RCA-04631,45,1
RCA-04632,41,1
RCA-04633,47,1
RCA-04634,48,1
RCA-04635,47,1
RCA-04636,46,1
RCA-04637,45,1
RCA-04638,41,1
RCA-04639,46,1
RCA-04640,47,1
RCA-04641,44,1
RCA-04642,42,1
RCA-04643,42,1
RCA-04644,46,1
RCA-04645,44,1
RCA-04646,42,1
RCA-04647,47,1
RCA-04648,45,1
RCA-04649,44,1
RCA-04650,56,1
RCA-04651,44,1
RCA-04652,59,1
RCA-04653,44,1
RCA-04654,42,1
RCA-04655,46,1
RCA-04656,45,1
RCA-04657,45,1
RCA-04658,46,1
RCA-04659,48,1
RCA-04660,43,1
RCA-04661,46,1
RCA-04662,45,1
RCA-04663,45,1
RCA-04664,48,1
RCA-04665,47,1
RCA-04666,44,1
RCA-04667,41,1
RCA-04668,46,1
RCA-04669,48,1
RCA-04670,41,1
RCA-04671,45,1
RCA-04672,48,1
RCA-04673,46,1
RCA-04674,47,1
RCA-04675,44,1
RCA-04676,46,1
RCA-04677,45,1
RCA-04678,45,1
RCA-04679,58,1
RCA-04680,46,1
RCA-04681,45,1
RCA-04682,43,1
RCA-04683,48,1
RCA-04684,49,1
RCA-04685,45,1
RCA-04686,44,1
RCA-04687,45,1
RCA-04688,41,1
RCA-04689,45,1
RCA-04690,43,1
RCA-04691,55,1
RCA-04692,44,1
RCA-04693,43,1
RCA-04694,46,1
RCA-04695,45,1
RCA-04696,42,1
RCA-04697,45,1
RCA-04698,47,1
RCA-04699,48,1
RCA-04700,44,1
RCA-04701,42,1
RCA-04702,45,1
RCA-04703,44,1
RCA-04704,46,1
RCA-04705,44,1
RCA-04706,45,1
RCA-04707,43,1
RCA-04708,48,1
RCA-04709,46,1
RCA-04710,46,1
RCA-04711,49,1
RCA-04712,45,1
RCA-04713,45,1
RCA-04714,42,1
RCA-04715,41,1
RCA-04716,42,1
RCA-04717,46,1
RCA-04718,42,1
RCA-04719,46,1
RCA-04720,44,1
RCA-04721,60,1
RCA-04722,45,1
RCA-04723,46,1
RCA-04724,46,1
RCA-04725,45,1
RCA-04726,49,1
RCA-04727,47,1
RCA-04728,42,1
RCA-04729,49,1
RCA-04730,44,1
RCA-04731,57,1
RCA-04732,45,1
RCA-04733,43,1
RCA-04734,45,1
RCA-04735,45,1
RCA-04736,45,1
RCA-04737,43,1
RCA-04738,45,1
RCA-04739,46,1
RCA-04740,45,1
RCA-04741,44,1
RCA-04742,57,1
RCA-04743,45,1
RCA-04744,45,1
RCA-04745,44,1
RCA-04746,43,1
RCA-04747,45,1
RCA-04748,46,1
RCA-04749,55,1
RCA-04750,45,1
RCA-04751,45,1
RCA-04752,43,1
RCA-04753,45,1
RCA-04754,45,1
RCA-04755,48,1
RCA-04756,46,1
RCA-04757,45,1
RCA-04758,45,1
RCA-04759,50,1
RCA-04760,44,1
RCA-04761,47,1
RCA-04762,46,1
RCA-04763,42,1
RCA-04764,47,1
RCA-04765,44,1
RCA-04766,49,1
RCA-04767,44,1
RCA-04768,45,1
RCA-04769,45,1
RCA-04770,44,1
RCA-04771,45,1
RCA-04772,45,1
RCA-04773,44,1
RCA-04774,46,1
RCA-04775,44,1
RCA-04776,45,1
RCA-04777,44,1
RCA-04778,42,1
RCA-04779,46,1
RCA-04780,45,1
RCA-04781,44,1
RCA-04782,44,1
RCA-04783,45,1
RCA-04784,55,1
RCA-04785,56,1
RCA-04786,46,1
RCA-04787,47,1
RCA-04788,43,1
RCA-04789,46,1
RCA-04790,45,1
RCA-04791,56,1
RCA-04792,45,1
RCA-04793,43,1
RCA-04794,48,1
RCA-04795,49,1
RCA-04796,43,1
RCA-04797,43,1
RCA-04798,45,1
RCA-04799,49,1
RCA-04800,48,1
RCA-04801,47,1
RCA-04802,45,1
RCA-04803,47,1
RCA-04804,42,1
RCA-04805,49,1
RCA-04806,43,1
RCA-04807,42,1
RCA-04808,46,1
RCA-04809,46,1
RCA-04810,45,1
RCA-04811,43,1
RCA-04812,48,1
RCA-04813,43,1
RCA-04814,46,1
RCA-04815,41,1
RCA-04816,45,1
RCA-04817,47,1
RCA-04818,45,1
RCA-04819,42,1
RCA-04820,44,1
RCA-04821,42,1
RCA-04822,44,1
RCA-04823,46,1
RCA-04824,47,1
RCA-04825,45,1
RCA-04826,46,1
RCA-04827,48,1
RCA-04828,45,1
RCA-04829,48,1
RCA-04830,45,1
RCA-04831,46,1
RCA-04832,56,1
RCA-04833,44,1
RCA-04834,56,1
RCA-04835,43,1
RCA-04836,45,1
RCA-04837,47,1
RCA-04838,45,1
RCA-04839,46,1
RCA-04840,42,1
RCA-04841,48,1
RCA-04842,45,1
RCA-04843,48,1
RCA-04844,44,1
RCA-04845,45,1
RCA-04846,45,1
RCA-04847,44,1
RCA-04848,45,1
RCA-04849,46,1
RCA-04850,46,1
RCA-04851,45,1
RCA-04852,45,1
RCA-04853,44,1
RCA-04854,44,1
RCA-04855,42,1
RCA-04856,45,1
RCA-04857,44,1
RCA-04858,45,1
RCA-04859,47,1
RCA-04860,45,1
RCA-04861,47,1
RCA-04862,47,1
RCA-04863,44,1
RCA-04864,46,1
RCA-04865,46,1
RCA-04866,46,1
RCA-04867,46,1
RCA-04868,45,1
RCA-04869,50,1
RCA-04870,44,1
RCA-04871,46,1
RCA-04872,44,1
RCA-04873,43,1
RCA-04874,43,1
RCA-04875,44,1
RCA-04876,46,1
RCA-04877,58,1
RCA-04878,47,1
RCA-04879,42,1
RCA-04880,44,1
RCA-04881,46,1
RCA-04882,46,1
RCA-04883,46,1
RCA-04884,47,1
RCA-04885,45,1
RCA-04886,45,1
RCA-04887,43,1
RCA-04888,45,1
RCA-04889,43,1
RCA-04890,45,1
RCA-04891,49,1
RCA-04892,50,1
RCA-04893,47,1
RCA-04894,57,1
RCA-04895,47,1
RCA-04896,46,1
RCA-04897,46,1
RCA-04898,45,1
RCA-04899,47,1
RCA-04900,55,1
RCA-04901,47,1
RCA-04902,46,1
RCA-04903,46,1
RCA-04904,46,1
RCA-04905,45,1
RCA-04906,44,1
RCA-04907,55,1
RCA-04908,45,1
RCA-04909,46,1
RCA-04910,56,1
RCA-04911,45,1
RCA-04912,44,1
RCA-04913,45,1
RCA-04914,57,1
RCA-04915,46,1
RCA-04916,46,1
RCA-04917,44,1
RCA-04918,42,1
RCA-04919,46,1
RCA-04920,42,1
RCA-04921,47,1
RCA-04922,44,1
RCA-04923,45,1
RCA-04924,46,1
RCA-04925,50,1
RCA-04926,45,1
RCA-04927,58,1
RCA-04928,43,1
RCA-04929,47,1
RCA-04930,44,1
RCA-04931,47,1
RCA-04932,46,1
RCA-04933,43,1
RCA-04934,44,1
RCA-04935,45,1
RCA-04936,43,1
RCA-04937,45,1
RCA-04938,42,1
RCA-04939,45,1
RCA-04940,44,1
RCA-04941,45,1
RCA-04942,45,1
RCA-04943,55,1
RCA-04944,45,1
RCA-04945,43,1
RCA-04946,45,1
RCA-04947,45,1
RCA-04948,46,1
RCA-04949,46,1
RCA-04950,44,1
RCA-04951,41,1
RCA-04952,46,1
RCA-04953,44,1
RCA-04954,48,1
RCA-04955,42,1
RCA-04956,43,1
RCA-04957,42,1
RCA-04958,48,1
RCA-04959,45,1
RCA-04960,49,1
RCA-04961,46,1
RCA-04962,47,1
RCA-04963,42,1
RCA-04964,46,1
RCA-04965,44,1
RCA-04966,57,1
RCA-04967,46,1
RCA-04968,43,1
RCA-04969,45,1
RCA-04970,45,1
RCA-04971,44,1
RCA-04972,41,1
RCA-04973,41,1
RCA-04974,44,1
RCA-04975,46,1
RCA-04976,45,1
RCA-04977,46,1
RCA-04978,43,1
RCA-04979,44,1
RCA-04980,45,1
RCA-04981,48,1
RCA-04982,49,1
RCA-04983,45,1
RCA-04984,45,1
RCA-04985,43,1
RCA-04986,47,1
RCA-04987,45,1
RCA-04988,46,1
RCA-04989,63,1
RCA-04990,45,1
RCA-04991,46,1
RCA-04992,44,1
RCA-04993,47,1
RCA-04994,47,1
RCA-04995,46,1
RCA-04996,44,1
RCA-04997,46,1
RCA-04998,43,1
RCA-04999,45,1
RCA-05000,55,1
RCA-05001,41,1
RCA-05002,46,1
RCA-05003,59,1
RCA-05004,46,1
RCA-05005,45,1
RCA-05006,45,1
RCA-05007,46,1
RCA-05008,46,1
RCA-05009,44,1
RCA-05010,55,1
RCA-05011,44,1
RCA-05012,46,1
RCA-05013,46,1
RCA-05014,43,1
RCA-05015,44,1
RCA-05016,43,1
RCA-05017,47,1
RCA-05018,46,1
RCA-05019,45,1
RCA-05020,45,1
RCA-05021,45,1
RCA-05022,45,1
RCA-05023,43,1
RCA-05024,42,1
RCA-05025,41,1
RCA-05026,45,1
RCA-05027,45,1
RCA-05028,42,1
RCA-05029,45,1
RCA-05030,47,1
RCA-05031,44,1
RCA-05032,45,1
RCA-05033,45,1
RCA-05034,46,1
RCA-05035,45,1
RCA-05036,48,1
RCA-05037,57,1
RCA-05038,47,1
RCA-05039,48,1
RCA-05040,58,1
RCA-05041,45,1
RCA-05042,46,1
RCA-05043,49,1
RCA-05044,46,1
RCA-05045,47,1
RCA-05046,53,1
RCA-05047,45,1
RCA-05048,45,1
RCA-05049,44,1
RCA-05050,59,1
RCA-05051,46,1
RCA-05052,46,1
RCA-05053,45,1
RCA-05054,43,1
RCA-05055,48,1
RCA-05056,42,1
RCA-05057,56,1
RCA-05058,43,1
RCA-05059,46,1
RCA-05060,45,1
RCA-05061,47,1
RCA-05062,44,1
RCA-05063,46,1
RCA-05064,47,1
RCA-05065,44,1
RCA-05066,43,1
RCA-05067,47,1
RCA-05068,43,1
RCA-05069,45,1
RCA-05070,42,1
RCA-05071,44,1
RCA-05072,41,1
RCA-05073,54,1
RCA-05074,46,1
RCA-05075,44,1
RCA-05076,45,1
RCA-05077,46,1
RCA-05078,44,1
RCA-05079,49,1
RCA-05080,43,1
RCA-05081,46,1
RCA-05082,55,1
RCA-05083,42,1
RCA-05084,46,1
RCA-05085,46,1
RCA-05086,46,1
RCA-05087,45,1
RCA-05088,45,1
RCA-05089,45,1
RCA-05090,45,1
RCA-05091,47,1
RCA-05092,41,1
RCA-05093,44,1
RCA-05094,43,1
RCA-05095,43,1
RCA-05096,48,1
RCA-05097,45,1
RCA-05098,47,1
RCA-05099,46,1
RCA-05100,45,1
RCA-05101,54,1
RCA-05102,41,1
RCA-05103,41,1
RCA-05104,44,1
RCA-05105,46,1
RCA-05106,49,1
RCA-05107,45,1
RCA-05108,50,1
RCA-05109,46,1
RCA-05110,42,1
RCA-05111,45,1
RCA-05112,46,1
RCA-05113,44,1
RCA-05114,45,1
RCA-05115,42,1
RCA-05116,45,1
RCA-05117,41,1
RCA-05118,45,1
RCA-05119,41,1
RCA-05120,42,1
RCA-05121,45,1
RCA-05122,47,1
RCA-05123,46,1
RCA-05124,46,1
RCA-05125,43,1
RCA-05126,47,1
RCA-05127,46,1
RCA-05128,46,1
RCA-05129,45,1
RCA-05130,46,1
RCA-05131,48,1
RCA-05132,59,1
RCA-05133,55,1
RCA-05134,45,1
RCA-05135,49,1
RCA-05136,42,1
RCA-05137,43,1
RCA-05138,45,1
RCA-05139,46,1
RCA-05140,46,1
RCA-05141,44,1
RCA-05142,46,1
RCA-05143,44,1
RCA-05144,46,1
RCA-05145,44,1
RCA-05146,46,1
RCA-05147,41,1
RCA-05148,46,1
RCA-05149,44,1
RCA-05150,44,1
RCA-05151,45,1
RCA-05152,45,1
RCA-05153,45,1
RCA-05154,46,1
RCA-05155,41,1
RCA-05156,46,1
RCA-05157,50,1
RCA-05158,44,1
RCA-05159,45,1
RCA-05160,45,1
RCA-05161,42,1
RCA-05162,44,1
RCA-05163,46,1
RCA-05164,43,1
RCA-05165,44,1
RCA-05166,45,1
RCA-05167,45,1
RCA-05168,58,1
RCA-05169,46,1
RCA-05170,45,1
RCA-05171,48,1
RCA-05172,45,1
RCA-05173,44,1
RCA-05174,46,1
RCA-05175,42,1
RCA-05176,46,1
RCA-05177,46,1
RCA-05178,45,1
RCA-05179,45,1
RCA-05180,46,1
RCA-05181,42,1
RCA-05182,45,1
RCA-05183,45,1
RCA-05184,49,1
RCA-05185,43,1
RCA-05186,44,1
RCA-05187,45,1
RCA-05188,44,1
RCA-05189,45,1
RCA-05190,44,1
RCA-05191,42,1
RCA-05192,43,1
RCA-05193,45,1
RCA-05194,48,1
RCA-05195,46,1
RCA-05196,44,1
RCA-05197,45,1
RCA-05198,45,1
RCA-05199,46,1
RCA-05200,42,1
RCA-05201,44,1
RCA-05202,53,1
RCA-05203,49,1
RCA-05204,46,1
RCA-05205,54,1
RCA-05206,47,1
RCA-05207,46,1
RCA-05208,44,1
RCA-05209,45,1
RCA-05210,56,1
RCA-05211,41,1
RCA-05212,45,1
RCA-05213,42,1
RCA-05214,42,1
RCA-05215,44,1
RCA-05216,56,1
RCA-05217,43,1
RCA-05218,41,1
RCA-05219,53,1
RCA-05220,45,1
RCA-05221,41,1
RCA-05222,45,1
RCA-05223,45,1
RCA-05224,49,1
RCA-05225,41,1
RCA-05226,44,1
RCA-05227,48,1
RCA-05228,49,1
RCA-05229,44,1
RCA-05230,45,1
RCA-05231,56,1
RCA-05232,46,1
RCA-05233,45,1
RCA-05234,53,1
RCA-05235,43,1
RCA-05236,45,1
RCA-05237,45,1
RCA-05238,45,1
RCA-05239,43,1
RCA-05240,46,1
RCA-05241,44,1
RCA-05242,53,1
RCA-05243,45,1
RCA-05244,41,1
RCA-05245,47,1
RCA-05246,47,1
RCA-05247,47,1
RCA-05248,46,1
RCA-05249,55,1
RCA-05250,43,1
RCA-05251,45,1
RCA-05252,45,1
RCA-05253,46,1
RCA-05254,44,1
RCA-05255,41,1
RCA-05256,47,1
RCA-05257,44,1
RCA-05258,45,1
RCA-05259,42,1
RCA-05260,43,1
RCA-05261,46,1
RCA-05262,43,1
RCA-05263,43,1
RCA-05264,45,1
RCA-05265,46,1
RCA-05266,43,1
RCA-05267,46,1
RCA-05268,45,1
RCA-05269,58,1
RCA-05270,55,1
RCA-05271,43,1
RCA-05272,48,1
RCA-05273,44,1
RCA-05274,46,1
RCA-05275,46,1
RCA-05276,42,1
RCA-05277,43,1
RCA-05278,46,1
RCA-05279,45,1
RCA-05280,43,1
RCA-05281,48,1
RCA-05282,46,1
RCA-05283,43,1
RCA-05284,47,1
RCA-05285,50,1
RCA-05286,46,1
RCA-05287,48,1
RCA-05288,42,1
RCA-05289,45,1
RCA-05290,44,1
RCA-05291,48,1
RCA-05292,47,1
RCA-05293,42,1
RCA-05294,41,1
RCA-05295,45,1
RCA-05296,41,1
RCA-05297,56,1
RCA-05298,44,1
RCA-05299,45,1
RCA-05300,43,1
RCA-05301,45,1
RCA-05302,45,1
RCA-05303,46,1
RCA-05304,46,1
RCA-05305,44,1
RCA-05306,42,1
RCA-05307,46,1
RCA-05308,44,1
RCA-05309,45,1
RCA-05310,46,1
RCA-05311,45,1
RCA-05312,42,1
RCA-05313,46,1
RCA-05314,45,1
RCA-05315,45,1
RCA-05316,42,1
RCA-05317,48,1
RCA-05318,45,1
RCA-05319,44,1
RCA-05320,44,1
RCA-05321,46,1
RCA-05322,44,1
RCA-05323,45,1
RCA-05324,47,1
RCA-05325,41,1
RCA-05326,44,1
RCA-05327,55,1
RCA-05328,44,1
RCA-05329,45,1
RCA-05330,45,1
RCA-05331,45,1
RCA-05332,45,1
RCA-05333,41,1
RCA-05334,42,1
RCA-05335,42,1
RCA-05336,45,1
RCA-05337,58,1
RCA-05338,41,1
RCA-05339,41,1
RCA-05340,45,1
RCA-05341,46,1
RCA-05342,46,1
RCA-05343,57,1
RCA-05344,44,1
RCA-05345,45,1
RCA-05346,43,1
RCA-05347,46,1
RCA-05348,42,1
RCA-05349,49,1
RCA-05350,45,1
RCA-05351,46,1
RCA-05352,50,1
RCA-05353,45,1
RCA-05354,43,1
RCA-05355,41,1
RCA-05356,45,1
RCA-05357,45,1
RCA-05358,46,1
RCA-05359,57,1
RCA-05360,43,1
RCA-05361,57,1
RCA-05362,48,1
RCA-05363,43,1
RCA-05364,44,1
RCA-05365,41,1
RCA-05366,44,1
RCA-05367,50,1
RCA-05368,46,1
RCA-05369,42,1
RCA-05370,44,1
RCA-05371,44,1
RCA-05372,55,1
RCA-05373,45,1
RCA-05374,54,1
RCA-05375,41,1
RCA-05376,45,1
RCA-05377,58,1
RCA-05378,47,1
RCA-05379,43,1
RCA-05380,45,1
RCA-05381,46,1
RCA-05382,41,1
RCA-05383,52,1
RCA-05384,45,1
RCA-05385,43,1
RCA-05386,45,1
RCA-05387,45,1
RCA-05388,55,1
RCA-05389,44,1
RCA-05390,42,1
RCA-05391,46,1
RCA-05392,44,1
RCA-05393,45,1
RCA-05394,44,1
RCA-05395,44,1
RCA-05396,52,1
RCA-05397,45,1
RCA-05398,44,1
RCA-05399,43,1
RCA-05400,42,1
RCA-05401,57,1
RCA-05402,50,1
RCA-05403,43,1
RCA-05404,56,1
RCA-05405,46,1
RCA-05406,44,1
RCA-05407,48,1
RCA-05408,45,1
RCA-05409,43,1
RCA-05410,45,1
RCA-05411,42,1
RCA-05412,47,1
RCA-05413,46,1
RCA-05414,41,1
RCA-05415,45,1
RCA-05416,46,1
RCA-05417,45,1
RCA-05418,43,1
RCA-05419,46,1
RCA-05420,44,1
RCA-05421,46,1
RCA-05422,46,1
RCA-05423,46,1
RCA-05424,45,1
RCA-05425,45,1
RCA-05426,55,1
RCA-05427,44,1
RCA-05428,45,1
RCA-05429,44,1
RCA-05430,49,1
RCA-05431,45,1
RCA-05432,46,1
RCA-05433,47,1
RCA-05434,46,1
RCA-05435,46,1
RCA-05436,43,1
RCA-05437,42,1
RCA-05438,46,1
RCA-05439,44,1
RCA-05440,41,1
RCA-05441,43,1
RCA-05442,43,1
RCA-05443,42,1
RCA-05444,44,1
RCA-05445,44,1
RCA-05446,42,1
RCA-05447,44,1
RCA-05448,45,1
RCA-05449,47,1
RCA-05450,45,1
RCA-05451,47,1
RCA-05452,46,1
RCA-05453,46,1
RCA-05454,45,1
RCA-05455,47,1
RCA-05456,44,1
RCA-05457,47,1
RCA-05458,45,1
RCA-05459,44,1
RCA-05460,45,1
RCA-05461,45,1
RCA-05462,45,1
RCA-05463,45,1
RCA-05464,45,1
RCA-05465,45,1
RCA-05466,47,1
RCA-05467,57,1
RCA-05468,47,1
RCA-05469,48,1
RCA-05470,45,1
RCA-05471,45,1
RCA-05472,44,1
RCA-05473,45,1
RCA-05474,46,1
RCA-05475,44,1
RCA-05476,44,1
RCA-05477,42,1
RCA-05478,58,1
RCA-05479,45,1
RCA-05480,58,1
RCA-05481,46,1
RCA-05482,45,1
RCA-05483,45,1
RCA-05484,45,1
RCA-05485,46,1
RCA-05486,45,1
RCA-05487,50,1
RCA-05488,45,1
RCA-05489,47,1
RCA-05490,45,1
RCA-05491,45,1
RCA-05492,45,1
RCA-05493,45,1
RCA-05494,49,1
RCA-05495,41,1
RCA-05496,45,1
RCA-05497,48,1
RCA-05498,49,1
RCA-05499,45,1
RCA-05500,41,1
RCA-05501,45,1
RCA-05502,42,1
RCA-05503,45,1
RCA-05504,45,1
RCA-05505,46,1
RCA-05506,44,1
RCA-05507,45,1
RCA-05508,45,1
RCA-05509,46,1
RCA-05510,45,1
RCA-05511,46,1
RCA-05512,45,1
RCA-05513,44,1
RCA-05514,44,1
RCA-05515,44,1
RCA-05516,56,1
RCA-05517,46,1
RCA-05518,46,1
RCA-05519,44,1
RCA-05520,42,1
RCA-05521,45,1
RCA-05522,45,1
RCA-05523,43,1
RCA-05524,46,1
RCA-05525,46,1
RCA-05526,44,1
RCA-05527,49,1
RCA-05528,45,1
RCA-05529,45,1
RCA-05530,46,1
RCA-05531,45,1
RCA-05532,44,1
RCA-05533,45,1
RCA-05534,50,1
RCA-05535,44,1
RCA-05536,42,1
RCA-05537,45,1
RCA-05538,41,1
RCA-05539,45,1
RCA-05540,46,1
RCA-05541,46,1
RCA-05542,45,1
RCA-05543,47,1
RCA-05544,47,1
RCA-05545,43,1
RCA-05546,46,1
RCA-05547,44,1
RCA-05548,46,1
RCA-05549,45,1
RCA-05550,45,1
RCA-05551,47,1
RCA-05552,45,1
RCA-05553,47,1
RCA-05554,42,1
RCA-05555,46,1
RCA-05556,44,1
RCA-05557,48,1
RCA-05558,43,1
RCA-05559,41,1
RCA-05560,41,1
RCA-05561,44,1
RCA-05562,45,1
RCA-05563,45,1
RCA-05564,43,1
RCA-05565,42,1
RCA-05566,43,1
RCA-05567,45,1
RCA-05568,45,1
RCA-05569,46,1
RCA-05570,46,1
RCA-05571,45,1
RCA-05572,47,1
RCA-05573,46,1
RCA-05574,44,1
RCA-05575,46,1
RCA-05576,46,1
RCA-05577,42,1
RCA-05578,42,1
RCA-05579,45,1
RCA-05580,44,1
RCA-05581,46,1
RCA-05582,44,1
RCA-05583,43,1
RCA-05584,44,1
RCA-05585,46,1
RCA-05586,46,1
RCA-05587,49,1
RCA-05588,42,1
RCA-05589,52,1
RCA-05590,49,1
RCA-05591,45,1
RCA-05592,43,1
RCA-05593,44,1
RCA-05594,43,1
RCA-05595,45,1
RCA-05596,47,1
RCA-05597,41,1
RCA-05598,48,1
RCA-05599,58,1
RCA-05600,42,1
RCA-05601,43,1
RCA-05602,46,1
RCA-05603,45,1
RCA-05604,43,1
RCA-05605,45,1
RCA-05606,49,1
RCA-05607,46,1
RCA-05608,45,1
RCA-05609,50,1
RCA-05610,45,1
RCA-05611,50,1
RCA-05612,44,1
RCA-05613,42,1
RCA-05614,48,1
RCA-05615,45,1
RCA-05616,43,1
RCA-05617,46,1
RCA-05618,42,1
RCA-05619,55,1
RCA-05620,48,1
RCA-05621,43,1
RCA-05622,49,1
RCA-05623,43,1
RCA-05624,42,1
RCA-05625,44,1
RCA-05626,45,1
RCA-05627,44,1
RCA-05628,46,1
RCA-05629,46,1
RCA-05630,43,1
RCA-05631,43,1
RCA-05632,44,1
RCA-05633,43,1
RCA-05634,46,1
RCA-05635,45,1
RCA-05636,43,1
RCA-05637,46,1
RCA-05638,45,1
RCA-05639,43,1
RCA-05640,42,1
RCA-05641,43,1
RCA-05642,45,1
RCA-05643,46,1
RCA-05644,53,1
RCA-05645,46,1
RCA-05646,46,1
RCA-05647,45,1
RCA-05648,47,1
RCA-05649,45,1
RCA-05650,45,1
RCA-05651,43,1
RCA-05652,43,1
RCA-05653,45,1
RCA-05654,41,1
RCA-05655,42,1
RCA-05656,41,1
RCA-05657,45,1
RCA-05658,43,1
RCA-05659,44,1
RCA-05660,43,1
RCA-05661,45,1
RCA-05662,44,1
RCA-05663,49,1
RCA-05664,56,1
RCA-05665,47,1
RCA-05666,45,1
RCA-05667,45,1
RCA-05668,45,1
RCA-05669,45,1
RCA-05670,44,1
RCA-05671,41,1
RCA-05672,46,1
RCA-05673,43,1
RCA-05674,45,1
RCA-05675,45,1
RCA-05676,44,1
RCA-05677,57,1
RCA-05678,43,1
RCA-05679,41,1
RCA-05680,44,1
RCA-05681,44,1
RCA-05682,45,1
RCA-05683,45,1
RCA-05684,48,1
RCA-05685,42,1
RCA-05686,45,1
RCA-05687,49,1
RCA-05688,42,1
RCA-05689,44,1
RCA-05690,45,1
RCA-05691,41,1
RCA-05692,48,1
RCA-05693,44,1
RCA-05694,44,1
RCA-05695,46,1
RCA-05696,57,1
RCA-05697,47,1
RCA-05698,46,1
RCA-05699,43,1
RCA-05700,44,1
RCA-05701,48,1
RCA-05702,45,1
RCA-05703,43,1
RCA-05704,43,1
RCA-05705,44,1
RCA-05706,45,1
RCA-05707,42,1
RCA-05708,42,1
RCA-05709,45,1
RCA-05710,47,1
RCA-05711,46,1
RCA-05712,46,1
RCA-05713,43,1
RCA-05714,43,1
RCA-05715,47,1
RCA-05716,49,1
RCA-05717,44,1
RCA-05718,42,1
RCA-05719,43,1
RCA-05720,46,1
RCA-05721,41,1
RCA-05722,44,1
RCA-05723,43,1
RCA-05724,45,1
RCA-05725,45,1
RCA-05726,46,1
RCA-05727,58,1
RCA-05728,42,1
RCA-05729,46,1
RCA-05730,46,1
RCA-05731,45,1
RCA-05732,44,1
RCA-05733,45,1
RCA-05734,46,1
RCA-05735,47,1
RCA-05736,48,1
RCA-05737,42,1
RCA-05738,43,1
RCA-05739,45,1
RCA-05740,44,1
RCA-05741,47,1
RCA-05742,53,1
RCA-05743,44,1
RCA-05744,46,1
RCA-05745,41,1
RCA-05746,45,1
RCA-05747,44,1
RCA-05748,44,1
RCA-05749,46,1
RCA-05750,46,1
RCA-05751,50,1
RCA-05752,44,1
RCA-05753,45,1
RCA-05754,57,1
RCA-05755,45,1
RCA-05756,45,1
RCA-05757,46,1
RCA-05758,50,1
RCA-05759,41,1
RCA-05760,44,1
RCA-05761,44,1
RCA-05762,55,1
RCA-05763,45,1
RCA-05764,44,1
RCA-05765,46,1
RCA-05766,44,1
RCA-05767,45,1
RCA-05768,47,1
RCA-05769,60,1
RCA-05770,43,1
RCA-05771,48,1
RCA-05772,46,1
RCA-05773,45,1
RCA-05774,43,1
RCA-05775,48,1
RCA-05776,43,1
RCA-05777,45,1
RCA-05778,45,1
RCA-05779,46,1
RCA-05780,42,1
RCA-05781,48,1
RCA-05782,44,1
RCA-05783,46,1
RCA-05784,55,1
RCA-05785,47,1
RCA-05786,46,1
RCA-05787,45,1
RCA-05788,47,1
RCA-05789,45,1
RCA-05790,42,1
RCA-05791,45,1
RCA-05792,47,1
RCA-05793,45,1
RCA-05794,46,1
RCA-05795,46,1
RCA-05796,42,1
RCA-05797,47,1
RCA-05798,41,1
RCA-05799,46,1
RCA-05800,45,1
RCA-05801,46,1
RCA-05802,45,1
RCA-05803,42,1
RCA-05804,41,1
RCA-05805,45,1
RCA-05806,45,1
RCA-05807,55,1
RCA-05808,52,1
RCA-05809,47,1
RCA-05810,45,1
RCA-05811,42,1
RCA-05812,45,1
RCA-05813,45,1
RCA-05814,44,1
RCA-05815,46,1
RCA-05816,42,1
RCA-05817,48,1
RCA-05818,44,1
RCA-05819,44,1
RCA-05820,43,1
RCA-05821,43,1
RCA-05822,43,1
RCA-05823,45,1
RCA-05824,57,1
RCA-05825,46,1
RCA-05826,44,1
RCA-05827,48,1
RCA-05828,45,1
RCA-05829,45,1
RCA-05830,45,1
RCA-05831,45,1
RCA-05832,45,1
RCA-05833,44,1
RCA-05834,46,1
RCA-05835,46,1
RCA-05836,49,1
RCA-05837,46,1
RCA-05838,46,1
RCA-05839,46,1
RCA-05840,44,1
RCA-05841,45,1
RCA-05842,49,1
RCA-05843,45,1
RCA-05844,44,1
RCA-05845,43,1
RCA-05846,43,1
RCA-05847,46,1
RCA-05848,55,1
RCA-05849,46,1
RCA-05850,48,1
RCA-05851,43,1
RCA-05852,45,1
RCA-05853,45,1
RCA-05854,43,1
RCA-05855,47,1
RCA-05856,46,1
RCA-05857,50,1
RCA-05858,47,1
RCA-05859,44,1
RCA-05860,45,1
RCA-05861,47,1
RCA-05862,48,1
RCA-05863,43,1
RCA-05864,42,1
RCA-05865,43,1
RCA-05866,43,1
RCA-05867,45,1
RCA-05868,41,1
RCA-05869,45,1
RCA-05870,44,1
RCA-05871,43,1
RCA-05872,46,1
RCA-05873,45,1
RCA-05874,44,1
RCA-05875,47,1
RCA-05876,48,1
RCA-05877,47,1
RCA-05878,44,1
RCA-05879,43,1
RCA-05880,43,1
RCA-05881,46,1
RCA-05882,44,1
RCA-05883,45,1
RCA-05884,48,1
RCA-05885,43,1
RCA-05886,46,1
RCA-05887,47,1
RCA-05888,47,1
RCA-05889,42,1
RCA-05890,42,1
RCA-05891,45,1
RCA-05892,45,1
RCA-05893,44,1
RCA-05894,43,1
RCA-05895,47,1
RCA-05896,45,1
RCA-05897,45,1
RCA-05898,46,1
RCA-05899,45,1
RCA-05900,45,1
RCA-05901,44,1
RCA-05902,47,1
RCA-05903,44,1
RCA-05904,46,1
RCA-05905,45,1
RCA-05906,48,1
RCA-05907,43,1
RCA-05908,43,1
RCA-05909,46,1
RCA-05910,45,1
RCA-05911,43,1
RCA-05912,43,1
RCA-05913,59,1
RCA-05914,58,1
RCA-05915,48,1
RCA-05916,48,1
RCA-05917,44,1
RCA-05918,43,1
RCA-05919,53,1
RCA-05920,46,1
RCA-05921,44,1
RCA-05922,45,1
RCA-05923,45,1
RCA-05924,44,1
RCA-05925,48,1
RCA-05926,44,1
RCA-05927,45,1
RCA-05928,46,1
RCA-05929,48,1
RCA-05930,45,1
RCA-05931,44,1
RCA-05932,44,1
RCA-05933,42,1
RCA-05934,42,1
RCA-05935,44,1
RCA-05936,47,1
RCA-05937,47,1
RCA-05938,43,1
RCA-05939,44,1
RCA-05940,45,1
RCA-05941,45,1
RCA-05942,45,1
RCA-05943,46,1
RCA-05944,54,1
RCA-05945,48,1
RCA-05946,45,1
RCA-05947,57,1
RCA-05948,42,1
RCA-05949,44,1
RCA-05950,47,1
RCA-05951,42,1
RCA-05952,44,1
RCA-05953,47,1
RCA-05954,42,1
RCA-05955,46,1
RCA-05956,42,1
RCA-05957,47,1
RCA-05958,50,1
RCA-05959,61,1
RCA-05960,46,1
RCA-05961,41,1
RCA-05962,47,1
RCA-05963,44,1
RCA-05964,45,1
RCA-05965,45,1
RCA-05966,47,1
RCA-05967,47,1
RCA-05968,45,1
RCA-05969,43,1
RCA-05970,56,1
RCA-05971,44,1
RCA-05972,45,1
RCA-05973,49,1
RCA-05974,46,1
RCA-05975,45,1
RCA-05976,45,1
RCA-05977,43,1
RCA-05978,46,1
RCA-05979,44,1
RCA-05980,43,1
RCA-05981,46,1
RCA-05982,42,1
RCA-05983,43,1
RCA-05984,46,1
RCA-05985,46,1
RCA-05986,46,1
RCA-05987,44,1
RCA-05988,42,1
RCA-05989,47,1
RCA-05990,47,1
RCA-05991,44,1
RCA-05992,41,1
RCA-05993,45,1
RCA-05994,45,1
RCA-05995,48,1
RCA-05996,45,1
RCA-05997,46,1
RCA-05998,45,1
RCA-05999,49,1
RCA-06000,42,1
RCA-06001,44,1
RCA-06002,43,1
RCA-06003,46,1
RCA-06004,45,1
RCA-06005,46,1
RCA-06006,48,1
RCA-06007,45,1
RCA-06008,44,1
RCA-06009,46,1
RCA-06010,45,1
RCA-06011,46,1
RCA-06012,45,1
RCA-06013,45,1
RCA-06014,44,1
RCA-06015,45,1
RCA-06016,55,1
RCA-06017,46,1
RCA-06018,47,1
RCA-06019,50,1
RCA-06020,44,1
RCA-06021,50,1
RCA-06022,45,1
RCA-06023,41,1
RCA-06024,44,1
RCA-06025,44,1
RCA-06026,46,1
RCA-06027,45,1
RCA-06028,45,1
RCA-06029,45,1
RCA-06030,43,1
RCA-06031,42,1
RCA-06032,44,1
RCA-06033,45,1
RCA-06034,45,1
RCA-06035,45,1
RCA-06036,42,1
RCA-06037,45,1
RCA-06038,43,1
RCA-06039,44,1
RCA-06040,41,1
RCA-06041,56,1
RCA-06042,46,1
RCA-06043,44,1
RCA-06044,42,1
RCA-06045,46,1
RCA-06046,48,1
RCA-06047,44,1
RCA-06048,42,1
RCA-06049,44,1
RCA-06050,42,1
RCA-06051,46,1
RCA-06052,50,1
RCA-06053,45,1
RCA-06054,44,1
RCA-06055,42,1
RCA-06056,48,1
RCA-06057,45,1
RCA-06058,46,1
RCA-06059,45,1
RCA-06060,46,1
RCA-06061,45,1
RCA-06062,55,1
RCA-06063,44,1
RCA-06064,45,1
RCA-06065,47,1
RCA-06066,54,1
RCA-06067,41,1
RCA-06068,48,1
RCA-06069,46,1
RCA-06070,45,1
RCA-06071,47,1
RCA-06072,46,1
RCA-06073,47,1
RCA-06074,44,1
RCA-06075,48,1
RCA-06076,46,1
RCA-06077,45,1
RCA-06078,49,1
RCA-06079,45,1
RCA-06080,47,1
RCA-06081,45,1
RCA-06082,45,1
RCA-06083,43,1
RCA-06084,45,1
RCA-06085,43,1
RCA-06086,45,1
RCA-06087,45,1
RCA-06088,44,1
RCA-06089,60,1
RCA-06090,41,1
RCA-06091,44,1
RCA-06092,44,1
RCA-06093,42,1
RCA-06094,44,1
RCA-06095,44,1
RCA-06096,57,1
RCA-06097,45,1
RCA-06098,47,1
RCA-06099,48,1
RCA-06100,44,1
RCA-06101,46,1
RCA-06102,48,1
RCA-06103,45,1
RCA-06104,42,1
RCA-06105,43,1
RCA-06106,45,1
RCA-06107,42,1
RCA-06108,44,1
RCA-06109,55,1
RCA-06110,45,1
RCA-06111,46,1
RCA-06112,45,1
RCA-06113,46,1
RCA-06114,45,1
RCA-06115,45,1
RCA-06116,48,1
RCA-06117,48,1
RCA-06118,41,1
RCA-06119,47,1
RCA-06120,44,1
RCA-06121,43,1
RCA-06122,46,1
RCA-06123,48,1
RCA-06124,42,1
RCA-06125,44,1
RCA-06126,48,1
RCA-06127,46,1
RCA-06128,48,1
RCA-06129,47,1
RCA-06130,46,1
RCA-06131,45,1
RCA-06132,58,1
RCA-06133,45,1
RCA-06134,43,1
RCA-06135,55,1
RCA-06136,46,1
RCA-06137,45,1
RCA-06138,45,1
RCA-06139,45,1
RCA-06140,46,1
RCA-06141,45,1
RCA-06142,43,1
RCA-06143,42,1
RCA-06144,45,1
RCA-06145,45,1
RCA-06146,42,1
RCA-06147,46,1
RCA-06148,44,1
RCA-06149,45,1
RCA-06150,48,1
RCA-06151,44,1
RCA-06152,42,1
RCA-06153,45,1
RCA-06154,45,1
RCA-06155,44,1
RCA-06156,45,1
RCA-06157,46,1
RCA-06158,47,1
RCA-06159,45,1
RCA-06160,43,1
RCA-06161,45,1
RCA-06162,44,1
RCA-06163,42,1
RCA-06164,45,1
RCA-06165,56,1
RCA-06166,47,1
RCA-06167,46,1
RCA-06168,45,1
RCA-06169,45,1
RCA-06170,45,1
RCA-06171,45,1
RCA-06172,42,1
RCA-06173,45,1
RCA-06174,42,1
RCA-06175,49,1
RCA-06176,47,1
RCA-06177,42,1
RCA-06178,49,1
RCA-06179,45,1
RCA-06180,46,1
RCA-06181,46,1
RCA-06182,45,1
RCA-06183,46,1
RCA-06184,45,1
RCA-06185,47,1
RCA-06186,44,1
RCA-06187,46,1
RCA-06188,47,1
RCA-06189,45,1
RCA-06190,45,1
RCA-06191,43,1
RCA-06192,48,1
RCA-06193,45,1
RCA-06194,46,1
RCA-06195,46,1
RCA-06196,47,1
RCA-06197,44,1
RCA-06198,42,1
RCA-06199,55,1
RCA-06200,45,1
RCA-06201,46,1
RCA-06202,43,1
RCA-06203,48,1
RCA-06204,45,1
RCA-06205,41,1
RCA-06206,44,1
RCA-06207,44,1
RCA-06208,42,1
RCA-06209,45,1
RCA-06210,45,1
RCA-06211,41,1
RCA-06212,41,1
RCA-06213,43,1
RCA-06214,46,1
RCA-06215,45,1
RCA-06216,47,1
RCA-06217,45,1
RCA-06218,44,1
RCA-06219,42,1
RCA-06220,42,1
RCA-06221,57,1
RCA-06222,46,1
RCA-06223,44,1
RCA-06224,45,1
RCA-06225,45,1
RCA-06226,45,1
RCA-06227,44,1
RCA-06228,44,1
RCA-06229,46,1
RCA-06230,46,1
RCA-06231,42,1
RCA-06232,46,1
RCA-06233,58,1
RCA-06234,49,1
RCA-06235,46,1
RCA-06236,41,1
RCA-06237,42,1
RCA-06238,45,1
RCA-06239,41,1
RCA-06240,45,1
RCA-06241,46,1
RCA-06242,45,1
RCA-06243,45,1
RCA-06244,46,1
RCA-06245,47,1
RCA-06246,46,1
RCA-06247,46,1
RCA-06248,46,1
RCA-06249,45,1
RCA-06250,47,1
RCA-06251,48,1
RCA-06252,56,1
RCA-06253,57,1
RCA-06254,43,1
RCA-06255,49,1
RCA-06256,49,1
RCA-06257,46,1
RCA-06258,47,1
RCA-06259,46,1
RCA-06260,44,1
RCA-06261,58,1
RCA-06262,45,1
RCA-06263,43,1
RCA-06264,47,1
RCA-06265,45,1
RCA-06266,45,1
RCA-06267,56,1
RCA-06268,46,1
RCA-06269,43,1
RCA-06270,42,1
RCA-06271,44,1
RCA-06272,43,1
RCA-06273,45,1
RCA-06274,54,1
RCA-06275,44,1
RCA-06276,47,1
RCA-06277,59,1
RCA-06278,43,1
RCA-06279,44,1
RCA-06280,44,1
RCA-06281,46,1
RCA-06282,44,1
RCA-06283,45,1
RCA-06284,48,1
RCA-06285,43,1
RCA-06286,48,1
RCA-06287,47,1
RCA-06288,44,1
RCA-06289,49,1
RCA-06290,46,1
RCA-06291,43,1
RCA-06292,45,1
RCA-06293,46,1
RCA-06294,45,1
RCA-06295,46,1
RCA-06296,42,1
RCA-06297,46,1
RCA-06298,45,1
RCA-06299,46,1
RCA-06300,46,1
RCA-06301,54,1
RCA-06302,41,1
RCA-06303,47,1
RCA-06304,44,1
RCA-06305,43,1
RCA-06306,46,1
RCA-06307,47,1
RCA-06308,41,1
RCA-06309,42,1
RCA-06310,45,1
RCA-06311,42,1
RCA-06312,48,1
RCA-06313,47,1
RCA-06314,45,1
RCA-06315,45,1
RCA-06316,46,1
RCA-06317,43,1
RCA-06318,45,1
RCA-06319,43,1
RCA-06320,45,1
RCA-06321,47,1
RCA-06322,45,1
RCA-06323,44,1
RCA-06324,46,1
RCA-06325,45,1
RCA-06326,43,1
RCA-06327,46,1
RCA-06328,49,1
RCA-06329,47,1
RCA-06330,46,1
RCA-06331,45,1
RCA-06332,47,1
RCA-06333,45,1
RCA-06334,45,1
RCA-06335,44,1
RCA-06336,44,1
RCA-06337,44,1
RCA-06338,41,1
RCA-06339,46,1
RCA-06340,55,1
RCA-06341,45,1
RCA-06342,43,1
RCA-06343,44,1
RCA-06344,44,1
RCA-06345,46,1
RCA-06346,48,1
RCA-06347,49,1
RCA-06348,46,1
RCA-06349,42,1
RCA-06350,45,1
RCA-06351,46,1
RCA-06352,42,1
RCA-06353,45,1
RCA-06354,45,1
RCA-06355,44,1
RCA-06356,47,1
RCA-06357,49,1
RCA-06358,56,1
RCA-06359,47,1
RCA-06360,46,1
RCA-06361,46,1
RCA-06362,48,1
RCA-06363,50,1
RCA-06364,41,1
RCA-06365,47,1
RCA-06366,47,1
RCA-06367,46,1
RCA-06368,48,1
RCA-06369,46,1
RCA-06370,44,1
RCA-06371,45,1
RCA-06372,46,1
RCA-06373,48,1
RCA-06374,44,1
RCA-06375,48,1
RCA-06376,43,1
RCA-06377,59,1
RCA-06378,45,1
RCA-06379,46,1
RCA-06380,46,1
RCA-06381,46,1
RCA-06382,43,1
RCA-06383,44,1
RCA-06384,48,1
RCA-06385,45,1
RCA-06386,44,1
RCA-06387,47,1
RCA-06388,45,1
RCA-06389,56,1
RCA-06390,44,1
RCA-06391,44,1
RCA-06392,47,1
RCA-06393,45,1
RCA-06394,42,1
RCA-06395,47,1
RCA-06396,42,1
RCA-06397,49,1
RCA-06398,43,1
RCA-06399,45,1
RCA-06400,46,1
RCA-06401,44,1
RCA-06402,41,1
RCA-06403,45,1
RCA-06404,45,1
RCA-06405,48,1
RCA-06406,49,1
RCA-06407,48,1
RCA-06408,43,1
RCA-06409,47,1
RCA-06410,44,1
RCA-06411,45,1
RCA-06412,47,1
RCA-06413,43,1
RCA-06414,45,1
RCA-06415,44,1
RCA-06416,48,1
RCA-06417,53,1
RCA-06418,45,1
RCA-06419,45,1
RCA-06420,42,1
RCA-06421,48,1
RCA-06422,56,1
RCA-06423,46,1
RCA-06424,45,1
RCA-06425,44,1
RCA-06426,63,1
RCA-06427,45,1
RCA-06428,46,1
RCA-06429,46,1
RCA-06430,45,1
RCA-06431,45,1
RCA-06432,59,1
RCA-06433,44,1
RCA-06434,45,1
RCA-06435,47,1
RCA-06436,43,1
RCA-06437,47,1
RCA-06438,44,1
RCA-06439,42,1
RCA-06440,49,1
RCA-06441,43,1
RCA-06442,46,1
RCA-06443,41,1
RCA-06444,44,1
RCA-06445,45,1
RCA-06446,42,1
RCA-06447,46,1
RCA-06448,44,1
RCA-06449,49,1
RCA-06450,45,1
RCA-06451,43,1
RCA-06452,46,1
RCA-06453,48,1
RCA-06454,43,1
RCA-06455,46,1
RCA-06456,45,1
RCA-06457,45,1
RCA-06458,47,1
RCA-06459,44,1
RCA-06460,57,1
RCA-06461,44,1
RCA-06462,43,1
RCA-06463,46,1
RCA-06464,45,1
RCA-06465,46,1
RCA-06466,44,1
RCA-06467,45,1
RCA-06468,42,1
RCA-06469,59,1
RCA-06470,42,1
RCA-06471,48,1
RCA-06472,48,1
RCA-06473,45,1
RCA-06474,46,1
RCA-06475,55,1
RCA-06476,45,1
RCA-06477,47,1
RCA-06478,46,1
RCA-06479,46,1
RCA-06480,47,1
RCA-06481,46,1
RCA-06482,49,1
RCA-06483,45,1
RCA-06484,55,1
RCA-06485,45,1
RCA-06486,41,1
RCA-06487,47,1
RCA-06488,58,1
RCA-06489,44,1
RCA-06490,48,1
RCA-06491,46,1
RCA-06492,41,1
RCA-06493,48,1
RCA-06494,49,1
RCA-06495,46,1
RCA-06496,48,1
RCA-06497,41,1
RCA-06498,47,1
RCA-06499,43,1
RCA-06500,47,1
RCA-06501,47,1
RCA-06502,43,1
RCA-06503,46,1
RCA-06504,44,1
RCA-06505,41,1
RCA-06506,46,1
RCA-06507,44,1
RCA-06508,48,1
RCA-06509,52,1
RCA-06510,46,1
RCA-06511,46,1
RCA-06512,41,1
RCA-06513,45,1
RCA-06514,46,1
RCA-06515,44,1
RCA-06516,43,1
RCA-06517,45,1
RCA-06518,45,1
RCA-06519,44,1
RCA-06520,46,1
RCA-06521,47,1
RCA-06522,44,1
RCA-06523,44,1
RCA-06524,49,1
RCA-06525,44,1
RCA-06526,44,1
RCA-06527,44,1
RCA-06528,45,1
RCA-06529,43,1
RCA-06530,45,1
RCA-06531,43,1
RCA-06532,43,1
RCA-06533,46,1
RCA-06534,44,1
RCA-06535,45,1
RCA-06536,46,1
RCA-06537,58,1
RCA-06538,54,1
RCA-06539,42,1
RCA-06540,45,1
RCA-06541,49,1
RCA-06542,46,1
RCA-06543,41,1
RCA-06544,45,1
RCA-06545,46,1
RCA-06546,46,1
RCA-06547,51,1
RCA-06548,46,1
RCA-06549,46,1
RCA-06550,44,1
RCA-06551,53,1
RCA-06552,44,1
RCA-06553,43,1
RCA-06554,43,1
RCA-06555,46,1
RCA-06556,46,1
RCA-06557,43,1
RCA-06558,44,1
RCA-06559,44,1
RCA-06560,56,1
RCA-06561,46,1
RCA-06562,58,1
RCA-06563,42,1
RCA-06564,43,1
RCA-06565,46,1
RCA-06566,45,1
RCA-06567,47,1
RCA-06568,45,1
RCA-06569,44,1
RCA-06570,44,1
RCA-06571,41,1
RCA-06572,48,1
RCA-06573,48,1
RCA-06574,45,1
RCA-06575,44,1
RCA-06576,42,1
RCA-06577,44,1
RCA-06578,46,1
RCA-06579,44,1
RCA-06580,45,1
RCA-06581,43,1
RCA-06582,45,1
RCA-06583,47,1
RCA-06584,42,1
RCA-06585,45,1
RCA-06586,45,1
RCA-06587,46,1
RCA-06588,46,1
RCA-06589,46,1
RCA-06590,45,1
RCA-06591,53,1
RCA-06592,44,1
RCA-06593,44,1
RCA-06594,61,1
RCA-06595,43,1
RCA-06596,45,1
RCA-06597,43,1
RCA-06598,45,1
RCA-06599,41,1
RCA-06600,41,1
RCA-06601,44,1
RCA-06602,43,1
RCA-06603,43,1
RCA-06604,58,1
RCA-06605,44,1
RCA-06606,42,1
RCA-06607,46,1
RCA-06608,45,1
RCA-06609,43,1
RCA-06610,45,1
RCA-06611,46,1
RCA-06612,43,1
RCA-06613,42,1
RCA-06614,42,1
RCA-06615,43,1
RCA-06616,41,1
RCA-06617,44,1
RCA-06618,46,1
RCA-06619,48,1
RCA-06620,46,1
RCA-06621,45,1
RCA-06622,43,1
RCA-06623,43,1
RCA-06624,49,1
RCA-06625,45,1
RCA-06626,46,1
RCA-06627,50,1
RCA-06628,45,1
RCA-06629,44,1
RCA-06630,56,1
RCA-06631,45,1
RCA-06632,44,1
RCA-06633,46,1
RCA-06634,41,1
RCA-06635,48,1
RCA-06636,42,1
RCA-06637,58,1
RCA-06638,43,1
RCA-06639,41,1
RCA-06640,43,1
RCA-06641,46,1
RCA-06642,45,1
RCA-06643,47,1
RCA-06644,45,1
RCA-06645,47,1
RCA-06646,42,1
RCA-06647,47,1
RCA-06648,48,1
RCA-06649,41,1
RCA-06650,55,1
RCA-06651,55,1
RCA-06652,45,1
RCA-06653,45,1
RCA-06654,45,1
RCA-06655,46,1
RCA-06656,41,1
RCA-06657,44,1
RCA-06658,46,1
RCA-06659,43,1
RCA-06660,48,1
RCA-06661,46,1
RCA-06662,45,1
RCA-06663,55,1
RCA-06664,46,1
RCA-06665,41,1
RCA-06666,44,1
RCA-06667,46,1
RCA-06668,47,1
RCA-06669,41,1
RCA-06670,44,1
RCA-06671,45,1
RCA-06672,59,1
RCA-06673,45,1
RCA-06674,42,1
RCA-06675,45,1
RCA-06676,42,1
RCA-06677,45,1
RCA-06678,45,1
RCA-06679,48,1
RCA-06680,43,1
RCA-06681,44,1
RCA-06682,44,1
RCA-06683,45,1
RCA-06684,44,1
RCA-06685,44,1
RCA-06686,46,1
RCA-06687,45,1
RCA-06688,44,1
RCA-06689,43,1
RCA-06690,41,1
RCA-06691,46,1
RCA-06692,44,1
RCA-06693,45,1
RCA-06694,55,1
RCA-06695,43,1
RCA-06696,44,1
RCA-06697,56,1
RCA-06698,44,1
RCA-06699,44,1
RCA-06700,47,1
RCA-06701,45,1
RCA-06702,48,1
RCA-06703,41,1
RCA-06704,49,1
RCA-06705,49,1
RCA-06706,48,1
RCA-06707,46,1
RCA-06708,41,1
RCA-06709,44,1
RCA-06710,43,1
RCA-06711,45,1
RCA-06712,44,1
RCA-06713,41,1
RCA-06714,42,1
RCA-06715,44,1
RCA-06716,45,1
RCA-06717,43,1
RCA-06718,52,1
RCA-06719,46,1
RCA-06720,45,1
RCA-06721,49,1
RCA-06722,44,1
RCA-06723,56,1
RCA-06724,46,1
RCA-06725,46,1
RCA-06726,44,1
RCA-06727,49,1
RCA-06728,45,1
RCA-06729,42,1
RCA-06730,45,1
RCA-06731,45,1
RCA-06732,44,1
RCA-06733,49,1
RCA-06734,46,1
RCA-06735,42,1
RCA-06736,48,1
RCA-06737,46,1
RCA-06738,44,1
RCA-06739,46,1
RCA-06740,47,1
RCA-06741,49,1
RCA-06742,46,1
RCA-06743,41,1
RCA-06744,45,1
RCA-06745,45,1
RCA-06746,45,1
RCA-06747,45,1
RCA-06748,46,1
RCA-06749,45,1
RCA-06750,43,1
RCA-06751,44,1
RCA-06752,46,1
RCA-06753,46,1
RCA-06754,45,1
RCA-06755,41,1
RCA-06756,43,1
RCA-06757,45,1
RCA-06758,41,1
RCA-06759,45,1
RCA-06760,49,1
RCA-06761,44,1
RCA-06762,46,1
RCA-06763,41,1
RCA-06764,44,1
RCA-06765,45,1
RCA-06766,43,1
RCA-06767,45,1
RCA-06768,46,1
RCA-06769,41,1
RCA-06770,42,1
RCA-06771,42,1
RCA-06772,42,1
RCA-06773,46,1
RCA-06774,43,1
RCA-06775,45,1
RCA-06776,46,1
RCA-06777,45,1
RCA-06778,49,1
RCA-06779,49,1
RCA-06780,42,1
RCA-06781,45,1
RCA-06782,45,1
RCA-06783,45,1
RCA-06784,46,1
RCA-06785,42,1
RCA-06786,45,1
RCA-06787,44,1
RCA-06788,63,1
RCA-06789,46,1
RCA-06790,43,1
RCA-06791,48,1
RCA-06792,46,1
RCA-06793,45,1
RCA-06794,41,1
RCA-06795,45,1
RCA-06796,44,1
RCA-06797,45,1
RCA-06798,47,1
RCA-06799,45,1
RCA-06800,46,1
RCA-06801,42,1
RCA-06802,59,1
RCA-06803,43,1
RCA-06804,44,1
RCA-06805,42,1
RCA-06806,46,1
RCA-06807,44,1
RCA-06808,42,1
RCA-06809,45,1
RCA-06810,44,1
RCA-06811,46,1
RCA-06812,45,1
RCA-06813,45,1
RCA-06814,43,1
RCA-06815,45,1
RCA-06816,43,1
RCA-06817,42,1
RCA-06818,44,1
RCA-06819,42,1
RCA-06820,49,1
RCA-06821,45,1
RCA-06822,47,1
RCA-06823,43,1
RCA-06824,45,1
RCA-06825,46,1
RCA-06826,44,1
RCA-06827,45,1
RCA-06828,49,1
RCA-06829,46,1
RCA-06830,46,1
RCA-06831,45,1
RCA-06832,43,1
RCA-06833,42,1
RCA-06834,55,1
RCA-06835,43,1
RCA-06836,46,1
RCA-06837,45,1
RCA-06838,45,1
RCA-06839,45,1
RCA-06840,45,1
RCA-06841,42,1
RCA-06842,43,1
RCA-06843,46,1
RCA-06844,52,1
RCA-06845,46,1
RCA-06846,41,1
RCA-06847,46,1
RCA-06848,44,1
RCA-06849,45,1
RCA-06850,41,1
RCA-06851,46,1
RCA-06852,52,1
RCA-06853,45,1
RCA-06854,44,1
RCA-06855,44,1
RCA-06856,44,1
RCA-06857,46,1
RCA-06858,50,1
RCA-06859,48,1
RCA-06860,46,1
RCA-06861,56,1
RCA-06862,45,1
RCA-06863,46,1
RCA-06864,46,1
RCA-06865,47,1
RCA-06866,47,1
RCA-06867,45,1
RCA-06868,47,1
RCA-06869,56,1
RCA-06870,41,1
RCA-06871,46,1
RCA-06872,42,1
RCA-06873,46,1
RCA-06874,42,1
RCA-06875,45,1
RCA-06876,45,1
RCA-06877,46,1
RCA-06878,43,1
RCA-06879,41,1
RCA-06880,44,1
RCA-06881,46,1
RCA-06882,60,1
RCA-06883,46,1
RCA-06884,45,1
RCA-06885,46,1
RCA-06886,46,1
RCA-06887,54,1
RCA-06888,47,1
RCA-06889,47,1
RCA-06890,47,1
RCA-06891,41,1
RCA-06892,42,1
RCA-06893,42,1
RCA-06894,53,1
RCA-06895,46,1
RCA-06896,44,1
RCA-06897,45,1
RCA-06898,46,1
RCA-06899,46,1
RCA-06900,43,1
RCA-06901,45,1
RCA-06902,45,1
RCA-06903,46,1
RCA-06904,52,1
RCA-06905,44,1
RCA-06906,44,1
RCA-06907,45,1
RCA-06908,47,1
RCA-06909,56,1
RCA-06910,47,1
RCA-06911,43,1
RCA-06912,45,1
RCA-06913,42,1
RCA-06914,44,1
RCA-06915,46,1
RCA-06916,46,1
RCA-06917,49,1
RCA-06918,42,1
RCA-06919,43,1
RCA-06920,47,1
RCA-06921,46,1
RCA-06922,44,1
RCA-06923,46,1
RCA-06924,45,1
RCA-06925,43,1
RCA-06926,48,1
RCA-06927,44,1
RCA-06928,46,1
RCA-06929,48,1
RCA-06930,45,1
RCA-06931,48,1
RCA-06932,48,1
RCA-06933,46,1
RCA-06934,45,1
RCA-06935,44,1
RCA-06936,45,1
RCA-06937,45,1
RCA-06938,46,1
RCA-06939,47,1
RCA-06940,42,1
RCA-06941,44,1
RCA-06942,44,1
RCA-06943,43,1
RCA-06944,45,1
RCA-06945,42,1
RCA-06946,45,1
RCA-06947,47,1
RCA-06948,42,1
RCA-06949,60,1
RCA-06950,45,1
RCA-06951,43,1
RCA-06952,44,1
RCA-06953,45,1
RCA-06954,47,1
RCA-06955,46,1
RCA-06956,43,1
RCA-06957,42,1
RCA-06958,46,1
RCA-06959,42,1
RCA-06960,45,1
RCA-06961,43,1
RCA-06962,45,1
RCA-06963,45,1
RCA-06964,46,1
RCA-06965,41,1
RCA-06966,46,1
RCA-06967,46,1
RCA-06968,42,1
RCA-06969,45,1
RCA-06970,45,1
RCA-06971,42,1
RCA-06972,46,1
RCA-06973,46,1
RCA-06974,46,1
RCA-06975,47,1
RCA-06976,43,1
RCA-06977,44,1
RCA-06978,42,1
RCA-06979,42,1
RCA-06980,46,1
RCA-06981,42,1
RCA-06982,46,1
RCA-06983,43,1
RCA-06984,48,1
RCA-06985,52,1
RCA-06986,46,1
RCA-06987,45,1
RCA-06988,47,1
RCA-06989,44,1
RCA-06990,45,1
RCA-06991,44,1
RCA-06992,48,1
RCA-06993,46,1
RCA-06994,47,1
RCA-06995,46,1
RCA-06996,46,1
RCA-06997,44,1
RCA-06998,47,1
RCA-06999,60,1
RCA-07000,46,1
RCA-07001,43,1
RCA-07002,46,1
RCA-07003,49,1
RCA-07004,43,1
RCA-07005,46,1
RCA-07006,43,1
RCA-07007,44,1
RCA-07008,46,1
RCA-07009,44,1
RCA-07010,42,1
RCA-07011,56,1
RCA-07012,44,1
RCA-07013,47,1
RCA-07014,44,1
RCA-07015,60,1
RCA-07016,45,1
RCA-07017,55,1
RCA-07018,48,1
RCA-07019,47,1
RCA-07020,44,1
RCA-07021,42,1
RCA-07022,41,1
RCA-07023,42,1
RCA-07024,44,1
RCA-07025,45,1
RCA-07026,45,1
RCA-07027,45,1
RCA-07028,48,1
RCA-07029,43,1
RCA-07030,45,1
RCA-07031,45,1
RCA-07032,45,1
RCA-07033,45,1
RCA-07034,46,1
RCA-07035,60,1
RCA-07036,45,1
RCA-07037,42,1
RCA-07038,45,1
RCA-07039,44,1
RCA-07040,45,1
RCA-07041,46,1
RCA-07042,47,1
RCA-07043,44,1
RCA-07044,41,1
RCA-07045,44,1
RCA-07046,44,1
RCA-07047,45,1
RCA-07048,46,1
RCA-07049,46,1
RCA-07050,43,1
RCA-07051,48,1
RCA-07052,44,1
RCA-07053,45,1
RCA-07054,50,1
RCA-07055,52,1
RCA-07056,44,1
RCA-07057,46,1
RCA-07058,44,1
RCA-07059,48,1
RCA-07060,44,1
RCA-07061,45,1
RCA-07062,45,1
RCA-07063,44,1
RCA-07064,59,1
RCA-07065,45,1
RCA-07066,46,1
RCA-07067,43,1
RCA-07068,43,1
RCA-07069,58,1
RCA-07070,47,1
RCA-07071,45,1
RCA-07072,46,1
RCA-07073,45,1
RCA-07074,45,1
RCA-07075,47,1
RCA-07076,43,1
RCA-07077,50,1
RCA-07078,44,1
RCA-07079,44,1
RCA-07080,48,1
RCA-07081,45,1
RCA-07082,45,1
RCA-07083,58,1
RCA-07084,44,1
RCA-07085,45,1
RCA-07086,56,1
RCA-07087,44,1
RCA-07088,44,1
RCA-07089,44,1
RCA-07090,46,1
RCA-07091,44,1
RCA-07092,45,1
RCA-07093,46,1
RCA-07094,42,1
RCA-07095,42,1
RCA-07096,46,1
RCA-07097,43,1
RCA-07098,46,1
RCA-07099,45,1
RCA-07100,43,1
RCA-07101,44,1
RCA-07102,42,1
RCA-07103,42,1
RCA-07104,44,1
RCA-07105,43,1
RCA-07106,45,1
RCA-07107,44,1
RCA-07108,43,1
RCA-07109,44,1
RCA-07110,43,1
RCA-07111,44,1
RCA-07112,42,1
RCA-07113,55,1
RCA-07114,46,1
RCA-07115,48,1
RCA-07116,45,1
RCA-07117,46,1
RCA-07118,43,1
RCA-07119,48,1
RCA-07120,58,1
RCA-07121,42,1
RCA-07122,46,1
RCA-07123,48,1
RCA-07124,46,1
RCA-07125,46,1
RCA-07126,43,1
RCA-07127,46,1
RCA-07128,44,1
RCA-07129,45,1
RCA-07130,48,1
RCA-07131,45,1
RCA-07132,44,1
RCA-07133,45,1
RCA-07134,44,1
RCA-07135,47,1
RCA-07136,46,1
RCA-07137,46,1
RCA-07138,45,1
RCA-07139,46,1
RCA-07140,62,1
RCA-07141,43,1
RCA-07142,45,1
RCA-07143,49,1
RCA-07144,42,1
RCA-07145,46,1
RCA-07146,45,1
RCA-07147,45,1
RCA-07148,56,1
RCA-07149,45,1
RCA-07150,44,1
RCA-07151,43,1
RCA-07152,45,1
RCA-07153,45,1
RCA-07154,42,1
RCA-07155,45,1
RCA-07156,49,1
RCA-07157,45,1
RCA-07158,43,1
RCA-07159,50,1
RCA-07160,44,1
RCA-07161,47,1
RCA-07162,44,1
RCA-07163,45,1
RCA-07164,44,1
RCA-07165,61,1
RCA-07166,46,1
RCA-07167,45,1
RCA-07168,43,1
RCA-07169,45,1
RCA-07170,45,1
RCA-07171,45,1
RCA-07172,46,1
RCA-07173,43,1
RCA-07174,44,1
RCA-07175,45,1
RCA-07176,46,1
RCA-07177,43,1
RCA-07178,46,1
RCA-07179,44,1
RCA-07180,41,1
RCA-07181,44,1
RCA-07182,46,1
RCA-07183,49,1
RCA-07184,48,1
RCA-07185,55,1
RCA-07186,46,1
RCA-07187,48,1
RCA-07188,45,1
RCA-07189,45,1
RCA-07190,43,1
RCA-07191,48,1
RCA-07192,44,1
RCA-07193,46,1
RCA-07194,44,1
RCA-07195,45,1
RCA-07196,42,1
RCA-07197,48,1
RCA-07198,44,1
RCA-07199,42,1
RCA-07200,47,1
RCA-07201,44,1
RCA-07202,45,1
RCA-07203,44,1
RCA-07204,48,1
RCA-07205,42,1
RCA-07206,45,1
RCA-07207,45,1
RCA-07208,44,1
RCA-07209,46,1
RCA-07210,42,1
RCA-07211,43,1
RCA-07212,46,1
RCA-07213,46,1
RCA-07214,43,1
RCA-07215,43,1
RCA-07216,56,1
RCA-07217,46,1
RCA-07218,58,1
RCA-07219,44,1
RCA-07220,45,1
RCA-07221,45,1
RCA-07222,44,1
RCA-07223,43,1
RCA-07224,58,1
RCA-07225,46,1
RCA-07226,47,1
RCA-07227,44,1
RCA-07228,47,1
RCA-07229,44,1
RCA-07230,44,1
RCA-07231,45,1
RCA-07232,47,1
RCA-07233,44,1
RCA-07234,45,1
RCA-07235,44,1
RCA-07236,44,1
RCA-07237,45,1
RCA-07238,42,1
RCA-07239,49,1
RCA-07240,49,1
RCA-07241,46,1
RCA-07242,49,1
RCA-07243,45,1
RCA-07244,44,1
RCA-07245,47,1
RCA-07246,42,1
RCA-07247,46,1
RCA-07248,45,1
RCA-07249,46,1
RCA-07250,45,1
RCA-07251,46,1
RCA-07252,45,1
RCA-07253,46,1
RCA-07254,48,1
RCA-07255,46,1
RCA-07256,45,1
RCA-07257,42,1
RCA-07258,43,1
RCA-07259,45,1
RCA-07260,44,1
RCA-07261,43,1
RCA-07262,44,1
RCA-07263,61,1
RCA-07264,44,1
RCA-07265,45,1
RCA-07266,42,1
RCA-07267,45,1
RCA-07268,43,1
RCA-07269,49,1
RCA-07270,45,1
RCA-07271,41,1
RCA-07272,46,1
RCA-07273,53,1
RCA-07274,46,1
RCA-07275,44,1
RCA-07276,44,1
RCA-07277,44,1
RCA-07278,46,1
RCA-07279,44,1
RCA-07280,53,1
RCA-07281,45,1
RCA-07282,45,1
RCA-07283,43,1
RCA-07284,59,1
RCA-07285,45,1
RCA-07286,45,1
RCA-07287,43,1
RCA-07288,48,1
RCA-07289,56,1
RCA-07290,45,1
RCA-07291,44,1
RCA-07292,42,1
RCA-07293,44,1
RCA-07294,47,1
RCA-07295,48,1
RCA-07296,43,1
RCA-07297,43,1
RCA-07298,45,1
RCA-07299,41,1
RCA-07300,56,1
RCA-07301,45,1
RCA-07302,42,1
RCA-07303,42,1
RCA-07304,45,1
RCA-07305,44,1
RCA-07306,46,1
RCA-07307,45,1
RCA-07308,43,1
RCA-07309,44,1
RCA-07310,45,1
RCA-07311,41,1
RCA-07312,48,1
RCA-07313,59,1
RCA-07314,48,1
RCA-07315,43,1
RCA-07316,45,1
RCA-07317,48,1
RCA-07318,46,1
RCA-07319,47,1
RCA-07320,49,1
RCA-07321,46,1
RCA-07322,44,1
RCA-07323,43,1
RCA-07324,44,1
RCA-07325,45,1
RCA-07326,45,1
RCA-07327,41,1
RCA-07328,44,1
RCA-07329,46,1
RCA-07330,49,1
RCA-07331,44,1
RCA-07332,46,1
RCA-07333,45,1
RCA-07334,44,1
RCA-07335,43,1
RCA-07336,44,1
RCA-07337,45,1
RCA-07338,46,1
RCA-07339,47,1
RCA-07340,54,1
RCA-07341,44,1
RCA-07342,44,1
RCA-07343,46,1
RCA-07344,45,1
RCA-07345,44,1
RCA-07346,45,1
RCA-07347,46,1
RCA-07348,41,1
RCA-07349,43,1
RCA-07350,45,1
RCA-07351,44,1
RCA-07352,45,1
RCA-07353,42,1
RCA-07354,44,1
RCA-07355,46,1
RCA-07356,45,1
RCA-07357,47,1
RCA-07358,45,1
RCA-07359,42,1
RCA-07360,46,1
RCA-07361,46,1
RCA-07362,60,1
RCA-07363,43,1
RCA-07364,47,1
RCA-07365,46,1
RCA-07366,45,1
RCA-07367,42,1
RCA-07368,45,1
RCA-07369,45,1
RCA-07370,43,1
RCA-07371,44,1
RCA-07372,43,1
RCA-07373,48,1
RCA-07374,55,1
RCA-07375,54,1
RCA-07376,48,1
RCA-07377,42,1
RCA-07378,46,1
RCA-07379,45,1
RCA-07380,46,1
RCA-07381,45,1
RCA-07382,46,1
RCA-07383,43,1
RCA-07384,56,1
RCA-07385,47,1
RCA-07386,46,1
RCA-07387,42,1
RCA-07388,45,1
RCA-07389,41,1
RCA-07390,58,1
RCA-07391,43,1
RCA-07392,44,1
RCA-07393,43,1
RCA-07394,46,1
RCA-07395,53,1
RCA-07396,48,1
RCA-07397,44,1
RCA-07398,45,1
RCA-07399,46,1
RCA-07400,42,1
RCA-07401,43,1
RCA-07402,46,1
RCA-07403,47,1
RCA-07404,43,1
RCA-07405,46,1
RCA-07406,44,1
RCA-07407,43,1
RCA-07408,45,1
RCA-07409,41,1
RCA-07410,46,1
RCA-07411,45,1
RCA-07412,45,1
RCA-07413,45,1
RCA-07414,43,1
RCA-07415,47,1
RCA-07416,44,1
RCA-07417,45,1
RCA-07418,45,1
RCA-07419,48,1
RCA-07420,45,1
RCA-07421,44,1
RCA-07422,45,1
RCA-07423,46,1
RCA-07424,41,1
RCA-07425,45,1
RCA-07426,49,1
RCA-07427,43,1
RCA-07428,42,1
RCA-07429,43,1
RCA-07430,46,1
RCA-07431,45,1
RCA-07432,45,1
RCA-07433,45,1
RCA-07434,45,1
RCA-07435,48,1
RCA-07436,45,1
RCA-07437,43,1
RCA-07438,46,1
RCA-07439,45,1
RCA-07440,42,1
RCA-07441,46,1
RCA-07442,45,1
RCA-07443,47,1
RCA-07444,46,1
RCA-07445,44,1
RCA-07446,43,1
RCA-07447,48,1
RCA-07448,45,1
RCA-07449,48,1
RCA-07450,43,1
RCA-07451,45,1
RCA-07452,45,1
RCA-07453,43,1
RCA-07454,46,1
RCA-07455,48,1
RCA-07456,47,1
RCA-07457,47,1
RCA-07458,43,1
RCA-07459,43,1
RCA-07460,46,1
RCA-07461,46,1
RCA-07462,44,1
RCA-07463,46,1
RCA-07464,48,1
RCA-07465,45,1
RCA-07466,45,1
RCA-07467,46,1
RCA-07468,59,1
RCA-07469,42,1
RCA-07470,46,1
RCA-07471,45,1
RCA-07472,58,1
RCA-07473,46,1
RCA-07474,45,1
RCA-07475,47,1
RCA-07476,46,1
RCA-07477,43,1
RCA-07478,43,1
RCA-07479,44,1
RCA-07480,49,1
RCA-07481,43,1
RCA-07482,46,1
RCA-07483,43,1
RCA-07484,43,1
RCA-07485,47,1
RCA-07486,44,1
RCA-07487,41,1
RCA-07488,44,1
RCA-07489,48,1
RCA-07490,42,1
RCA-07491,45,1
RCA-07492,45,1
RCA-07493,46,1
RCA-07494,46,1
RCA-07495,44,1
RCA-07496,59,1
RCA-07497,45,1
RCA-07498,42,1
RCA-07499,41,1
RCA-07500,45,1
RCA-07501,43,1
RCA-07502,46,1
RCA-07503,45,1
RCA-07504,45,1
RCA-07505,50,1
RCA-07506,43,1
RCA-07507,44,1
RCA-07508,45,1
RCA-07509,45,1
RCA-07510,42,1
RCA-07511,46,1
RCA-07512,46,1
RCA-07513,49,1
RCA-07514,45,1
RCA-07515,41,1
RCA-07516,46,1
RCA-07517,46,1
RCA-07518,41,1
RCA-07519,49,1
RCA-07520,49,1
RCA-07521,44,1
RCA-07522,44,1
RCA-07523,42,1
RCA-07524,42,1
RCA-07525,45,1
RCA-07526,44,1
RCA-07527,41,1
RCA-07528,47,1
RCA-07529,46,1
RCA-07530,45,1
RCA-07531,45,1
RCA-07532,43,1
RCA-07533,47,1
RCA-07534,46,1
RCA-07535,47,1
RCA-07536,45,1
RCA-07537,45,1
RCA-07538,42,1
RCA-07539,45,1
RCA-07540,45,1
RCA-07541,42,1
RCA-07542,45,1
RCA-07543,41,1
RCA-07544,43,1
RCA-07545,46,1
RCA-07546,43,1
RCA-07547,47,1
RCA-07548,44,1
RCA-07549,42,1
RCA-07550,44,1
RCA-07551,46,1
RCA-07552,44,1
RCA-07553,55,1
RCA-07554,46,1
RCA-07555,48,1
RCA-07556,43,1
RCA-07557,45,1
RCA-07558,45,1
RCA-07559,41,1
RCA-07560,46,1
RCA-07561,44,1
RCA-07562,46,1
RCA-07563,44,1
RCA-07564,43,1
RCA-07565,42,1
RCA-07566,45,1
RCA-07567,45,1
RCA-07568,46,1
RCA-07569,47,1
RCA-07570,43,1
RCA-07571,46,1
RCA-07572,44,1
RCA-07573,55,1
RCA-07574,46,1
RCA-07575,44,1
RCA-07576,49,1
RCA-07577,45,1
RCA-07578,46,1
RCA-07579,49,1
RCA-07580,44,1
RCA-07581,41,1
RCA-07582,43,1
RCA-07583,46,1
RCA-07584,47,1
RCA-07585,43,1
RCA-07586,44,1
RCA-07587,46,1
RCA-07588,50,1
RCA-07589,44,1
RCA-07590,41,1
RCA-07591,43,1
RCA-07592,44,1
RCA-07593,46,1
RCA-07594,42,1
RCA-07595,44,1
RCA-07596,42,1
RCA-07597,44,1
RCA-07598,47,1
RCA-07599,44,1
RCA-07600,45,1
RCA-07601,44,1
RCA-07602,43,1
RCA-07603,41,1
RCA-07604,45,1
RCA-07605,47,1
RCA-07606,43,1
RCA-07607,45,1
RCA-07608,44,1
RCA-07609,41,1
RCA-07610,46,1
RCA-07611,44,1
RCA-07612,44,1
RCA-07613,43,1
RCA-07614,45,1
RCA-07615,43,1
RCA-07616,46,1
RCA-07617,50,1
RCA-07618,42,1
RCA-07619,48,1
RCA-07620,43,1
RCA-07621,46,1
RCA-07622,46,1
RCA-07623,44,1
RCA-07624,45,1
RCA-07625,48,1
RCA-07626,52,1
RCA-07627,48,1
RCA-07628,46,1
RCA-07629,44,1
RCA-07630,45,1
RCA-07631,43,1
RCA-07632,59,1
RCA-07633,43,1
RCA-07634,46,1
RCA-07635,46,1
RCA-07636,45,1
RCA-07637,44,1
RCA-07638,44,1
RCA-07639,46,1
RCA-07640,45,1
RCA-07641,45,1
RCA-07642,43,1
RCA-07643,43,1
RCA-07644,46,1
RCA-07645,44,1
RCA-07646,43,1
RCA-07647,42,1
RCA-07648,45,1
RCA-07649,45,1
RCA-07650,48,1
RCA-07651,50,1
RCA-07652,44,1
RCA-07653,43,1
RCA-07654,44,1
RCA-07655,45,1
RCA-07656,49,1
RCA-07657,45,1
RCA-07658,45,1
RCA-07659,43,1
RCA-07660,42,1
RCA-07661,45,1
RCA-07662,46,1
RCA-07663,44,1
RCA-07664,44,1
RCA-07665,43,1
RCA-07666,50,1
RCA-07667,46,1
RCA-07668,43,1
RCA-07669,45,1
RCA-07670,44,1
RCA-07671,43,1
RCA-07672,46,1
RCA-07673,43,1
RCA-07674,45,1
RCA-07675,43,1
RCA-07676,46,1
RCA-07677,43,1
RCA-07678,44,1
RCA-07679,44,1
RCA-07680,48,1
RCA-07681,57,1
RCA-07682,45,1
RCA-07683,43,1
RCA-07684,44,1
RCA-07685,47,1
RCA-07686,41,1
RCA-07687,56,1
RCA-07688,47,1
RCA-07689,45,1
RCA-07690,44,1
RCA-07691,46,1
RCA-07692,58,1
RCA-07693,42,1
RCA-07694,44,1
RCA-07695,45,1
RCA-07696,44,1
RCA-07697,45,1
RCA-07698,50,1
RCA-07699,46,1
RCA-07700,47,1
RCA-07701,45,1
RCA-07702,44,1
RCA-07703,48,1
RCA-07704,43,1
RCA-07705,49,1
RCA-07706,45,1
RCA-07707,47,1
RCA-07708,48,1
RCA-07709,45,1
RCA-07710,46,1
RCA-07711,41,1
RCA-07712,42,1
RCA-07713,46,1
RCA-07714,44,1
RCA-07715,48,1
RCA-07716,46,1
RCA-07717,45,1
RCA-07718,45,1
RCA-07719,44,1
RCA-07720,46,1
RCA-07721,44,1
RCA-07722,42,1
RCA-07723,47,1
RCA-07724,42,1
RCA-07725,47,1
RCA-07726,44,1
RCA-07727,47,1
RCA-07728,42,1
RCA-07729,43,1
RCA-07730,41,1
RCA-07731,45,1
RCA-07732,46,1
RCA-07733,48,1
RCA-07734,45,1
RCA-07735,44,1
RCA-07736,46,1
RCA-07737,58,1
RCA-07738,46,1
RCA-07739,44,1
RCA-07740,53,1
RCA-07741,44,1
RCA-07742,48,1
RCA-07743,42,1
RCA-07744,45,1
RCA-07745,45,1
RCA-07746,44,1
RCA-07747,45,1
RCA-07748,44,1
RCA-07749,46,1
RCA-07750,45,1
RCA-07751,45,1
RCA-07752,45,1
RCA-07753,46,1
RCA-07754,44,1
RCA-07755,46,1
RCA-07756,46,1
RCA-07757,46,1
RCA-07758,45,1
RCA-07759,45,1
RCA-07760,44,1
RCA-07761,47,1
RCA-07762,44,1
RCA-07763,43,1
RCA-07764,45,1
RCA-07765,42,1
RCA-07766,46,1
RCA-07767,45,1
RCA-07768,44,1
RCA-07769,46,1
RCA-07770,44,1
RCA-07771,44,1
RCA-07772,42,1
RCA-07773,49,1
RCA-07774,43,1
RCA-07775,46,1
RCA-07776,62,1
RCA-07777,45,1
RCA-07778,48,1
RCA-07779,45,1
RCA-07780,44,1
RCA-07781,45,1
RCA-07782,46,1
RCA-07783,46,1
RCA-07784,45,1
RCA-07785,44,1
RCA-07786,44,1
RCA-07787,44,1
RCA-07788,47,1
RCA-07789,46,1
RCA-07790,44,1
RCA-07791,44,1
RCA-07792,44,1
RCA-07793,54,1
RCA-07794,44,1
RCA-07795,47,1
RCA-07796,45,1
RCA-07797,42,1
RCA-07798,45,1
RCA-07799,44,1
RCA-07800,49,1
RCA-07801,44,1
RCA-07802,50,1
RCA-07803,45,1
RCA-07804,45,1
RCA-07805,47,1
RCA-07806,48,1
RCA-07807,42,1
RCA-07808,45,1
RCA-07809,45,1
RCA-07810,46,1
RCA-07811,45,1
RCA-07812,41,1
RCA-07813,46,1
RCA-07814,56,1
RCA-07815,45,1
RCA-07816,43,1
RCA-07817,44,1
RCA-07818,57,1
RCA-07819,48,1
RCA-07820,48,1
RCA-07821,43,1
RCA-07822,44,1
RCA-07823,44,1
RCA-07824,48,1
RCA-07825,44,1
RCA-07826,46,1
RCA-07827,45,1
RCA-07828,45,1
RCA-07829,43,1
RCA-07830,41,1
RCA-07831,45,1
RCA-07832,46,1
RCA-07833,45,1
RCA-07834,43,1
RCA-07835,45,1
RCA-07836,49,1
RCA-07837,43,1
RCA-07838,43,1
RCA-07839,47,1
RCA-07840,42,1
RCA-07841,55,1
RCA-07842,45,1
RCA-07843,42,1
RCA-07844,47,1
RCA-07845,45,1
RCA-07846,43,1
RCA-07847,44,1
RCA-07848,47,1
RCA-07849,57,1
RCA-07850,42,1
RCA-07851,45,1
RCA-07852,42,1
RCA-07853,45,1
RCA-07854,44,1
RCA-07855,44,1
RCA-07856,45,1
RCA-07857,43,1
RCA-07858,47,1
RCA-07859,45,1
RCA-07860,45,1
RCA-07861,41,1
RCA-07862,48,1
RCA-07863,43,1
RCA-07864,41,1
RCA-07865,45,1
RCA-07866,49,1
RCA-07867,43,1
RCA-07868,48,1
RCA-07869,43,1
RCA-07870,45,1
RCA-07871,45,1
RCA-07872,46,1
RCA-07873,42,1
RCA-07874,59,1
RCA-07875,45,1
RCA-07876,48,1
RCA-07877,49,1
RCA-07878,41,1
RCA-07879,43,1
RCA-07880,44,1
RCA-07881,44,1
RCA-07882,43,1
RCA-07883,45,1
RCA-07884,43,1
RCA-07885,45,1
RCA-07886,44,1
RCA-07887,45,1
RCA-07888,43,1
RCA-07889,46,1
RCA-07890,44,1
RCA-07891,46,1
RCA-07892,47,1
RCA-07893,42,1
RCA-07894,46,1
RCA-07895,45,1
RCA-07896,46,1
RCA-07897,46,1
RCA-07898,43,1
RCA-07899,43,1
RCA-07900,44,1
RCA-07901,44,1
RCA-07902,46,1
RCA-07903,47,1
RCA-07904,45,1
RCA-07905,45,1
RCA-07906,45,1
RCA-07907,44,1
RCA-07908,41,1
RCA-07909,45,1
RCA-07910,55,1
RCA-07911,57,1
RCA-07912,45,1
RCA-07913,46,1
RCA-07914,47,1
RCA-07915,44,1
RCA-07916,42,1
RCA-07917,44,1
RCA-07918,43,1
RCA-07919,45,1
RCA-07920,46,1
RCA-07921,45,1
RCA-07922,49,1
RCA-07923,45,1
RCA-07924,42,1
RCA-07925,47,1
RCA-07926,44,1
RCA-07927,45,1
RCA-07928,47,1
RCA-07929,44,1
RCA-07930,45,1
RCA-07931,47,1
RCA-07932,54,1
RCA-07933,45,1
RCA-07934,45,1
RCA-07935,45,1
RCA-07936,47,1
RCA-07937,42,1
RCA-07938,45,1
RCA-07939,41,1
RCA-07940,47,1
RCA-07941,52,1
RCA-07942,46,1
RCA-07943,45,1
RCA-07944,44,1
RCA-07945,46,1
RCA-07946,43,1
RCA-07947,46,1
RCA-07948,44,1
RCA-07949,43,1
RCA-07950,43,1
RCA-07951,46,1
RCA-07952,43,1
RCA-07953,46,1
RCA-07954,45,1
RCA-07955,42,1
RCA-07956,44,1
RCA-07957,50,1
RCA-07958,43,1
RCA-07959,45,1
RCA-07960,52,1
RCA-07961,60,1
RCA-07962,56,1
RCA-07963,46,1
RCA-07964,42,1
RCA-07965,44,1
RCA-07966,47,1
RCA-07967,42,1
RCA-07968,46,1
RCA-07969,43,1
RCA-07970,45,1
RCA-07971,41,1
RCA-07972,46,1
RCA-07973,41,1
RCA-07974,45,1
RCA-07975,43,1
RCA-07976,45,1
RCA-07977,46,1
RCA-07978,46,1
RCA-07979,45,1
RCA-07980,45,1
RCA-07981,47,1
RCA-07982,42,1
RCA-07983,45,1
RCA-07984,46,1
RCA-07985,42,1
RCA-07986,45,1
RCA-07987,45,1
RCA-07988,45,1
RCA-07989,46,1
RCA-07990,45,1
RCA-07991,57,1
RCA-07992,45,1
RCA-07993,42,1
RCA-07994,45,1
RCA-07995,43,1
RCA-07996,46,1
RCA-07997,42,1
RCA-07998,45,1
RCA-07999,49,1
RCA-08000,45,1
