incident_id,token_count,chunk_count,was_chunked
RCA-00001,171,1,False
RCA-00002,137,1,False
RCA-00003,161,1,False
RCA-00004,131,1,False
RCA-00005,133,1,False
RCA-00006,131,1,False
RCA-00007,165,1,False
RCA-00008,157,1,False
RCA-00009,158,1,False
RCA-00010,131,1,False
RCA-00011,156,1,False
RCA-00012,164,1,False
RCA-00013,151,1,False
RCA-00014,169,1,False
RCA-00015,131,1,False
RCA-00016,128,1,False
RCA-00017,131,1,False
RCA-00018,130,1,False
RCA-00019,159,1,False
RCA-00020,130,1,False
RCA-00021,130,1,False
RCA-00022,158,1,False
RCA-00023,130,1,False
RCA-00024,167,1,False
RCA-00025,154,1,False
RCA-00026,159,1,False
RCA-00027,152,1,False
RCA-00028,131,1,False
RCA-00029,132,1,False
RCA-00030,158,1,False
RCA-00031,164,1,False
RCA-00032,130,1,False
RCA-00033,152,1,False
RCA-00034,167,1,False
RCA-00035,134,1,False
RCA-00036,172,1,False
RCA-00037,163,1,False
RCA-00038,152,1,False
RCA-00039,166,1,False
RCA-00040,131,1,False
RCA-00041,154,1,False
RCA-00042,171,1,False
RCA-00043,162,1,False
RCA-00044,131,1,False
RCA-00045,133,1,False
RCA-00046,154,1,False
RCA-00047,157,1,False
RCA-00048,138,1,False
RCA-00049,154,1,False
RCA-00050,157,1,False
RCA-00051,156,1,False
RCA-00052,129,1,False
RCA-00053,159,1,False
RCA-00054,129,1,False
RCA-00055,131,1,False
RCA-00056,129,1,False
RCA-00057,167,1,False
RCA-00058,156,1,False
RCA-00059,158,1,False
RCA-00060,162,1,False
RCA-00061,137,1,False
RCA-00062,129,1,False
RCA-00063,154,1,False
RCA-00064,128,1,False
RCA-00065,153,1,False
RCA-00066,156,1,False
RCA-00067,180,1,False
RCA-00068,130,1,False
RCA-00069,137,1,False
RCA-00070,127,1,False
RCA-00071,159,1,False
RCA-00072,153,1,False
RCA-00073,170,1,False
RCA-00074,157,1,False
RCA-00075,164,1,False
RCA-00076,156,1,False
RCA-00077,133,1,False
RCA-00078,129,1,False
RCA-00079,158,1,False
RCA-00080,152,1,False
RCA-00081,128,1,False
RCA-00082,127,1,False
RCA-00083,133,1,False
RCA-00084,127,1,False
RCA-00085,152,1,False
RCA-00086,125,1,False
RCA-00087,127,1,False
RCA-00088,167,1,False
RCA-00089,133,1,False
RCA-00090,126,1,False
RCA-00091,133,1,False
RCA-00092,132,1,False
RCA-00093,159,1,False
RCA-00094,156,1,False
RCA-00095,128,1,False
RCA-00096,134,1,False
RCA-00097,157,1,False
RCA-00098,154,1,False
RCA-00099,130,1,False
RCA-00100,131,1,False
RCA-00101,130,1,False
RCA-00102,162,1,False
RCA-00103,158,1,False
RCA-00104,160,1,False
RCA-00105,158,1,False
RCA-00106,153,1,False
RCA-00107,160,1,False
RCA-00108,153,1,False
RCA-00109,157,1,False
RCA-00110,154,1,False
RCA-00111,159,1,False
RCA-00112,130,1,False
RCA-00113,156,1,False
RCA-00114,155,1,False
RCA-00115,159,1,False
RCA-00116,156,1,False
RCA-00117,157,1,False
RCA-00118,158,1,False
RCA-00119,179,1,False
RCA-00120,160,1,False
RCA-00121,167,1,False
RCA-00122,129,1,False
RCA-00123,127,1,False
RCA-00124,128,1,False
RCA-00125,132,1,False
RCA-00126,156,1,False
RCA-00127,180,1,False
RCA-00128,156,1,False
RCA-00129,154,1,False
RCA-00130,159,1,False
RCA-00131,162,1,False
RCA-00132,158,1,False
RCA-00133,155,1,False
RCA-00134,158,1,False
RCA-00135,181,1,False
RCA-00136,169,1,False
RCA-00137,159,1,False
RCA-00138,156,1,False
RCA-00139,129,1,False
RCA-00140,159,1,False
RCA-00141,163,1,False
RCA-00142,157,1,False
RCA-00143,152,1,False
RCA-00144,127,1,False
RCA-00145,159,1,False
RCA-00146,177,1,False
RCA-00147,130,1,False
RCA-00148,127,1,False
RCA-00149,157,1,False
RCA-00150,136,1,False
RCA-00151,161,1,False
RCA-00152,129,1,False
RCA-00153,170,1,False
RCA-00154,127,1,False
RCA-00155,170,1,False
RCA-00156,155,1,False
RCA-00157,171,1,False
RCA-00158,159,1,False
RCA-00159,176,1,False
RCA-00160,161,1,False
RCA-00161,158,1,False
RCA-00162,130,1,False
RCA-00163,150,1,False
RCA-00164,172,1,False
RCA-00165,154,1,False
RCA-00166,131,1,False
RCA-00167,163,1,False
RCA-00168,161,1,False
RCA-00169,167,1,False
RCA-00170,148,1,False
RCA-00171,153,1,False
RCA-00172,167,1,False
RCA-00173,129,1,False
RCA-00174,132,1,False
RCA-00175,152,1,False
RCA-00176,155,1,False
RCA-00177,165,1,False
RCA-00178,131,1,False
RCA-00179,165,1,False
RCA-00180,165,1,False
RCA-00181,155,1,False
RCA-00182,128,1,False
RCA-00183,157,1,False
RCA-00184,153,1,False
RCA-00185,160,1,False
RCA-00186,157,1,False
RCA-00187,160,1,False
RCA-00188,124,1,False
RCA-00189,182,1,False
RCA-00190,156,1,False
RCA-00191,162,1,False
RCA-00192,168,1,False
RCA-00193,163,1,False
RCA-00194,159,1,False
RCA-00195,158,1,False
RCA-00196,159,1,False
RCA-00197,131,1,False
RCA-00198,150,1,False
RCA-00199,153,1,False
RCA-00200,130,1,False
RCA-00201,154,1,False
RCA-00202,125,1,False
RCA-00203,161,1,False
RCA-00204,154,1,False
RCA-00205,154,1,False
RCA-00206,152,1,False
RCA-00207,168,1,False
RCA-00208,170,1,False
RCA-00209,156,1,False
RCA-00210,131,1,False
RCA-00211,173,1,False
RCA-00212,154,1,False
RCA-00213,128,1,False
RCA-00214,156,1,False
RCA-00215,161,1,False
RCA-00216,165,1,False
RCA-00217,156,1,False
RCA-00218,163,1,False
RCA-00219,160,1,False
RCA-00220,131,1,False
RCA-00221,123,1,False
RCA-00222,139,1,False
RCA-00223,162,1,False
RCA-00224,183,1,False
RCA-00225,156,1,False
RCA-00226,167,1,False
RCA-00227,128,1,False
RCA-00228,127,1,False
RCA-00229,157,1,False
RCA-00230,163,1,False
RCA-00231,160,1,False
RCA-00232,132,1,False
RCA-00233,157,1,False
RCA-00234,162,1,False
RCA-00235,152,1,False
RCA-00236,161,1,False
RCA-00237,175,1,False
RCA-00238,132,1,False
RCA-00239,131,1,False
RCA-00240,161,1,False
RCA-00241,127,1,False
RCA-00242,168,1,False
RCA-00243,157,1,False
RCA-00244,131,1,False
RCA-00245,130,1,False
RCA-00246,180,1,False
RCA-00247,155,1,False
RCA-00248,158,1,False
RCA-00249,155,1,False
RCA-00250,130,1,False
RCA-00251,154,1,False
RCA-00252,131,1,False
RCA-00253,159,1,False
RCA-00254,180,1,False
RCA-00255,153,1,False
RCA-00256,156,1,False
RCA-00257,159,1,False
RCA-00258,131,1,False
RCA-00259,158,1,False
RCA-00260,131,1,False
RCA-00261,165,1,False
RCA-00262,130,1,False
RCA-00263,157,1,False
RCA-00264,153,1,False
RCA-00265,171,1,False
RCA-00266,153,1,False
RCA-00267,164,1,False
RCA-00268,133,1,False
RCA-00269,157,1,False
RCA-00270,165,1,False
RCA-00271,155,1,False
RCA-00272,129,1,False
RCA-00273,134,1,False
RCA-00274,159,1,False
RCA-00275,158,1,False
RCA-00276,164,1,False
RCA-00277,157,1,False
RCA-00278,158,1,False
RCA-00279,137,1,False
RCA-00280,131,1,False
RCA-00281,155,1,False
RCA-00282,157,1,False
RCA-00283,162,1,False
RCA-00284,160,1,False
RCA-00285,174,1,False
RCA-00286,131,1,False
RCA-00287,123,1,False
RCA-00288,157,1,False
RCA-00289,168,1,False
RCA-00290,154,1,False
RCA-00291,156,1,False
RCA-00292,162,1,False
RCA-00293,137,1,False
RCA-00294,165,1,False
RCA-00295,130,1,False
RCA-00296,161,1,False
RCA-00297,139,1,False
RCA-00298,128,1,False
RCA-00299,130,1,False
RCA-00300,140,1,False
RCA-00301,160,1,False
RCA-00302,137,1,False
RCA-00303,129,1,False
RCA-00304,130,1,False
RCA-00305,158,1,False
RCA-00306,131,1,False
RCA-00307,131,1,False
RCA-00308,156,1,False
RCA-00309,164,1,False
RCA-00310,163,1,False
RCA-00311,156,1,False
RCA-00312,128,1,False
RCA-00313,150,1,False
RCA-00314,130,1,False
RCA-00315,152,1,False
RCA-00316,154,1,False
RCA-00317,154,1,False
RCA-00318,130,1,False
RCA-00319,127,1,False
RCA-00320,169,1,False
RCA-00321,154,1,False
RCA-00322,165,1,False
RCA-00323,135,1,False
RCA-00324,129,1,False
RCA-00325,130,1,False
RCA-00326,130,1,False
RCA-00327,157,1,False
RCA-00328,128,1,False
RCA-00329,127,1,False
RCA-00330,127,1,False
RCA-00331,155,1,False
RCA-00332,124,1,False
RCA-00333,164,1,False
RCA-00334,125,1,False
RCA-00335,166,1,False
RCA-00336,162,1,False
RCA-00337,173,1,False
RCA-00338,157,1,False
RCA-00339,158,1,False
RCA-00340,156,1,False
RCA-00341,132,1,False
RCA-00342,152,1,False
RCA-00343,128,1,False
RCA-00344,168,1,False
RCA-00345,180,1,False
RCA-00346,167,1,False
RCA-00347,156,1,False
RCA-00348,131,1,False
RCA-00349,157,1,False
RCA-00350,157,1,False
RCA-00351,168,1,False
RCA-00352,165,1,False
RCA-00353,174,1,False
RCA-00354,160,1,False
RCA-00355,157,1,False
RCA-00356,156,1,False
RCA-00357,161,1,False
RCA-00358,161,1,False
RCA-00359,130,1,False
RCA-00360,178,1,False
RCA-00361,121,1,False
RCA-00362,130,1,False
RCA-00363,153,1,False
RCA-00364,127,1,False
RCA-00365,159,1,False
RCA-00366,166,1,False
RCA-00367,128,1,False
RCA-00368,128,1,False
RCA-00369,156,1,False
RCA-00370,169,1,False
RCA-00371,158,1,False
RCA-00372,133,1,False
RCA-00373,129,1,False
RCA-00374,138,1,False
RCA-00375,157,1,False
RCA-00376,131,1,False
RCA-00377,134,1,False
RCA-00378,126,1,False
RCA-00379,130,1,False
RCA-00380,157,1,False
RCA-00381,163,1,False
RCA-00382,160,1,False
RCA-00383,131,1,False
RCA-00384,130,1,False
RCA-00385,154,1,False
RCA-00386,169,1,False
RCA-00387,129,1,False
RCA-00388,156,1,False
RCA-00389,159,1,False
RCA-00390,128,1,False
RCA-00391,156,1,False
RCA-00392,177,1,False
RCA-00393,156,1,False
RCA-00394,163,1,False
RCA-00395,133,1,False
RCA-00396,180,1,False
RCA-00397,170,1,False
RCA-00398,158,1,False
RCA-00399,128,1,False
RCA-00400,132,1,False
RCA-00401,127,1,False
RCA-00402,165,1,False
RCA-00403,131,1,False
RCA-00404,155,1,False
RCA-00405,158,1,False
RCA-00406,132,1,False
RCA-00407,168,1,False
RCA-00408,172,1,False
RCA-00409,134,1,False
RCA-00410,129,1,False
RCA-00411,156,1,False
RCA-00412,127,1,False
RCA-00413,159,1,False
RCA-00414,123,1,False
RCA-00415,129,1,False
RCA-00416,128,1,False
RCA-00417,129,1,False
RCA-00418,154,1,False
RCA-00419,153,1,False
RCA-00420,169,1,False
RCA-00421,126,1,False
RCA-00422,133,1,False
RCA-00423,132,1,False
RCA-00424,157,1,False
RCA-00425,157,1,False
RCA-00426,126,1,False
RCA-00427,130,1,False
RCA-00428,153,1,False
RCA-00429,130,1,False
RCA-00430,157,1,False
RCA-00431,130,1,False
RCA-00432,130,1,False
RCA-00433,156,1,False
RCA-00434,166,1,False
RCA-00435,134,1,False
RCA-00436,130,1,False
RCA-00437,129,1,False
RCA-00438,133,1,False
RCA-00439,130,1,False
RCA-00440,157,1,False
RCA-00441,157,1,False
RCA-00442,164,1,False
RCA-00443,162,1,False
RCA-00444,158,1,False
RCA-00445,157,1,False
RCA-00446,139,1,False
RCA-00447,153,1,False
RCA-00448,176,1,False
RCA-00449,176,1,False
RCA-00450,157,1,False
RCA-00451,157,1,False
RCA-00452,157,1,False
RCA-00453,157,1,False
RCA-00454,174,1,False
RCA-00455,153,1,False
RCA-00456,164,1,False
RCA-00457,174,1,False
RCA-00458,155,1,False
RCA-00459,166,1,False
RCA-00460,127,1,False
RCA-00461,126,1,False
RCA-00462,137,1,False
RCA-00463,135,1,False
RCA-00464,169,1,False
RCA-00465,126,1,False
RCA-00466,132,1,False
RCA-00467,131,1,False
RCA-00468,174,1,False
RCA-00469,165,1,False
RCA-00470,130,1,False
RCA-00471,127,1,False
RCA-00472,157,1,False
RCA-00473,130,1,False
RCA-00474,153,1,False
RCA-00475,153,1,False
RCA-00476,162,1,False
RCA-00477,138,1,False
RCA-00478,159,1,False
RCA-00479,128,1,False
RCA-00480,155,1,False
RCA-00481,131,1,False
RCA-00482,129,1,False
RCA-00483,171,1,False
RCA-00484,131,1,False
RCA-00485,169,1,False
RCA-00486,129,1,False
RCA-00487,129,1,False
RCA-00488,160,1,False
RCA-00489,166,1,False
RCA-00490,130,1,False
RCA-00491,151,1,False
RCA-00492,154,1,False
RCA-00493,127,1,False
RCA-00494,128,1,False
RCA-00495,163,1,False
RCA-00496,133,1,False
RCA-00497,160,1,False
RCA-00498,129,1,False
RCA-00499,132,1,False
RCA-00500,127,1,False
RCA-00501,132,1,False
RCA-00502,180,1,False
RCA-00503,154,1,False
RCA-00504,162,1,False
RCA-00505,154,1,False
RCA-00506,131,1,False
RCA-00507,156,1,False
RCA-00508,157,1,False
RCA-00509,130,1,False
RCA-00510,156,1,False
RCA-00511,154,1,False
RCA-00512,135,1,False
RCA-00513,154,1,False
RCA-00514,165,1,False
RCA-00515,160,1,False
RCA-00516,131,1,False
RCA-00517,131,1,False
RCA-00518,129,1,False
RCA-00519,158,1,False
RCA-00520,130,1,False
RCA-00521,136,1,False
RCA-00522,157,1,False
RCA-00523,177,1,False
RCA-00524,151,1,False
RCA-00525,148,1,False
RCA-00526,182,1,False
RCA-00527,159,1,False
RCA-00528,163,1,False
RCA-00529,130,1,False
RCA-00530,131,1,False
RCA-00531,156,1,False
RCA-00532,133,1,False
RCA-00533,160,1,False
RCA-00534,131,1,False
RCA-00535,158,1,False
RCA-00536,154,1,False
RCA-00537,154,1,False
RCA-00538,131,1,False
RCA-00539,162,1,False
RCA-00540,157,1,False
RCA-00541,161,1,False
RCA-00542,158,1,False
RCA-00543,129,1,False
RCA-00544,171,1,False
RCA-00545,133,1,False
RCA-00546,153,1,False
RCA-00547,129,1,False
RCA-00548,165,1,False
RCA-00549,162,1,False
RCA-00550,154,1,False
RCA-00551,157,1,False
RCA-00552,134,1,False
RCA-00553,130,1,False
RCA-00554,129,1,False
RCA-00555,131,1,False
RCA-00556,159,1,False
RCA-00557,128,1,False
RCA-00558,161,1,False
RCA-00559,173,1,False
RCA-00560,154,1,False
RCA-00561,129,1,False
RCA-00562,174,1,False
RCA-00563,127,1,False
RCA-00564,158,1,False
RCA-00565,162,1,False
RCA-00566,153,1,False
RCA-00567,182,1,False
RCA-00568,157,1,False
RCA-00569,153,1,False
RCA-00570,134,1,False
RCA-00571,134,1,False
RCA-00572,127,1,False
RCA-00573,162,1,False
RCA-00574,157,1,False
RCA-00575,161,1,False
RCA-00576,156,1,False
RCA-00577,146,1,False
RCA-00578,156,1,False
RCA-00579,155,1,False
RCA-00580,131,1,False
RCA-00581,156,1,False
RCA-00582,153,1,False
RCA-00583,129,1,False
RCA-00584,182,1,False
RCA-00585,128,1,False
RCA-00586,158,1,False
RCA-00587,151,1,False
RCA-00588,165,1,False
RCA-00589,152,1,False
RCA-00590,153,1,False
RCA-00591,158,1,False
RCA-00592,133,1,False
RCA-00593,129,1,False
RCA-00594,155,1,False
RCA-00595,154,1,False
RCA-00596,170,1,False
RCA-00597,132,1,False
RCA-00598,127,1,False
RCA-00599,158,1,False
RCA-00600,132,1,False
RCA-00601,131,1,False
RCA-00602,160,1,False
RCA-00603,128,1,False
RCA-00604,156,1,False
RCA-00605,159,1,False
RCA-00606,131,1,False
RCA-00607,132,1,False
RCA-00608,161,1,False
RCA-00609,156,1,False
RCA-00610,134,1,False
RCA-00611,155,1,False
RCA-00612,164,1,False
RCA-00613,178,1,False
RCA-00614,137,1,False
RCA-00615,152,1,False
RCA-00616,160,1,False
RCA-00617,163,1,False
RCA-00618,157,1,False
RCA-00619,160,1,False
RCA-00620,156,1,False
RCA-00621,182,1,False
RCA-00622,130,1,False
RCA-00623,131,1,False
RCA-00624,164,1,False
RCA-00625,165,1,False
RCA-00626,159,1,False
RCA-00627,152,1,False
RCA-00628,154,1,False
RCA-00629,126,1,False
RCA-00630,164,1,False
RCA-00631,178,1,False
RCA-00632,162,1,False
RCA-00633,163,1,False
RCA-00634,133,1,False
RCA-00635,154,1,False
RCA-00636,157,1,False
RCA-00637,158,1,False
RCA-00638,167,1,False
RCA-00639,153,1,False
RCA-00640,155,1,False
RCA-00641,155,1,False
RCA-00642,130,1,False
RCA-00643,128,1,False
RCA-00644,130,1,False
RCA-00645,128,1,False
RCA-00646,133,1,False
RCA-00647,156,1,False
RCA-00648,129,1,False
RCA-00649,157,1,False
RCA-00650,163,1,False
RCA-00651,161,1,False
RCA-00652,152,1,False
RCA-00653,130,1,False
RCA-00654,127,1,False
RCA-00655,131,1,False
RCA-00656,161,1,False
RCA-00657,157,1,False
RCA-00658,154,1,False
RCA-00659,153,1,False
RCA-00660,189,1,False
RCA-00661,131,1,False
RCA-00662,153,1,False
RCA-00663,134,1,False
RCA-00664,153,1,False
RCA-00665,158,1,False
RCA-00666,133,1,False
RCA-00667,132,1,False
RCA-00668,170,1,False
RCA-00669,128,1,False
RCA-00670,158,1,False
RCA-00671,163,1,False
RCA-00672,130,1,False
RCA-00673,129,1,False
RCA-00674,131,1,False
RCA-00675,160,1,False
RCA-00676,151,1,False
RCA-00677,174,1,False
RCA-00678,160,1,False
RCA-00679,159,1,False
RCA-00680,158,1,False
RCA-00681,156,1,False
RCA-00682,133,1,False
RCA-00683,158,1,False
RCA-00684,182,1,False
RCA-00685,127,1,False
RCA-00686,174,1,False
RCA-00687,172,1,False
RCA-00688,166,1,False
RCA-00689,157,1,False
RCA-00690,156,1,False
RCA-00691,135,1,False
RCA-00692,158,1,False
RCA-00693,128,1,False
RCA-00694,127,1,False
RCA-00695,158,1,False
RCA-00696,152,1,False
RCA-00697,130,1,False
RCA-00698,126,1,False
RCA-00699,128,1,False
RCA-00700,174,1,False
RCA-00701,160,1,False
RCA-00702,187,1,False
RCA-00703,131,1,False
RCA-00704,153,1,False
RCA-00705,129,1,False
RCA-00706,166,1,False
RCA-00707,164,1,False
RCA-00708,127,1,False
RCA-00709,162,1,False
RCA-00710,160,1,False
RCA-00711,131,1,False
RCA-00712,156,1,False
RCA-00713,165,1,False
RCA-00714,168,1,False
RCA-00715,171,1,False
RCA-00716,172,1,False
RCA-00717,161,1,False
RCA-00718,127,1,False
RCA-00719,156,1,False
RCA-00720,160,1,False
RCA-00721,159,1,False
RCA-00722,177,1,False
RCA-00723,157,1,False
RCA-00724,130,1,False
RCA-00725,129,1,False
RCA-00726,156,1,False
RCA-00727,126,1,False
RCA-00728,164,1,False
RCA-00729,177,1,False
RCA-00730,131,1,False
RCA-00731,159,1,False
RCA-00732,130,1,False
RCA-00733,152,1,False
RCA-00734,129,1,False
RCA-00735,159,1,False
RCA-00736,186,1,False
RCA-00737,151,1,False
RCA-00738,162,1,False
RCA-00739,159,1,False
RCA-00740,135,1,False
RCA-00741,127,1,False
RCA-00742,129,1,False
RCA-00743,152,1,False
RCA-00744,124,1,False
RCA-00745,161,1,False
RCA-00746,156,1,False
RCA-00747,168,1,False
RCA-00748,157,1,False
RCA-00749,148,1,False
RCA-00750,134,1,False
RCA-00751,156,1,False
RCA-00752,159,1,False
RCA-00753,156,1,False
RCA-00754,158,1,False
RCA-00755,160,1,False
RCA-00756,136,1,False
RCA-00757,154,1,False
RCA-00758,154,1,False
RCA-00759,130,1,False
RCA-00760,154,1,False
RCA-00761,123,1,False
RCA-00762,156,1,False
RCA-00763,165,1,False
RCA-00764,157,1,False
RCA-00765,177,1,False
RCA-00766,154,1,False
RCA-00767,161,1,False
RCA-00768,128,1,False
RCA-00769,163,1,False
RCA-00770,125,1,False
RCA-00771,156,1,False
RCA-00772,150,1,False
RCA-00773,174,1,False
RCA-00774,163,1,False
RCA-00775,169,1,False
RCA-00776,169,1,False
RCA-00777,155,1,False
RCA-00778,130,1,False
RCA-00779,126,1,False
RCA-00780,184,1,False
RCA-00781,163,1,False
RCA-00782,129,1,False
RCA-00783,161,1,False
RCA-00784,132,1,False
RCA-00785,140,1,False
RCA-00786,162,1,False
RCA-00787,170,1,False
RCA-00788,165,1,False
RCA-00789,153,1,False
RCA-00790,156,1,False
RCA-00791,131,1,False
RCA-00792,158,1,False
RCA-00793,162,1,False
RCA-00794,162,1,False
RCA-00795,165,1,False
RCA-00796,174,1,False
RCA-00797,167,1,False
RCA-00798,157,1,False
RCA-00799,154,1,False
RCA-00800,135,1,False
RCA-00801,130,1,False
RCA-00802,159,1,False
RCA-00803,157,1,False
RCA-00804,129,1,False
RCA-00805,161,1,False
RCA-00806,155,1,False
RCA-00807,158,1,False
RCA-00808,157,1,False
RCA-00809,161,1,False
RCA-00810,154,1,False
RCA-00811,129,1,False
RCA-00812,172,1,False
RCA-00813,158,1,False
RCA-00814,158,1,False
RCA-00815,159,1,False
RCA-00816,168,1,False
RCA-00817,161,1,False
RCA-00818,127,1,False
RCA-00819,164,1,False
RCA-00820,160,1,False
RCA-00821,126,1,False
RCA-00822,153,1,False
RCA-00823,156,1,False
RCA-00824,163,1,False
RCA-00825,166,1,False
RCA-00826,155,1,False
RCA-00827,132,1,False
RCA-00828,163,1,False
RCA-00829,157,1,False
RCA-00830,130,1,False
RCA-00831,157,1,False
RCA-00832,137,1,False
RCA-00833,161,1,False
RCA-00834,130,1,False
RCA-00835,154,1,False
RCA-00836,162,1,False
RCA-00837,129,1,False
RCA-00838,160,1,False
RCA-00839,132,1,False
RCA-00840,168,1,False
RCA-00841,164,1,False
RCA-00842,172,1,False
RCA-00843,131,1,False
RCA-00844,151,1,False
RCA-00845,131,1,False
RCA-00846,129,1,False
RCA-00847,156,1,False
RCA-00848,162,1,False
RCA-00849,123,1,False
RCA-00850,159,1,False
RCA-00851,153,1,False
RCA-00852,163,1,False
RCA-00853,159,1,False
RCA-00854,134,1,False
RCA-00855,188,1,False
RCA-00856,161,1,False
RCA-00857,163,1,False
RCA-00858,176,1,False
RCA-00859,127,1,False
RCA-00860,172,1,False
RCA-00861,165,1,False
RCA-00862,125,1,False
RCA-00863,163,1,False
RCA-00864,155,1,False
RCA-00865,157,1,False
RCA-00866,179,1,False
RCA-00867,133,1,False
RCA-00868,154,1,False
RCA-00869,179,1,False
RCA-00870,130,1,False
RCA-00871,163,1,False
RCA-00872,132,1,False
RCA-00873,146,1,False
RCA-00874,158,1,False
RCA-00875,162,1,False
RCA-00876,159,1,False
RCA-00877,133,1,False
RCA-00878,159,1,False
RCA-00879,129,1,False
RCA-00880,128,1,False
RCA-00881,153,1,False
RCA-00882,133,1,False
RCA-00883,131,1,False
RCA-00884,157,1,False
RCA-00885,176,1,False
RCA-00886,126,1,False
RCA-00887,160,1,False
RCA-00888,164,1,False
RCA-00889,163,1,False
RCA-00890,130,1,False
RCA-00891,166,1,False
RCA-00892,153,1,False
RCA-00893,163,1,False
RCA-00894,140,1,False
RCA-00895,162,1,False
RCA-00896,171,1,False
RCA-00897,127,1,False
RCA-00898,156,1,False
RCA-00899,155,1,False
RCA-00900,172,1,False
RCA-00901,160,1,False
RCA-00902,156,1,False
RCA-00903,130,1,False
RCA-00904,128,1,False
RCA-00905,172,1,False
RCA-00906,127,1,False
RCA-00907,158,1,False
RCA-00908,131,1,False
RCA-00909,153,1,False
RCA-00910,132,1,False
RCA-00911,134,1,False
RCA-00912,158,1,False
RCA-00913,170,1,False
RCA-00914,158,1,False
RCA-00915,129,1,False
RCA-00916,132,1,False
RCA-00917,133,1,False
RCA-00918,186,1,False
RCA-00919,128,1,False
RCA-00920,132,1,False
RCA-00921,158,1,False
RCA-00922,134,1,False
RCA-00923,130,1,False
RCA-00924,154,1,False
RCA-00925,128,1,False
RCA-00926,158,1,False
RCA-00927,129,1,False
RCA-00928,132,1,False
RCA-00929,132,1,False
RCA-00930,156,1,False
RCA-00931,130,1,False
RCA-00932,125,1,False
RCA-00933,154,1,False
RCA-00934,133,1,False
RCA-00935,151,1,False
RCA-00936,155,1,False
RCA-00937,152,1,False
RCA-00938,128,1,False
RCA-00939,162,1,False
RCA-00940,167,1,False
RCA-00941,159,1,False
RCA-00942,153,1,False
RCA-00943,150,1,False
RCA-00944,130,1,False
RCA-00945,131,1,False
RCA-00946,163,1,False
RCA-00947,159,1,False
RCA-00948,159,1,False
RCA-00949,129,1,False
RCA-00950,158,1,False
RCA-00951,129,1,False
RCA-00952,174,1,False
RCA-00953,133,1,False
RCA-00954,159,1,False
RCA-00955,129,1,False
RCA-00956,128,1,False
RCA-00957,131,1,False
RCA-00958,128,1,False
RCA-00959,158,1,False
RCA-00960,130,1,False
RCA-00961,152,1,False
RCA-00962,154,1,False
RCA-00963,156,1,False
RCA-00964,128,1,False
RCA-00965,156,1,False
RCA-00966,159,1,False
RCA-00967,159,1,False
RCA-00968,130,1,False
RCA-00969,162,1,False
RCA-00970,128,1,False
RCA-00971,157,1,False
RCA-00972,158,1,False
RCA-00973,166,1,False
RCA-00974,124,1,False
RCA-00975,155,1,False
RCA-00976,176,1,False
RCA-00977,170,1,False
RCA-00978,130,1,False
RCA-00979,158,1,False
RCA-00980,134,1,False
RCA-00981,157,1,False
RCA-00982,151,1,False
RCA-00983,161,1,False
RCA-00984,131,1,False
RCA-00985,157,1,False
RCA-00986,130,1,False
RCA-00987,159,1,False
RCA-00988,159,1,False
RCA-00989,161,1,False
RCA-00990,130,1,False
RCA-00991,160,1,False
RCA-00992,134,1,False
RCA-00993,128,1,False
RCA-00994,157,1,False
RCA-00995,130,1,False
RCA-00996,127,1,False
RCA-00997,135,1,False
RCA-00998,154,1,False
RCA-00999,150,1,False
RCA-01000,181,1,False
RCA-01001,162,1,False
RCA-01002,158,1,False
RCA-01003,129,1,False
RCA-01004,131,1,False
RCA-01005,129,1,False
RCA-01006,131,1,False
RCA-01007,128,1,False
RCA-01008,127,1,False
RCA-01009,161,1,False
RCA-01010,130,1,False
RCA-01011,156,1,False
RCA-01012,133,1,False
RCA-01013,157,1,False
RCA-01014,158,1,False
RCA-01015,157,1,False
RCA-01016,155,1,False
RCA-01017,153,1,False
RCA-01018,154,1,False
RCA-01019,130,1,False
RCA-01020,135,1,False
RCA-01021,157,1,False
RCA-01022,130,1,False
RCA-01023,153,1,False
RCA-01024,165,1,False
RCA-01025,128,1,False
RCA-01026,160,1,False
RCA-01027,153,1,False
RCA-01028,135,1,False
RCA-01029,167,1,False
RCA-01030,158,1,False
RCA-01031,155,1,False
RCA-01032,154,1,False
RCA-01033,125,1,False
RCA-01034,156,1,False
RCA-01035,157,1,False
RCA-01036,135,1,False
RCA-01037,166,1,False
RCA-01038,157,1,False
RCA-01039,165,1,False
RCA-01040,129,1,False
RCA-01041,162,1,False
RCA-01042,154,1,False
RCA-01043,123,1,False
RCA-01044,172,1,False
RCA-01045,124,1,False
RCA-01046,174,1,False
RCA-01047,154,1,False
RCA-01048,150,1,False
RCA-01049,130,1,False
RCA-01050,158,1,False
RCA-01051,166,1,False
RCA-01052,156,1,False
RCA-01053,163,1,False
RCA-01054,128,1,False
RCA-01055,126,1,False
RCA-01056,129,1,False
RCA-01057,154,1,False
RCA-01058,132,1,False
RCA-01059,161,1,False
RCA-01060,172,1,False
RCA-01061,124,1,False
RCA-01062,127,1,False
RCA-01063,152,1,False
RCA-01064,129,1,False
RCA-01065,177,1,False
RCA-01066,155,1,False
RCA-01067,138,1,False
RCA-01068,174,1,False
RCA-01069,158,1,False
RCA-01070,132,1,False
RCA-01071,161,1,False
RCA-01072,156,1,False
RCA-01073,131,1,False
RCA-01074,162,1,False
RCA-01075,132,1,False
RCA-01076,166,1,False
RCA-01077,128,1,False
RCA-01078,130,1,False
RCA-01079,157,1,False
RCA-01080,133,1,False
RCA-01081,158,1,False
RCA-01082,152,1,False
RCA-01083,134,1,False
RCA-01084,175,1,False
RCA-01085,132,1,False
RCA-01086,153,1,False
RCA-01087,127,1,False
RCA-01088,181,1,False
RCA-01089,161,1,False
RCA-01090,153,1,False
RCA-01091,156,1,False
RCA-01092,126,1,False
RCA-01093,128,1,False
RCA-01094,183,1,False
RCA-01095,160,1,False
RCA-01096,155,1,False
RCA-01097,130,1,False
RCA-01098,132,1,False
RCA-01099,155,1,False
RCA-01100,130,1,False
RCA-01101,155,1,False
RCA-01102,161,1,False
RCA-01103,131,1,False
RCA-01104,163,1,False
RCA-01105,157,1,False
RCA-01106,154,1,False
RCA-01107,128,1,False
RCA-01108,136,1,False
RCA-01109,130,1,False
RCA-01110,127,1,False
RCA-01111,175,1,False
RCA-01112,156,1,False
RCA-01113,169,1,False
RCA-01114,158,1,False
RCA-01115,155,1,False
RCA-01116,126,1,False
RCA-01117,130,1,False
RCA-01118,174,1,False
RCA-01119,158,1,False
RCA-01120,156,1,False
RCA-01121,159,1,False
RCA-01122,157,1,False
RCA-01123,148,1,False
RCA-01124,168,1,False
RCA-01125,132,1,False
RCA-01126,159,1,False
RCA-01127,160,1,False
RCA-01128,156,1,False
RCA-01129,128,1,False
RCA-01130,178,1,False
RCA-01131,163,1,False
RCA-01132,129,1,False
RCA-01133,127,1,False
RCA-01134,178,1,False
RCA-01135,130,1,False
RCA-01136,164,1,False
RCA-01137,130,1,False
RCA-01138,133,1,False
RCA-01139,157,1,False
RCA-01140,129,1,False
RCA-01141,158,1,False
RCA-01142,164,1,False
RCA-01143,162,1,False
RCA-01144,127,1,False
RCA-01145,162,1,False
RCA-01146,162,1,False
RCA-01147,177,1,False
RCA-01148,136,1,False
RCA-01149,176,1,False
RCA-01150,156,1,False
RCA-01151,152,1,False
RCA-01152,157,1,False
RCA-01153,176,1,False
RCA-01154,128,1,False
RCA-01155,158,1,False
RCA-01156,151,1,False
RCA-01157,173,1,False
RCA-01158,161,1,False
RCA-01159,158,1,False
RCA-01160,127,1,False
RCA-01161,157,1,False
RCA-01162,153,1,False
RCA-01163,160,1,False
RCA-01164,160,1,False
RCA-01165,164,1,False
RCA-01166,126,1,False
RCA-01167,157,1,False
RCA-01168,156,1,False
RCA-01169,130,1,False
RCA-01170,127,1,False
RCA-01171,162,1,False
RCA-01172,130,1,False
RCA-01173,157,1,False
RCA-01174,133,1,False
RCA-01175,130,1,False
RCA-01176,131,1,False
RCA-01177,160,1,False
RCA-01178,158,1,False
RCA-01179,152,1,False
RCA-01180,159,1,False
RCA-01181,126,1,False
RCA-01182,156,1,False
RCA-01183,131,1,False
RCA-01184,162,1,False
RCA-01185,154,1,False
RCA-01186,168,1,False
RCA-01187,123,1,False
RCA-01188,129,1,False
RCA-01189,150,1,False
RCA-01190,157,1,False
RCA-01191,162,1,False
RCA-01192,157,1,False
RCA-01193,130,1,False
RCA-01194,170,1,False
RCA-01195,178,1,False
RCA-01196,178,1,False
RCA-01197,129,1,False
RCA-01198,132,1,False
RCA-01199,127,1,False
RCA-01200,166,1,False
RCA-01201,162,1,False
RCA-01202,155,1,False
RCA-01203,164,1,False
RCA-01204,153,1,False
RCA-01205,137,1,False
RCA-01206,149,1,False
RCA-01207,131,1,False
RCA-01208,170,1,False
RCA-01209,122,1,False
RCA-01210,156,1,False
RCA-01211,136,1,False
RCA-01212,158,1,False
RCA-01213,157,1,False
RCA-01214,161,1,False
RCA-01215,131,1,False
RCA-01216,128,1,False
RCA-01217,172,1,False
RCA-01218,160,1,False
RCA-01219,133,1,False
RCA-01220,132,1,False
RCA-01221,130,1,False
RCA-01222,129,1,False
RCA-01223,157,1,False
RCA-01224,135,1,False
RCA-01225,132,1,False
RCA-01226,128,1,False
RCA-01227,159,1,False
RCA-01228,153,1,False
RCA-01229,129,1,False
RCA-01230,129,1,False
RCA-01231,128,1,False
RCA-01232,159,1,False
RCA-01233,155,1,False
RCA-01234,162,1,False
RCA-01235,131,1,False
RCA-01236,129,1,False
RCA-01237,126,1,False
RCA-01238,151,1,False
RCA-01239,129,1,False
RCA-01240,132,1,False
RCA-01241,161,1,False
RCA-01242,157,1,False
RCA-01243,135,1,False
RCA-01244,158,1,False
RCA-01245,153,1,False
RCA-01246,126,1,False
RCA-01247,131,1,False
RCA-01248,176,1,False
RCA-01249,131,1,False
RCA-01250,156,1,False
RCA-01251,133,1,False
RCA-01252,170,1,False
RCA-01253,155,1,False
RCA-01254,156,1,False
RCA-01255,156,1,False
RCA-01256,128,1,False
RCA-01257,158,1,False
RCA-01258,136,1,False
RCA-01259,156,1,False
RCA-01260,173,1,False
RCA-01261,135,1,False
RCA-01262,154,1,False
RCA-01263,173,1,False
RCA-01264,158,1,False
RCA-01265,131,1,False
RCA-01266,126,1,False
RCA-01267,158,1,False
RCA-01268,176,1,False
RCA-01269,175,1,False
RCA-01270,129,1,False
RCA-01271,129,1,False
RCA-01272,169,1,False
RCA-01273,130,1,False
RCA-01274,157,1,False
RCA-01275,131,1,False
RCA-01276,127,1,False
RCA-01277,157,1,False
RCA-01278,132,1,False
RCA-01279,154,1,False
RCA-01280,128,1,False
RCA-01281,133,1,False
RCA-01282,133,1,False
RCA-01283,151,1,False
RCA-01284,127,1,False
RCA-01285,162,1,False
RCA-01286,154,1,False
RCA-01287,182,1,False
RCA-01288,159,1,False
RCA-01289,135,1,False
RCA-01290,130,1,False
RCA-01291,175,1,False
RCA-01292,162,1,False
RCA-01293,177,1,False
RCA-01294,158,1,False
RCA-01295,127,1,False
RCA-01296,135,1,False
RCA-01297,168,1,False
RCA-01298,130,1,False
RCA-01299,124,1,False
RCA-01300,132,1,False
RCA-01301,156,1,False
RCA-01302,133,1,False
RCA-01303,157,1,False
RCA-01304,130,1,False
RCA-01305,159,1,False
RCA-01306,157,1,False
RCA-01307,187,1,False
RCA-01308,169,1,False
RCA-01309,157,1,False
RCA-01310,134,1,False
RCA-01311,153,1,False
RCA-01312,131,1,False
RCA-01313,160,1,False
RCA-01314,159,1,False
RCA-01315,165,1,False
RCA-01316,130,1,False
RCA-01317,158,1,False
RCA-01318,158,1,False
RCA-01319,129,1,False
RCA-01320,128,1,False
RCA-01321,175,1,False
RCA-01322,152,1,False
RCA-01323,173,1,False
RCA-01324,159,1,False
RCA-01325,150,1,False
RCA-01326,158,1,False
RCA-01327,159,1,False
RCA-01328,155,1,False
RCA-01329,156,1,False
RCA-01330,159,1,False
RCA-01331,139,1,False
RCA-01332,158,1,False
RCA-01333,137,1,False
RCA-01334,131,1,False
RCA-01335,157,1,False
RCA-01336,159,1,False
RCA-01337,171,1,False
RCA-01338,131,1,False
RCA-01339,156,1,False
RCA-01340,130,1,False
RCA-01341,126,1,False
RCA-01342,155,1,False
RCA-01343,131,1,False
RCA-01344,130,1,False
RCA-01345,161,1,False
RCA-01346,154,1,False
RCA-01347,160,1,False
RCA-01348,128,1,False
RCA-01349,132,1,False
RCA-01350,152,1,False
RCA-01351,131,1,False
RCA-01352,151,1,False
RCA-01353,165,1,False
RCA-01354,152,1,False
RCA-01355,159,1,False
RCA-01356,155,1,False
RCA-01357,134,1,False
RCA-01358,127,1,False
RCA-01359,158,1,False
RCA-01360,161,1,False
RCA-01361,161,1,False
RCA-01362,157,1,False
RCA-01363,155,1,False
RCA-01364,131,1,False
RCA-01365,164,1,False
RCA-01366,165,1,False
RCA-01367,163,1,False
RCA-01368,128,1,False
RCA-01369,158,1,False
RCA-01370,154,1,False
RCA-01371,157,1,False
RCA-01372,127,1,False
RCA-01373,167,1,False
RCA-01374,159,1,False
RCA-01375,161,1,False
RCA-01376,154,1,False
RCA-01377,159,1,False
RCA-01378,130,1,False
RCA-01379,157,1,False
RCA-01380,135,1,False
RCA-01381,130,1,False
RCA-01382,178,1,False
RCA-01383,128,1,False
RCA-01384,153,1,False
RCA-01385,135,1,False
RCA-01386,166,1,False
RCA-01387,180,1,False
RCA-01388,157,1,False
RCA-01389,154,1,False
RCA-01390,154,1,False
RCA-01391,170,1,False
RCA-01392,157,1,False
RCA-01393,165,1,False
RCA-01394,130,1,False
RCA-01395,136,1,False
RCA-01396,155,1,False
RCA-01397,163,1,False
RCA-01398,157,1,False
RCA-01399,132,1,False
RCA-01400,181,1,False
RCA-01401,128,1,False
RCA-01402,158,1,False
RCA-01403,124,1,False
RCA-01404,155,1,False
RCA-01405,135,1,False
RCA-01406,157,1,False
RCA-01407,180,1,False
RCA-01408,135,1,False
RCA-01409,155,1,False
RCA-01410,131,1,False
RCA-01411,177,1,False
RCA-01412,160,1,False
RCA-01413,157,1,False
RCA-01414,131,1,False
RCA-01415,130,1,False
RCA-01416,157,1,False
RCA-01417,179,1,False
RCA-01418,133,1,False
RCA-01419,130,1,False
RCA-01420,158,1,False
RCA-01421,156,1,False
RCA-01422,155,1,False
RCA-01423,129,1,False
RCA-01424,157,1,False
RCA-01425,167,1,False
RCA-01426,163,1,False
RCA-01427,153,1,False
RCA-01428,127,1,False
RCA-01429,130,1,False
RCA-01430,148,1,False
RCA-01431,156,1,False
RCA-01432,157,1,False
RCA-01433,159,1,False
RCA-01434,157,1,False
RCA-01435,122,1,False
RCA-01436,156,1,False
RCA-01437,131,1,False
RCA-01438,157,1,False
RCA-01439,153,1,False
RCA-01440,151,1,False
RCA-01441,176,1,False
RCA-01442,155,1,False
RCA-01443,159,1,False
RCA-01444,127,1,False
RCA-01445,162,1,False
RCA-01446,128,1,False
RCA-01447,153,1,False
RCA-01448,153,1,False
RCA-01449,161,1,False
RCA-01450,150,1,False
RCA-01451,164,1,False
RCA-01452,177,1,False
RCA-01453,153,1,False
RCA-01454,131,1,False
RCA-01455,189,1,False
RCA-01456,152,1,False
RCA-01457,155,1,False
RCA-01458,130,1,False
RCA-01459,181,1,False
RCA-01460,162,1,False
RCA-01461,159,1,False
RCA-01462,155,1,False
RCA-01463,156,1,False
RCA-01464,157,1,False
RCA-01465,158,1,False
RCA-01466,160,1,False
RCA-01467,156,1,False
RCA-01468,158,1,False
RCA-01469,129,1,False
RCA-01470,158,1,False
RCA-01471,187,1,False
RCA-01472,157,1,False
RCA-01473,164,1,False
RCA-01474,156,1,False
RCA-01475,160,1,False
RCA-01476,157,1,False
RCA-01477,130,1,False
RCA-01478,130,1,False
RCA-01479,134,1,False
RCA-01480,177,1,False
RCA-01481,132,1,False
RCA-01482,169,1,False
RCA-01483,128,1,False
RCA-01484,154,1,False
RCA-01485,123,1,False
RCA-01486,154,1,False
RCA-01487,128,1,False
RCA-01488,131,1,False
RCA-01489,169,1,False
RCA-01490,153,1,False
RCA-01491,156,1,False
RCA-01492,159,1,False
RCA-01493,133,1,False
RCA-01494,160,1,False
RCA-01495,132,1,False
RCA-01496,153,1,False
RCA-01497,130,1,False
RCA-01498,163,1,False
RCA-01499,133,1,False
RCA-01500,132,1,False
RCA-01501,187,1,False
RCA-01502,160,1,False
RCA-01503,165,1,False
RCA-01504,131,1,False
RCA-01505,132,1,False
RCA-01506,136,1,False
RCA-01507,129,1,False
RCA-01508,125,1,False
RCA-01509,152,1,False
RCA-01510,130,1,False
RCA-01511,163,1,False
RCA-01512,134,1,False
RCA-01513,130,1,False
RCA-01514,161,1,False
RCA-01515,165,1,False
RCA-01516,171,1,False
RCA-01517,158,1,False
RCA-01518,167,1,False
RCA-01519,166,1,False
RCA-01520,154,1,False
RCA-01521,158,1,False
RCA-01522,162,1,False
RCA-01523,156,1,False
RCA-01524,128,1,False
RCA-01525,182,1,False
RCA-01526,156,1,False
RCA-01527,161,1,False
RCA-01528,153,1,False
RCA-01529,154,1,False
RCA-01530,155,1,False
RCA-01531,130,1,False
RCA-01532,154,1,False
RCA-01533,135,1,False
RCA-01534,130,1,False
RCA-01535,158,1,False
RCA-01536,128,1,False
RCA-01537,158,1,False
RCA-01538,156,1,False
RCA-01539,150,1,False
RCA-01540,156,1,False
RCA-01541,137,1,False
RCA-01542,162,1,False
RCA-01543,157,1,False
RCA-01544,155,1,False
RCA-01545,167,1,False
RCA-01546,136,1,False
RCA-01547,156,1,False
RCA-01548,158,1,False
RCA-01549,152,1,False
RCA-01550,159,1,False
RCA-01551,130,1,False
RCA-01552,156,1,False
RCA-01553,160,1,False
RCA-01554,158,1,False
RCA-01555,163,1,False
RCA-01556,129,1,False
RCA-01557,177,1,False
RCA-01558,157,1,False
RCA-01559,133,1,False
RCA-01560,154,1,False
RCA-01561,157,1,False
RCA-01562,162,1,False
RCA-01563,182,1,False
RCA-01564,161,1,False
RCA-01565,128,1,False
RCA-01566,157,1,False
RCA-01567,131,1,False
RCA-01568,126,1,False
RCA-01569,153,1,False
RCA-01570,134,1,False
RCA-01571,129,1,False
RCA-01572,136,1,False
RCA-01573,157,1,False
RCA-01574,174,1,False
RCA-01575,128,1,False
RCA-01576,149,1,False
RCA-01577,129,1,False
RCA-01578,131,1,False
RCA-01579,160,1,False
RCA-01580,129,1,False
RCA-01581,177,1,False
RCA-01582,158,1,False
RCA-01583,148,1,False
RCA-01584,156,1,False
RCA-01585,159,1,False
RCA-01586,126,1,False
RCA-01587,171,1,False
RCA-01588,157,1,False
RCA-01589,167,1,False
RCA-01590,167,1,False
RCA-01591,153,1,False
RCA-01592,173,1,False
RCA-01593,153,1,False
RCA-01594,153,1,False
RCA-01595,173,1,False
RCA-01596,130,1,False
RCA-01597,158,1,False
RCA-01598,131,1,False
RCA-01599,123,1,False
RCA-01600,132,1,False
RCA-01601,172,1,False
RCA-01602,133,1,False
RCA-01603,189,1,False
RCA-01604,156,1,False
RCA-01605,130,1,False
RCA-01606,124,1,False
RCA-01607,163,1,False
RCA-01608,153,1,False
RCA-01609,167,1,False
RCA-01610,131,1,False
RCA-01611,158,1,False
RCA-01612,127,1,False
RCA-01613,154,1,False
RCA-01614,157,1,False
RCA-01615,130,1,False
RCA-01616,153,1,False
RCA-01617,155,1,False
RCA-01618,132,1,False
RCA-01619,133,1,False
RCA-01620,156,1,False
RCA-01621,156,1,False
RCA-01622,161,1,False
RCA-01623,156,1,False
RCA-01624,170,1,False
RCA-01625,153,1,False
RCA-01626,152,1,False
RCA-01627,153,1,False
RCA-01628,161,1,False
RCA-01629,137,1,False
RCA-01630,127,1,False
RCA-01631,158,1,False
RCA-01632,169,1,False
RCA-01633,161,1,False
RCA-01634,157,1,False
RCA-01635,154,1,False
RCA-01636,160,1,False
RCA-01637,174,1,False
RCA-01638,131,1,False
RCA-01639,130,1,False
RCA-01640,132,1,False
RCA-01641,130,1,False
RCA-01642,124,1,False
RCA-01643,163,1,False
RCA-01644,128,1,False
RCA-01645,156,1,False
RCA-01646,158,1,False
RCA-01647,156,1,False
RCA-01648,148,1,False
RCA-01649,164,1,False
RCA-01650,154,1,False
RCA-01651,131,1,False
RCA-01652,164,1,False
RCA-01653,138,1,False
RCA-01654,178,1,False
RCA-01655,161,1,False
RCA-01656,127,1,False
RCA-01657,175,1,False
RCA-01658,132,1,False
RCA-01659,155,1,False
RCA-01660,154,1,False
RCA-01661,131,1,False
RCA-01662,127,1,False
RCA-01663,135,1,False
RCA-01664,170,1,False
RCA-01665,166,1,False
RCA-01666,158,1,False
RCA-01667,159,1,False
RCA-01668,165,1,False
RCA-01669,128,1,False
RCA-01670,170,1,False
RCA-01671,152,1,False
RCA-01672,167,1,False
RCA-01673,155,1,False
RCA-01674,130,1,False
RCA-01675,158,1,False
RCA-01676,130,1,False
RCA-01677,157,1,False
RCA-01678,172,1,False
RCA-01679,161,1,False
RCA-01680,163,1,False
RCA-01681,127,1,False
RCA-01682,172,1,False
RCA-01683,176,1,False
RCA-01684,129,1,False
RCA-01685,177,1,False
RCA-01686,130,1,False
RCA-01687,158,1,False
RCA-01688,154,1,False
RCA-01689,130,1,False
RCA-01690,132,1,False
RCA-01691,131,1,False
RCA-01692,128,1,False
RCA-01693,131,1,False
RCA-01694,153,1,False
RCA-01695,169,1,False
RCA-01696,156,1,False
RCA-01697,153,1,False
RCA-01698,152,1,False
RCA-01699,131,1,False
RCA-01700,128,1,False
RCA-01701,131,1,False
RCA-01702,170,1,False
RCA-01703,129,1,False
RCA-01704,156,1,False
RCA-01705,156,1,False
RCA-01706,132,1,False
RCA-01707,172,1,False
RCA-01708,180,1,False
RCA-01709,166,1,False
RCA-01710,132,1,False
RCA-01711,130,1,False
RCA-01712,127,1,False
RCA-01713,158,1,False
RCA-01714,133,1,False
RCA-01715,167,1,False
RCA-01716,162,1,False
RCA-01717,133,1,False
RCA-01718,169,1,False
RCA-01719,127,1,False
RCA-01720,166,1,False
RCA-01721,152,1,False
RCA-01722,125,1,False
RCA-01723,159,1,False
RCA-01724,156,1,False
RCA-01725,128,1,False
RCA-01726,130,1,False
RCA-01727,131,1,False
RCA-01728,168,1,False
RCA-01729,156,1,False
RCA-01730,174,1,False
RCA-01731,156,1,False
RCA-01732,175,1,False
RCA-01733,156,1,False
RCA-01734,172,1,False
RCA-01735,132,1,False
RCA-01736,129,1,False
RCA-01737,133,1,False
RCA-01738,156,1,False
RCA-01739,157,1,False
RCA-01740,171,1,False
RCA-01741,133,1,False
RCA-01742,131,1,False
RCA-01743,129,1,False
RCA-01744,126,1,False
RCA-01745,173,1,False
RCA-01746,150,1,False
RCA-01747,168,1,False
RCA-01748,150,1,False
RCA-01749,177,1,False
RCA-01750,132,1,False
RCA-01751,124,1,False
RCA-01752,132,1,False
RCA-01753,128,1,False
RCA-01754,137,1,False
RCA-01755,130,1,False
RCA-01756,157,1,False
RCA-01757,131,1,False
RCA-01758,163,1,False
RCA-01759,155,1,False
RCA-01760,152,1,False
RCA-01761,156,1,False
RCA-01762,157,1,False
RCA-01763,159,1,False
RCA-01764,129,1,False
RCA-01765,179,1,False
RCA-01766,130,1,False
RCA-01767,154,1,False
RCA-01768,155,1,False
RCA-01769,163,1,False
RCA-01770,127,1,False
RCA-01771,175,1,False
RCA-01772,155,1,False
RCA-01773,156,1,False
RCA-01774,168,1,False
RCA-01775,158,1,False
RCA-01776,162,1,False
RCA-01777,156,1,False
RCA-01778,160,1,False
RCA-01779,165,1,False
RCA-01780,128,1,False
RCA-01781,132,1,False
RCA-01782,129,1,False
RCA-01783,169,1,False
RCA-01784,170,1,False
RCA-01785,167,1,False
RCA-01786,159,1,False
RCA-01787,125,1,False
RCA-01788,153,1,False
RCA-01789,155,1,False
RCA-01790,131,1,False
RCA-01791,161,1,False
RCA-01792,152,1,False
RCA-01793,128,1,False
RCA-01794,168,1,False
RCA-01795,160,1,False
RCA-01796,154,1,False
RCA-01797,173,1,False
RCA-01798,153,1,False
RCA-01799,126,1,False
RCA-01800,133,1,False
RCA-01801,166,1,False
RCA-01802,164,1,False
RCA-01803,169,1,False
RCA-01804,164,1,False
RCA-01805,168,1,False
RCA-01806,125,1,False
RCA-01807,131,1,False
RCA-01808,168,1,False
RCA-01809,154,1,False
RCA-01810,131,1,False
RCA-01811,155,1,False
RCA-01812,153,1,False
RCA-01813,136,1,False
RCA-01814,167,1,False
RCA-01815,155,1,False
RCA-01816,171,1,False
RCA-01817,134,1,False
RCA-01818,181,1,False
RCA-01819,166,1,False
RCA-01820,157,1,False
RCA-01821,132,1,False
RCA-01822,170,1,False
RCA-01823,154,1,False
RCA-01824,155,1,False
RCA-01825,152,1,False
RCA-01826,162,1,False
RCA-01827,127,1,False
RCA-01828,127,1,False
RCA-01829,160,1,False
RCA-01830,182,1,False
RCA-01831,157,1,False
RCA-01832,165,1,False
RCA-01833,173,1,False
RCA-01834,130,1,False
RCA-01835,137,1,False
RCA-01836,156,1,False
RCA-01837,130,1,False
RCA-01838,151,1,False
RCA-01839,155,1,False
RCA-01840,130,1,False
RCA-01841,153,1,False
RCA-01842,166,1,False
RCA-01843,129,1,False
RCA-01844,131,1,False
RCA-01845,129,1,False
RCA-01846,131,1,False
RCA-01847,128,1,False
RCA-01848,129,1,False
RCA-01849,130,1,False
RCA-01850,157,1,False
RCA-01851,131,1,False
RCA-01852,154,1,False
RCA-01853,162,1,False
RCA-01854,130,1,False
RCA-01855,153,1,False
RCA-01856,176,1,False
RCA-01857,127,1,False
RCA-01858,157,1,False
RCA-01859,152,1,False
RCA-01860,128,1,False
RCA-01861,153,1,False
RCA-01862,150,1,False
RCA-01863,161,1,False
RCA-01864,166,1,False
RCA-01865,159,1,False
RCA-01866,162,1,False
RCA-01867,132,1,False
RCA-01868,155,1,False
RCA-01869,154,1,False
RCA-01870,153,1,False
RCA-01871,124,1,False
RCA-01872,150,1,False
RCA-01873,154,1,False
RCA-01874,154,1,False
RCA-01875,126,1,False
RCA-01876,157,1,False
RCA-01877,126,1,False
RCA-01878,128,1,False
RCA-01879,167,1,False
RCA-01880,161,1,False
RCA-01881,173,1,False
RCA-01882,168,1,False
RCA-01883,129,1,False
RCA-01884,156,1,False
RCA-01885,157,1,False
RCA-01886,157,1,False
RCA-01887,164,1,False
RCA-01888,153,1,False
RCA-01889,129,1,False
RCA-01890,175,1,False
RCA-01891,137,1,False
RCA-01892,153,1,False
RCA-01893,166,1,False
RCA-01894,132,1,False
RCA-01895,162,1,False
RCA-01896,165,1,False
RCA-01897,131,1,False
RCA-01898,128,1,False
RCA-01899,129,1,False
RCA-01900,154,1,False
RCA-01901,159,1,False
RCA-01902,173,1,False
RCA-01903,163,1,False
RCA-01904,160,1,False
RCA-01905,174,1,False
RCA-01906,156,1,False
RCA-01907,154,1,False
RCA-01908,133,1,False
RCA-01909,127,1,False
RCA-01910,128,1,False
RCA-01911,129,1,False
RCA-01912,175,1,False
RCA-01913,132,1,False
RCA-01914,168,1,False
RCA-01915,164,1,False
RCA-01916,158,1,False
RCA-01917,158,1,False
RCA-01918,173,1,False
RCA-01919,127,1,False
RCA-01920,161,1,False
RCA-01921,157,1,False
RCA-01922,162,1,False
RCA-01923,154,1,False
RCA-01924,157,1,False
RCA-01925,132,1,False
RCA-01926,129,1,False
RCA-01927,157,1,False
RCA-01928,140,1,False
RCA-01929,127,1,False
RCA-01930,173,1,False
RCA-01931,132,1,False
RCA-01932,162,1,False
RCA-01933,167,1,False
RCA-01934,129,1,False
RCA-01935,128,1,False
RCA-01936,127,1,False
RCA-01937,133,1,False
RCA-01938,177,1,False
RCA-01939,153,1,False
RCA-01940,161,1,False
RCA-01941,135,1,False
RCA-01942,132,1,False
RCA-01943,127,1,False
RCA-01944,159,1,False
RCA-01945,137,1,False
RCA-01946,164,1,False
RCA-01947,164,1,False
RCA-01948,130,1,False
RCA-01949,156,1,False
RCA-01950,128,1,False
RCA-01951,157,1,False
RCA-01952,153,1,False
RCA-01953,129,1,False
RCA-01954,160,1,False
RCA-01955,179,1,False
RCA-01956,172,1,False
RCA-01957,159,1,False
RCA-01958,159,1,False
RCA-01959,158,1,False
RCA-01960,147,1,False
RCA-01961,166,1,False
RCA-01962,147,1,False
RCA-01963,133,1,False
RCA-01964,155,1,False
RCA-01965,128,1,False
RCA-01966,161,1,False
RCA-01967,150,1,False
RCA-01968,161,1,False
RCA-01969,172,1,False
RCA-01970,162,1,False
RCA-01971,157,1,False
RCA-01972,154,1,False
RCA-01973,133,1,False
RCA-01974,130,1,False
RCA-01975,170,1,False
RCA-01976,133,1,False
RCA-01977,137,1,False
RCA-01978,127,1,False
RCA-01979,153,1,False
RCA-01980,169,1,False
RCA-01981,128,1,False
RCA-01982,133,1,False
RCA-01983,131,1,False
RCA-01984,127,1,False
RCA-01985,127,1,False
RCA-01986,179,1,False
RCA-01987,158,1,False
RCA-01988,140,1,False
RCA-01989,134,1,False
RCA-01990,153,1,False
RCA-01991,130,1,False
RCA-01992,162,1,False
RCA-01993,132,1,False
RCA-01994,154,1,False
RCA-01995,128,1,False
RCA-01996,159,1,False
RCA-01997,155,1,False
RCA-01998,130,1,False
RCA-01999,135,1,False
RCA-02000,157,1,False
RCA-02001,158,1,False
RCA-02002,157,1,False
RCA-02003,157,1,False
RCA-02004,168,1,False
RCA-02005,127,1,False
RCA-02006,180,1,False
RCA-02007,163,1,False
RCA-02008,158,1,False
RCA-02009,164,1,False
RCA-02010,157,1,False
RCA-02011,156,1,False
RCA-02012,156,1,False
RCA-02013,131,1,False
RCA-02014,155,1,False
RCA-02015,159,1,False
RCA-02016,127,1,False
RCA-02017,128,1,False
RCA-02018,131,1,False
RCA-02019,129,1,False
RCA-02020,130,1,False
RCA-02021,171,1,False
RCA-02022,163,1,False
RCA-02023,153,1,False
RCA-02024,155,1,False
RCA-02025,131,1,False
RCA-02026,165,1,False
RCA-02027,124,1,False
RCA-02028,158,1,False
RCA-02029,130,1,False
RCA-02030,176,1,False
RCA-02031,139,1,False
RCA-02032,155,1,False
RCA-02033,156,1,False
RCA-02034,159,1,False
RCA-02035,132,1,False
RCA-02036,131,1,False
RCA-02037,159,1,False
RCA-02038,156,1,False
RCA-02039,128,1,False
RCA-02040,172,1,False
RCA-02041,129,1,False
RCA-02042,160,1,False
RCA-02043,157,1,False
RCA-02044,156,1,False
RCA-02045,128,1,False
RCA-02046,158,1,False
RCA-02047,156,1,False
RCA-02048,158,1,False
RCA-02049,133,1,False
RCA-02050,129,1,False
RCA-02051,158,1,False
RCA-02052,155,1,False
RCA-02053,130,1,False
RCA-02054,136,1,False
RCA-02055,158,1,False
RCA-02056,128,1,False
RCA-02057,154,1,False
RCA-02058,123,1,False
RCA-02059,158,1,False
RCA-02060,161,1,False
RCA-02061,156,1,False
RCA-02062,165,1,False
RCA-02063,159,1,False
RCA-02064,179,1,False
RCA-02065,128,1,False
RCA-02066,158,1,False
RCA-02067,130,1,False
RCA-02068,154,1,False
RCA-02069,127,1,False
RCA-02070,157,1,False
RCA-02071,128,1,False
RCA-02072,154,1,False
RCA-02073,128,1,False
RCA-02074,131,1,False
RCA-02075,178,1,False
RCA-02076,134,1,False
RCA-02077,173,1,False
RCA-02078,154,1,False
RCA-02079,158,1,False
RCA-02080,161,1,False
RCA-02081,152,1,False
RCA-02082,152,1,False
RCA-02083,128,1,False
RCA-02084,153,1,False
RCA-02085,131,1,False
RCA-02086,160,1,False
RCA-02087,169,1,False
RCA-02088,128,1,False
RCA-02089,130,1,False
RCA-02090,153,1,False
RCA-02091,155,1,False
RCA-02092,155,1,False
RCA-02093,155,1,False
RCA-02094,160,1,False
RCA-02095,138,1,False
RCA-02096,174,1,False
RCA-02097,175,1,False
RCA-02098,166,1,False
RCA-02099,158,1,False
RCA-02100,157,1,False
RCA-02101,162,1,False
RCA-02102,127,1,False
RCA-02103,156,1,False
RCA-02104,127,1,False
RCA-02105,158,1,False
RCA-02106,159,1,False
RCA-02107,131,1,False
RCA-02108,157,1,False
RCA-02109,150,1,False
RCA-02110,158,1,False
RCA-02111,155,1,False
RCA-02112,160,1,False
RCA-02113,129,1,False
RCA-02114,124,1,False
RCA-02115,126,1,False
RCA-02116,133,1,False
RCA-02117,171,1,False
RCA-02118,159,1,False
RCA-02119,131,1,False
RCA-02120,131,1,False
RCA-02121,150,1,False
RCA-02122,157,1,False
RCA-02123,162,1,False
RCA-02124,165,1,False
RCA-02125,179,1,False
RCA-02126,156,1,False
RCA-02127,128,1,False
RCA-02128,129,1,False
RCA-02129,179,1,False
RCA-02130,126,1,False
RCA-02131,158,1,False
RCA-02132,152,1,False
RCA-02133,131,1,False
RCA-02134,162,1,False
RCA-02135,161,1,False
RCA-02136,164,1,False
RCA-02137,162,1,False
RCA-02138,159,1,False
RCA-02139,153,1,False
RCA-02140,159,1,False
RCA-02141,125,1,False
RCA-02142,170,1,False
RCA-02143,165,1,False
RCA-02144,129,1,False
RCA-02145,156,1,False
RCA-02146,131,1,False
RCA-02147,160,1,False
RCA-02148,130,1,False
RCA-02149,127,1,False
RCA-02150,128,1,False
RCA-02151,130,1,False
RCA-02152,132,1,False
RCA-02153,153,1,False
RCA-02154,131,1,False
RCA-02155,129,1,False
RCA-02156,125,1,False
RCA-02157,154,1,False
RCA-02158,158,1,False
RCA-02159,176,1,False
RCA-02160,132,1,False
RCA-02161,173,1,False
RCA-02162,128,1,False
RCA-02163,161,1,False
RCA-02164,131,1,False
RCA-02165,167,1,False
RCA-02166,159,1,False
RCA-02167,153,1,False
RCA-02168,134,1,False
RCA-02169,156,1,False
RCA-02170,156,1,False
RCA-02171,130,1,False
RCA-02172,179,1,False
RCA-02173,157,1,False
RCA-02174,183,1,False
RCA-02175,158,1,False
RCA-02176,153,1,False
RCA-02177,129,1,False
RCA-02178,163,1,False
RCA-02179,130,1,False
RCA-02180,148,1,False
RCA-02181,151,1,False
RCA-02182,130,1,False
RCA-02183,179,1,False
RCA-02184,127,1,False
RCA-02185,165,1,False
RCA-02186,152,1,False
RCA-02187,125,1,False
RCA-02188,168,1,False
RCA-02189,156,1,False
RCA-02190,157,1,False
RCA-02191,153,1,False
RCA-02192,128,1,False
RCA-02193,159,1,False
RCA-02194,130,1,False
RCA-02195,167,1,False
RCA-02196,159,1,False
RCA-02197,130,1,False
RCA-02198,131,1,False
RCA-02199,139,1,False
RCA-02200,135,1,False
RCA-02201,127,1,False
RCA-02202,159,1,False
RCA-02203,162,1,False
RCA-02204,130,1,False
RCA-02205,133,1,False
RCA-02206,123,1,False
RCA-02207,155,1,False
RCA-02208,127,1,False
RCA-02209,161,1,False
RCA-02210,130,1,False
RCA-02211,171,1,False
RCA-02212,151,1,False
RCA-02213,157,1,False
RCA-02214,132,1,False
RCA-02215,157,1,False
RCA-02216,158,1,False
RCA-02217,130,1,False
RCA-02218,131,1,False
RCA-02219,134,1,False
RCA-02220,127,1,False
RCA-02221,132,1,False
RCA-02222,152,1,False
RCA-02223,170,1,False
RCA-02224,130,1,False
RCA-02225,157,1,False
RCA-02226,151,1,False
RCA-02227,131,1,False
RCA-02228,135,1,False
RCA-02229,132,1,False
RCA-02230,129,1,False
RCA-02231,132,1,False
RCA-02232,164,1,False
RCA-02233,187,1,False
RCA-02234,157,1,False
RCA-02235,131,1,False
RCA-02236,128,1,False
RCA-02237,160,1,False
RCA-02238,129,1,False
RCA-02239,165,1,False
RCA-02240,174,1,False
RCA-02241,157,1,False
RCA-02242,165,1,False
RCA-02243,130,1,False
RCA-02244,159,1,False
RCA-02245,154,1,False
RCA-02246,129,1,False
RCA-02247,165,1,False
RCA-02248,158,1,False
RCA-02249,158,1,False
RCA-02250,128,1,False
RCA-02251,130,1,False
RCA-02252,127,1,False
RCA-02253,133,1,False
RCA-02254,153,1,False
RCA-02255,155,1,False
RCA-02256,161,1,False
RCA-02257,155,1,False
RCA-02258,158,1,False
RCA-02259,153,1,False
RCA-02260,165,1,False
RCA-02261,135,1,False
RCA-02262,157,1,False
RCA-02263,126,1,False
RCA-02264,140,1,False
RCA-02265,130,1,False
RCA-02266,153,1,False
RCA-02267,154,1,False
RCA-02268,127,1,False
RCA-02269,159,1,False
RCA-02270,155,1,False
RCA-02271,127,1,False
RCA-02272,169,1,False
RCA-02273,137,1,False
RCA-02274,131,1,False
RCA-02275,161,1,False
RCA-02276,169,1,False
RCA-02277,157,1,False
RCA-02278,127,1,False
RCA-02279,162,1,False
RCA-02280,160,1,False
RCA-02281,171,1,False
RCA-02282,129,1,False
RCA-02283,124,1,False
RCA-02284,154,1,False
RCA-02285,167,1,False
RCA-02286,155,1,False
RCA-02287,172,1,False
RCA-02288,153,1,False
RCA-02289,128,1,False
RCA-02290,127,1,False
RCA-02291,128,1,False
RCA-02292,127,1,False
RCA-02293,170,1,False
RCA-02294,152,1,False
RCA-02295,158,1,False
RCA-02296,124,1,False
RCA-02297,132,1,False
RCA-02298,164,1,False
RCA-02299,154,1,False
RCA-02300,159,1,False
RCA-02301,177,1,False
RCA-02302,158,1,False
RCA-02303,159,1,False
RCA-02304,140,1,False
RCA-02305,168,1,False
RCA-02306,155,1,False
RCA-02307,125,1,False
RCA-02308,133,1,False
RCA-02309,157,1,False
RCA-02310,163,1,False
RCA-02311,123,1,False
RCA-02312,157,1,False
RCA-02313,155,1,False
RCA-02314,158,1,False
RCA-02315,126,1,False
RCA-02316,159,1,False
RCA-02317,134,1,False
RCA-02318,129,1,False
RCA-02319,122,1,False
RCA-02320,160,1,False
RCA-02321,169,1,False
RCA-02322,157,1,False
RCA-02323,157,1,False
RCA-02324,127,1,False
RCA-02325,132,1,False
RCA-02326,127,1,False
RCA-02327,158,1,False
RCA-02328,160,1,False
RCA-02329,163,1,False
RCA-02330,170,1,False
RCA-02331,124,1,False
RCA-02332,168,1,False
RCA-02333,152,1,False
RCA-02334,160,1,False
RCA-02335,158,1,False
RCA-02336,153,1,False
RCA-02337,133,1,False
RCA-02338,158,1,False
RCA-02339,167,1,False
RCA-02340,160,1,False
RCA-02341,158,1,False
RCA-02342,175,1,False
RCA-02343,169,1,False
RCA-02344,153,1,False
RCA-02345,156,1,False
RCA-02346,133,1,False
RCA-02347,148,1,False
RCA-02348,136,1,False
RCA-02349,131,1,False
RCA-02350,157,1,False
RCA-02351,135,1,False
RCA-02352,153,1,False
RCA-02353,136,1,False
RCA-02354,124,1,False
RCA-02355,130,1,False
RCA-02356,183,1,False
RCA-02357,130,1,False
RCA-02358,132,1,False
RCA-02359,157,1,False
RCA-02360,132,1,False
RCA-02361,130,1,False
RCA-02362,158,1,False
RCA-02363,151,1,False
RCA-02364,123,1,False
RCA-02365,133,1,False
RCA-02366,166,1,False
RCA-02367,163,1,False
RCA-02368,130,1,False
RCA-02369,179,1,False
RCA-02370,158,1,False
RCA-02371,161,1,False
RCA-02372,154,1,False
RCA-02373,169,1,False
RCA-02374,158,1,False
RCA-02375,130,1,False
RCA-02376,171,1,False
RCA-02377,127,1,False
RCA-02378,167,1,False
RCA-02379,163,1,False
RCA-02380,168,1,False
RCA-02381,162,1,False
RCA-02382,128,1,False
RCA-02383,152,1,False
RCA-02384,171,1,False
RCA-02385,127,1,False
RCA-02386,128,1,False
RCA-02387,154,1,False
RCA-02388,151,1,False
RCA-02389,132,1,False
RCA-02390,157,1,False
RCA-02391,128,1,False
RCA-02392,130,1,False
RCA-02393,150,1,False
RCA-02394,159,1,False
RCA-02395,157,1,False
RCA-02396,129,1,False
RCA-02397,151,1,False
RCA-02398,135,1,False
RCA-02399,133,1,False
RCA-02400,157,1,False
RCA-02401,162,1,False
RCA-02402,127,1,False
RCA-02403,167,1,False
RCA-02404,135,1,False
RCA-02405,131,1,False
RCA-02406,133,1,False
RCA-02407,176,1,False
RCA-02408,161,1,False
RCA-02409,168,1,False
RCA-02410,134,1,False
RCA-02411,127,1,False
RCA-02412,192,1,False
RCA-02413,126,1,False
RCA-02414,166,1,False
RCA-02415,126,1,False
RCA-02416,158,1,False
RCA-02417,158,1,False
RCA-02418,154,1,False
RCA-02419,165,1,False
RCA-02420,156,1,False
RCA-02421,170,1,False
RCA-02422,163,1,False
RCA-02423,156,1,False
RCA-02424,160,1,False
RCA-02425,155,1,False
RCA-02426,160,1,False
RCA-02427,158,1,False
RCA-02428,166,1,False
RCA-02429,128,1,False
RCA-02430,127,1,False
RCA-02431,131,1,False
RCA-02432,133,1,False
RCA-02433,157,1,False
RCA-02434,152,1,False
RCA-02435,157,1,False
RCA-02436,154,1,False
RCA-02437,157,1,False
RCA-02438,151,1,False
RCA-02439,154,1,False
RCA-02440,177,1,False
RCA-02441,160,1,False
RCA-02442,131,1,False
RCA-02443,131,1,False
RCA-02444,131,1,False
RCA-02445,157,1,False
RCA-02446,160,1,False
RCA-02447,160,1,False
RCA-02448,173,1,False
RCA-02449,155,1,False
RCA-02450,155,1,False
RCA-02451,156,1,False
RCA-02452,142,1,False
RCA-02453,153,1,False
RCA-02454,154,1,False
RCA-02455,153,1,False
RCA-02456,156,1,False
RCA-02457,156,1,False
RCA-02458,130,1,False
RCA-02459,159,1,False
RCA-02460,152,1,False
RCA-02461,156,1,False
RCA-02462,123,1,False
RCA-02463,154,1,False
RCA-02464,129,1,False
RCA-02465,152,1,False
RCA-02466,157,1,False
RCA-02467,134,1,False
RCA-02468,129,1,False
RCA-02469,153,1,False
RCA-02470,158,1,False
RCA-02471,130,1,False
RCA-02472,167,1,False
RCA-02473,148,1,False
RCA-02474,171,1,False
RCA-02475,157,1,False
RCA-02476,130,1,False
RCA-02477,165,1,False
RCA-02478,126,1,False
RCA-02479,161,1,False
RCA-02480,150,1,False
RCA-02481,166,1,False
RCA-02482,156,1,False
RCA-02483,162,1,False
RCA-02484,176,1,False
RCA-02485,164,1,False
RCA-02486,127,1,False
RCA-02487,128,1,False
RCA-02488,130,1,False
RCA-02489,137,1,False
RCA-02490,158,1,False
RCA-02491,163,1,False
RCA-02492,155,1,False
RCA-02493,154,1,False
RCA-02494,158,1,False
RCA-02495,130,1,False
RCA-02496,156,1,False
RCA-02497,138,1,False
RCA-02498,159,1,False
RCA-02499,158,1,False
RCA-02500,157,1,False
RCA-02501,126,1,False
RCA-02502,156,1,False
RCA-02503,169,1,False
RCA-02504,130,1,False
RCA-02505,157,1,False
RCA-02506,128,1,False
RCA-02507,152,1,False
RCA-02508,156,1,False
RCA-02509,162,1,False
RCA-02510,157,1,False
RCA-02511,162,1,False
RCA-02512,178,1,False
RCA-02513,150,1,False
RCA-02514,158,1,False
RCA-02515,124,1,False
RCA-02516,162,1,False
RCA-02517,158,1,False
RCA-02518,133,1,False
RCA-02519,127,1,False
RCA-02520,157,1,False
RCA-02521,131,1,False
RCA-02522,138,1,False
RCA-02523,160,1,False
RCA-02524,177,1,False
RCA-02525,137,1,False
RCA-02526,157,1,False
RCA-02527,129,1,False
RCA-02528,173,1,False
RCA-02529,156,1,False
RCA-02530,175,1,False
RCA-02531,172,1,False
RCA-02532,130,1,False
RCA-02533,171,1,False
RCA-02534,133,1,False
RCA-02535,155,1,False
RCA-02536,165,1,False
RCA-02537,159,1,False
RCA-02538,156,1,False
RCA-02539,159,1,False
RCA-02540,164,1,False
RCA-02541,160,1,False
RCA-02542,124,1,False
RCA-02543,168,1,False
RCA-02544,165,1,False
RCA-02545,163,1,False
RCA-02546,176,1,False
RCA-02547,163,1,False
RCA-02548,159,1,False
RCA-02549,159,1,False
RCA-02550,131,1,False
RCA-02551,159,1,False
RCA-02552,162,1,False
RCA-02553,127,1,False
RCA-02554,153,1,False
RCA-02555,151,1,False
RCA-02556,153,1,False
RCA-02557,162,1,False
RCA-02558,131,1,False
RCA-02559,160,1,False
RCA-02560,155,1,False
RCA-02561,157,1,False
RCA-02562,164,1,False
RCA-02563,132,1,False
RCA-02564,156,1,False
RCA-02565,153,1,False
RCA-02566,166,1,False
RCA-02567,130,1,False
RCA-02568,158,1,False
RCA-02569,160,1,False
RCA-02570,160,1,False
RCA-02571,168,1,False
RCA-02572,161,1,False
RCA-02573,153,1,False
RCA-02574,131,1,False
RCA-02575,123,1,False
RCA-02576,156,1,False
RCA-02577,170,1,False
RCA-02578,159,1,False
RCA-02579,128,1,False
RCA-02580,165,1,False
RCA-02581,159,1,False
RCA-02582,153,1,False
RCA-02583,135,1,False
RCA-02584,133,1,False
RCA-02585,159,1,False
RCA-02586,161,1,False
RCA-02587,127,1,False
RCA-02588,164,1,False
RCA-02589,170,1,False
RCA-02590,131,1,False
RCA-02591,153,1,False
RCA-02592,155,1,False
RCA-02593,161,1,False
RCA-02594,162,1,False
RCA-02595,158,1,False
RCA-02596,158,1,False
RCA-02597,125,1,False
RCA-02598,157,1,False
RCA-02599,130,1,False
RCA-02600,155,1,False
RCA-02601,158,1,False
RCA-02602,127,1,False
RCA-02603,156,1,False
RCA-02604,129,1,False
RCA-02605,132,1,False
RCA-02606,158,1,False
RCA-02607,167,1,False
RCA-02608,129,1,False
RCA-02609,177,1,False
RCA-02610,129,1,False
RCA-02611,148,1,False
RCA-02612,165,1,False
RCA-02613,168,1,False
RCA-02614,133,1,False
RCA-02615,129,1,False
RCA-02616,174,1,False
RCA-02617,174,1,False
RCA-02618,160,1,False
RCA-02619,130,1,False
RCA-02620,152,1,False
RCA-02621,158,1,False
RCA-02622,156,1,False
RCA-02623,126,1,False
RCA-02624,159,1,False
RCA-02625,153,1,False
RCA-02626,157,1,False
RCA-02627,177,1,False
RCA-02628,154,1,False
RCA-02629,155,1,False
RCA-02630,128,1,False
RCA-02631,162,1,False
RCA-02632,157,1,False
RCA-02633,134,1,False
RCA-02634,128,1,False
RCA-02635,125,1,False
RCA-02636,134,1,False
RCA-02637,172,1,False
RCA-02638,154,1,False
RCA-02639,130,1,False
RCA-02640,158,1,False
RCA-02641,154,1,False
RCA-02642,166,1,False
RCA-02643,130,1,False
RCA-02644,132,1,False
RCA-02645,128,1,False
RCA-02646,157,1,False
RCA-02647,130,1,False
RCA-02648,126,1,False
RCA-02649,130,1,False
RCA-02650,156,1,False
RCA-02651,155,1,False
RCA-02652,132,1,False
RCA-02653,155,1,False
RCA-02654,132,1,False
RCA-02655,160,1,False
RCA-02656,157,1,False
RCA-02657,155,1,False
RCA-02658,157,1,False
RCA-02659,178,1,False
RCA-02660,181,1,False
RCA-02661,158,1,False
RCA-02662,153,1,False
RCA-02663,128,1,False
RCA-02664,136,1,False
RCA-02665,127,1,False
RCA-02666,159,1,False
RCA-02667,155,1,False
RCA-02668,129,1,False
RCA-02669,129,1,False
RCA-02670,125,1,False
RCA-02671,157,1,False
RCA-02672,126,1,False
RCA-02673,157,1,False
RCA-02674,162,1,False
RCA-02675,154,1,False
RCA-02676,123,1,False
RCA-02677,130,1,False
RCA-02678,165,1,False
RCA-02679,158,1,False
RCA-02680,160,1,False
RCA-02681,131,1,False
RCA-02682,156,1,False
RCA-02683,130,1,False
RCA-02684,155,1,False
RCA-02685,139,1,False
RCA-02686,127,1,False
RCA-02687,128,1,False
RCA-02688,154,1,False
RCA-02689,161,1,False
RCA-02690,160,1,False
RCA-02691,130,1,False
RCA-02692,129,1,False
RCA-02693,157,1,False
RCA-02694,157,1,False
RCA-02695,159,1,False
RCA-02696,155,1,False
RCA-02697,179,1,False
RCA-02698,130,1,False
RCA-02699,157,1,False
RCA-02700,129,1,False
RCA-02701,155,1,False
RCA-02702,162,1,False
RCA-02703,165,1,False
RCA-02704,127,1,False
RCA-02705,162,1,False
RCA-02706,130,1,False
RCA-02707,157,1,False
RCA-02708,171,1,False
RCA-02709,132,1,False
RCA-02710,163,1,False
RCA-02711,146,1,False
RCA-02712,155,1,False
RCA-02713,155,1,False
RCA-02714,161,1,False
RCA-02715,156,1,False
RCA-02716,132,1,False
RCA-02717,174,1,False
RCA-02718,135,1,False
RCA-02719,156,1,False
RCA-02720,158,1,False
RCA-02721,175,1,False
RCA-02722,179,1,False
RCA-02723,158,1,False
RCA-02724,139,1,False
RCA-02725,131,1,False
RCA-02726,175,1,False
RCA-02727,154,1,False
RCA-02728,169,1,False
RCA-02729,156,1,False
RCA-02730,172,1,False
RCA-02731,156,1,False
RCA-02732,135,1,False
RCA-02733,132,1,False
RCA-02734,134,1,False
RCA-02735,170,1,False
RCA-02736,163,1,False
RCA-02737,135,1,False
RCA-02738,129,1,False
RCA-02739,159,1,False
RCA-02740,131,1,False
RCA-02741,156,1,False
RCA-02742,123,1,False
RCA-02743,131,1,False
RCA-02744,130,1,False
RCA-02745,138,1,False
RCA-02746,152,1,False
RCA-02747,165,1,False
RCA-02748,158,1,False
RCA-02749,153,1,False
RCA-02750,158,1,False
RCA-02751,137,1,False
RCA-02752,129,1,False
RCA-02753,128,1,False
RCA-02754,157,1,False
RCA-02755,166,1,False
RCA-02756,131,1,False
RCA-02757,154,1,False
RCA-02758,179,1,False
RCA-02759,152,1,False
RCA-02760,131,1,False
RCA-02761,176,1,False
RCA-02762,169,1,False
RCA-02763,128,1,False
RCA-02764,165,1,False
RCA-02765,160,1,False
RCA-02766,153,1,False
RCA-02767,131,1,False
RCA-02768,160,1,False
RCA-02769,152,1,False
RCA-02770,164,1,False
RCA-02771,125,1,False
RCA-02772,158,1,False
RCA-02773,130,1,False
RCA-02774,129,1,False
RCA-02775,158,1,False
RCA-02776,130,1,False
RCA-02777,157,1,False
RCA-02778,174,1,False
RCA-02779,131,1,False
RCA-02780,134,1,False
RCA-02781,130,1,False
RCA-02782,157,1,False
RCA-02783,158,1,False
RCA-02784,127,1,False
RCA-02785,127,1,False
RCA-02786,154,1,False
RCA-02787,179,1,False
RCA-02788,130,1,False
RCA-02789,154,1,False
RCA-02790,177,1,False
RCA-02791,129,1,False
RCA-02792,175,1,False
RCA-02793,150,1,False
RCA-02794,164,1,False
RCA-02795,152,1,False
RCA-02796,153,1,False
RCA-02797,130,1,False
RCA-02798,166,1,False
RCA-02799,153,1,False
RCA-02800,153,1,False
RCA-02801,163,1,False
RCA-02802,129,1,False
RCA-02803,157,1,False
RCA-02804,131,1,False
RCA-02805,164,1,False
RCA-02806,125,1,False
RCA-02807,130,1,False
RCA-02808,158,1,False
RCA-02809,155,1,False
RCA-02810,177,1,False
RCA-02811,157,1,False
RCA-02812,128,1,False
RCA-02813,162,1,False
RCA-02814,128,1,False
RCA-02815,156,1,False
RCA-02816,158,1,False
RCA-02817,157,1,False
RCA-02818,155,1,False
RCA-02819,152,1,False
RCA-02820,161,1,False
RCA-02821,170,1,False
RCA-02822,134,1,False
RCA-02823,162,1,False
RCA-02824,165,1,False
RCA-02825,163,1,False
RCA-02826,159,1,False
RCA-02827,135,1,False
RCA-02828,158,1,False
RCA-02829,170,1,False
RCA-02830,189,1,False
RCA-02831,169,1,False
RCA-02832,154,1,False
RCA-02833,131,1,False
RCA-02834,158,1,False
RCA-02835,152,1,False
RCA-02836,166,1,False
RCA-02837,161,1,False
RCA-02838,131,1,False
RCA-02839,160,1,False
RCA-02840,183,1,False
RCA-02841,128,1,False
RCA-02842,131,1,False
RCA-02843,156,1,False
RCA-02844,159,1,False
RCA-02845,169,1,False
RCA-02846,152,1,False
RCA-02847,136,1,False
RCA-02848,159,1,False
RCA-02849,129,1,False
RCA-02850,130,1,False
RCA-02851,131,1,False
RCA-02852,127,1,False
RCA-02853,166,1,False
RCA-02854,127,1,False
RCA-02855,159,1,False
RCA-02856,156,1,False
RCA-02857,162,1,False
RCA-02858,159,1,False
RCA-02859,160,1,False
RCA-02860,132,1,False
RCA-02861,170,1,False
RCA-02862,161,1,False
RCA-02863,131,1,False
RCA-02864,175,1,False
RCA-02865,130,1,False
RCA-02866,128,1,False
RCA-02867,174,1,False
RCA-02868,162,1,False
RCA-02869,169,1,False
RCA-02870,130,1,False
RCA-02871,156,1,False
RCA-02872,165,1,False
RCA-02873,130,1,False
RCA-02874,129,1,False
RCA-02875,130,1,False
RCA-02876,171,1,False
RCA-02877,132,1,False
RCA-02878,166,1,False
RCA-02879,161,1,False
RCA-02880,130,1,False
RCA-02881,153,1,False
RCA-02882,164,1,False
RCA-02883,153,1,False
RCA-02884,154,1,False
RCA-02885,161,1,False
RCA-02886,158,1,False
RCA-02887,128,1,False
RCA-02888,129,1,False
RCA-02889,159,1,False
RCA-02890,130,1,False
RCA-02891,131,1,False
RCA-02892,175,1,False
RCA-02893,170,1,False
RCA-02894,156,1,False
RCA-02895,165,1,False
RCA-02896,165,1,False
RCA-02897,173,1,False
RCA-02898,150,1,False
RCA-02899,152,1,False
RCA-02900,162,1,False
RCA-02901,132,1,False
RCA-02902,163,1,False
RCA-02903,131,1,False
RCA-02904,159,1,False
RCA-02905,159,1,False
RCA-02906,165,1,False
RCA-02907,125,1,False
RCA-02908,135,1,False
RCA-02909,163,1,False
RCA-02910,129,1,False
RCA-02911,150,1,False
RCA-02912,160,1,False
RCA-02913,157,1,False
RCA-02914,131,1,False
RCA-02915,123,1,False
RCA-02916,170,1,False
RCA-02917,153,1,False
RCA-02918,137,1,False
RCA-02919,152,1,False
RCA-02920,153,1,False
RCA-02921,134,1,False
RCA-02922,148,1,False
RCA-02923,131,1,False
RCA-02924,152,1,False
RCA-02925,126,1,False
RCA-02926,152,1,False
RCA-02927,170,1,False
RCA-02928,130,1,False
RCA-02929,164,1,False
RCA-02930,153,1,False
RCA-02931,162,1,False
RCA-02932,130,1,False
RCA-02933,160,1,False
RCA-02934,155,1,False
RCA-02935,168,1,False
RCA-02936,127,1,False
RCA-02937,161,1,False
RCA-02938,157,1,False
RCA-02939,157,1,False
RCA-02940,130,1,False
RCA-02941,128,1,False
RCA-02942,132,1,False
RCA-02943,126,1,False
RCA-02944,126,1,False
RCA-02945,166,1,False
RCA-02946,130,1,False
RCA-02947,132,1,False
RCA-02948,125,1,False
RCA-02949,159,1,False
RCA-02950,176,1,False
RCA-02951,124,1,False
RCA-02952,130,1,False
RCA-02953,151,1,False
RCA-02954,165,1,False
RCA-02955,181,1,False
RCA-02956,182,1,False
RCA-02957,155,1,False
RCA-02958,127,1,False
RCA-02959,127,1,False
RCA-02960,188,1,False
RCA-02961,155,1,False
RCA-02962,133,1,False
RCA-02963,166,1,False
RCA-02964,155,1,False
RCA-02965,156,1,False
RCA-02966,128,1,False
RCA-02967,158,1,False
RCA-02968,152,1,False
RCA-02969,132,1,False
RCA-02970,154,1,False
RCA-02971,150,1,False
RCA-02972,162,1,False
RCA-02973,133,1,False
RCA-02974,153,1,False
RCA-02975,158,1,False
RCA-02976,156,1,False
RCA-02977,130,1,False
RCA-02978,174,1,False
RCA-02979,132,1,False
RCA-02980,158,1,False
RCA-02981,160,1,False
RCA-02982,159,1,False
RCA-02983,159,1,False
RCA-02984,128,1,False
RCA-02985,159,1,False
RCA-02986,160,1,False
RCA-02987,127,1,False
RCA-02988,157,1,False
RCA-02989,131,1,False
RCA-02990,130,1,False
RCA-02991,128,1,False
RCA-02992,131,1,False
RCA-02993,157,1,False
RCA-02994,130,1,False
RCA-02995,128,1,False
RCA-02996,159,1,False
RCA-02997,155,1,False
RCA-02998,160,1,False
RCA-02999,172,1,False
RCA-03000,127,1,False
RCA-03001,159,1,False
RCA-03002,160,1,False
RCA-03003,154,1,False
RCA-03004,151,1,False
RCA-03005,128,1,False
RCA-03006,147,1,False
RCA-03007,161,1,False
RCA-03008,128,1,False
RCA-03009,158,1,False
RCA-03010,134,1,False
RCA-03011,154,1,False
RCA-03012,157,1,False
RCA-03013,129,1,False
RCA-03014,179,1,False
RCA-03015,155,1,False
RCA-03016,150,1,False
RCA-03017,159,1,False
RCA-03018,128,1,False
RCA-03019,155,1,False
RCA-03020,131,1,False
RCA-03021,135,1,False
RCA-03022,163,1,False
RCA-03023,154,1,False
RCA-03024,157,1,False
RCA-03025,154,1,False
RCA-03026,158,1,False
RCA-03027,155,1,False
RCA-03028,153,1,False
RCA-03029,126,1,False
RCA-03030,181,1,False
RCA-03031,160,1,False
RCA-03032,125,1,False
RCA-03033,131,1,False
RCA-03034,156,1,False
RCA-03035,162,1,False
RCA-03036,180,1,False
RCA-03037,130,1,False
RCA-03038,156,1,False
RCA-03039,127,1,False
RCA-03040,153,1,False
RCA-03041,154,1,False
RCA-03042,131,1,False
RCA-03043,171,1,False
RCA-03044,159,1,False
RCA-03045,131,1,False
RCA-03046,127,1,False
RCA-03047,132,1,False
RCA-03048,151,1,False
RCA-03049,130,1,False
RCA-03050,130,1,False
RCA-03051,155,1,False
RCA-03052,137,1,False
RCA-03053,157,1,False
RCA-03054,153,1,False
RCA-03055,179,1,False
RCA-03056,127,1,False
RCA-03057,177,1,False
RCA-03058,153,1,False
RCA-03059,157,1,False
RCA-03060,149,1,False
RCA-03061,155,1,False
RCA-03062,156,1,False
RCA-03063,131,1,False
RCA-03064,159,1,False
RCA-03065,128,1,False
RCA-03066,157,1,False
RCA-03067,162,1,False
RCA-03068,155,1,False
RCA-03069,129,1,False
RCA-03070,151,1,False
RCA-03071,177,1,False
RCA-03072,153,1,False
RCA-03073,135,1,False
RCA-03074,134,1,False
RCA-03075,184,1,False
RCA-03076,159,1,False
RCA-03077,155,1,False
RCA-03078,153,1,False
RCA-03079,129,1,False
RCA-03080,169,1,False
RCA-03081,150,1,False
RCA-03082,130,1,False
RCA-03083,156,1,False
RCA-03084,154,1,False
RCA-03085,157,1,False
RCA-03086,136,1,False
RCA-03087,132,1,False
RCA-03088,133,1,False
RCA-03089,163,1,False
RCA-03090,164,1,False
RCA-03091,133,1,False
RCA-03092,123,1,False
RCA-03093,130,1,False
RCA-03094,155,1,False
RCA-03095,133,1,False
RCA-03096,152,1,False
RCA-03097,156,1,False
RCA-03098,156,1,False
RCA-03099,156,1,False
RCA-03100,131,1,False
RCA-03101,157,1,False
RCA-03102,165,1,False
RCA-03103,168,1,False
RCA-03104,131,1,False
RCA-03105,127,1,False
RCA-03106,150,1,False
RCA-03107,129,1,False
RCA-03108,162,1,False
RCA-03109,161,1,False
RCA-03110,158,1,False
RCA-03111,157,1,False
RCA-03112,130,1,False
RCA-03113,124,1,False
RCA-03114,158,1,False
RCA-03115,167,1,False
RCA-03116,130,1,False
RCA-03117,131,1,False
RCA-03118,159,1,False
RCA-03119,128,1,False
RCA-03120,180,1,False
RCA-03121,130,1,False
RCA-03122,130,1,False
RCA-03123,155,1,False
RCA-03124,131,1,False
RCA-03125,157,1,False
RCA-03126,127,1,False
RCA-03127,146,1,False
RCA-03128,156,1,False
RCA-03129,161,1,False
RCA-03130,157,1,False
RCA-03131,148,1,False
RCA-03132,161,1,False
RCA-03133,127,1,False
RCA-03134,128,1,False
RCA-03135,167,1,False
RCA-03136,131,1,False
RCA-03137,182,1,False
RCA-03138,158,1,False
RCA-03139,171,1,False
RCA-03140,161,1,False
RCA-03141,167,1,False
RCA-03142,127,1,False
RCA-03143,131,1,False
RCA-03144,157,1,False
RCA-03145,127,1,False
RCA-03146,133,1,False
RCA-03147,128,1,False
RCA-03148,137,1,False
RCA-03149,130,1,False
RCA-03150,127,1,False
RCA-03151,168,1,False
RCA-03152,129,1,False
RCA-03153,179,1,False
RCA-03154,156,1,False
RCA-03155,152,1,False
RCA-03156,150,1,False
RCA-03157,155,1,False
RCA-03158,167,1,False
RCA-03159,153,1,False
RCA-03160,173,1,False
RCA-03161,134,1,False
RCA-03162,146,1,False
RCA-03163,127,1,False
RCA-03164,166,1,False
RCA-03165,128,1,False
RCA-03166,163,1,False
RCA-03167,136,1,False
RCA-03168,155,1,False
RCA-03169,159,1,False
RCA-03170,164,1,False
RCA-03171,161,1,False
RCA-03172,158,1,False
RCA-03173,130,1,False
RCA-03174,136,1,False
RCA-03175,151,1,False
RCA-03176,156,1,False
RCA-03177,132,1,False
RCA-03178,135,1,False
RCA-03179,156,1,False
RCA-03180,130,1,False
RCA-03181,174,1,False
RCA-03182,156,1,False
RCA-03183,153,1,False
RCA-03184,157,1,False
RCA-03185,133,1,False
RCA-03186,128,1,False
RCA-03187,151,1,False
RCA-03188,154,1,False
RCA-03189,173,1,False
RCA-03190,157,1,False
RCA-03191,159,1,False
RCA-03192,131,1,False
RCA-03193,152,1,False
RCA-03194,130,1,False
RCA-03195,128,1,False
RCA-03196,155,1,False
RCA-03197,158,1,False
RCA-03198,133,1,False
RCA-03199,130,1,False
RCA-03200,132,1,False
RCA-03201,130,1,False
RCA-03202,128,1,False
RCA-03203,132,1,False
RCA-03204,154,1,False
RCA-03205,166,1,False
RCA-03206,155,1,False
RCA-03207,157,1,False
RCA-03208,164,1,False
RCA-03209,160,1,False
RCA-03210,130,1,False
RCA-03211,159,1,False
RCA-03212,156,1,False
RCA-03213,128,1,False
RCA-03214,158,1,False
RCA-03215,158,1,False
RCA-03216,157,1,False
RCA-03217,163,1,False
RCA-03218,158,1,False
RCA-03219,127,1,False
RCA-03220,157,1,False
RCA-03221,125,1,False
RCA-03222,153,1,False
RCA-03223,161,1,False
RCA-03224,126,1,False
RCA-03225,130,1,False
RCA-03226,127,1,False
RCA-03227,157,1,False
RCA-03228,154,1,False
RCA-03229,152,1,False
RCA-03230,132,1,False
RCA-03231,158,1,False
RCA-03232,159,1,False
RCA-03233,147,1,False
RCA-03234,132,1,False
RCA-03235,132,1,False
RCA-03236,126,1,False
RCA-03237,129,1,False
RCA-03238,166,1,False
RCA-03239,178,1,False
RCA-03240,151,1,False
RCA-03241,131,1,False
RCA-03242,157,1,False
RCA-03243,163,1,False
RCA-03244,157,1,False
RCA-03245,131,1,False
RCA-03246,159,1,False
RCA-03247,162,1,False
RCA-03248,130,1,False
RCA-03249,153,1,False
RCA-03250,157,1,False
RCA-03251,161,1,False
RCA-03252,131,1,False
RCA-03253,127,1,False
RCA-03254,160,1,False
RCA-03255,132,1,False
RCA-03256,179,1,False
RCA-03257,163,1,False
RCA-03258,160,1,False
RCA-03259,125,1,False
RCA-03260,133,1,False
RCA-03261,151,1,False
RCA-03262,125,1,False
RCA-03263,155,1,False
RCA-03264,125,1,False
RCA-03265,163,1,False
RCA-03266,129,1,False
RCA-03267,133,1,False
RCA-03268,172,1,False
RCA-03269,178,1,False
RCA-03270,125,1,False
RCA-03271,171,1,False
RCA-03272,170,1,False
RCA-03273,126,1,False
RCA-03274,131,1,False
RCA-03275,127,1,False
RCA-03276,129,1,False
RCA-03277,159,1,False
RCA-03278,170,1,False
RCA-03279,134,1,False
RCA-03280,129,1,False
RCA-03281,122,1,False
RCA-03282,130,1,False
RCA-03283,161,1,False
RCA-03284,154,1,False
RCA-03285,132,1,False
RCA-03286,133,1,False
RCA-03287,160,1,False
RCA-03288,154,1,False
RCA-03289,130,1,False
RCA-03290,137,1,False
RCA-03291,126,1,False
RCA-03292,181,1,False
RCA-03293,160,1,False
RCA-03294,159,1,False
RCA-03295,158,1,False
RCA-03296,181,1,False
RCA-03297,125,1,False
RCA-03298,153,1,False
RCA-03299,128,1,False
RCA-03300,132,1,False
RCA-03301,126,1,False
RCA-03302,158,1,False
RCA-03303,183,1,False
RCA-03304,129,1,False
RCA-03305,188,1,False
RCA-03306,164,1,False
RCA-03307,154,1,False
RCA-03308,135,1,False
RCA-03309,126,1,False
RCA-03310,161,1,False
RCA-03311,166,1,False
RCA-03312,161,1,False
RCA-03313,154,1,False
RCA-03314,158,1,False
RCA-03315,129,1,False
RCA-03316,154,1,False
RCA-03317,134,1,False
RCA-03318,160,1,False
RCA-03319,126,1,False
RCA-03320,172,1,False
RCA-03321,132,1,False
RCA-03322,161,1,False
RCA-03323,186,1,False
RCA-03324,131,1,False
RCA-03325,140,1,False
RCA-03326,156,1,False
RCA-03327,126,1,False
RCA-03328,164,1,False
RCA-03329,136,1,False
RCA-03330,165,1,False
RCA-03331,130,1,False
RCA-03332,159,1,False
RCA-03333,130,1,False
RCA-03334,174,1,False
RCA-03335,174,1,False
RCA-03336,157,1,False
RCA-03337,181,1,False
RCA-03338,187,1,False
RCA-03339,130,1,False
RCA-03340,163,1,False
RCA-03341,128,1,False
RCA-03342,160,1,False
RCA-03343,159,1,False
RCA-03344,152,1,False
RCA-03345,131,1,False
RCA-03346,179,1,False
RCA-03347,125,1,False
RCA-03348,157,1,False
RCA-03349,127,1,False
RCA-03350,156,1,False
RCA-03351,161,1,False
RCA-03352,130,1,False
RCA-03353,128,1,False
RCA-03354,172,1,False
RCA-03355,157,1,False
RCA-03356,151,1,False
RCA-03357,156,1,False
RCA-03358,163,1,False
RCA-03359,156,1,False
RCA-03360,162,1,False
RCA-03361,136,1,False
RCA-03362,158,1,False
RCA-03363,156,1,False
RCA-03364,162,1,False
RCA-03365,130,1,False
RCA-03366,164,1,False
RCA-03367,167,1,False
RCA-03368,128,1,False
RCA-03369,163,1,False
RCA-03370,173,1,False
RCA-03371,132,1,False
RCA-03372,153,1,False
RCA-03373,153,1,False
RCA-03374,157,1,False
RCA-03375,129,1,False
RCA-03376,167,1,False
RCA-03377,157,1,False
RCA-03378,175,1,False
RCA-03379,131,1,False
RCA-03380,150,1,False
RCA-03381,155,1,False
RCA-03382,131,1,False
RCA-03383,180,1,False
RCA-03384,158,1,False
RCA-03385,128,1,False
RCA-03386,153,1,False
RCA-03387,155,1,False
RCA-03388,163,1,False
RCA-03389,167,1,False
RCA-03390,163,1,False
RCA-03391,161,1,False
RCA-03392,156,1,False
RCA-03393,156,1,False
RCA-03394,152,1,False
RCA-03395,150,1,False
RCA-03396,159,1,False
RCA-03397,157,1,False
RCA-03398,167,1,False
RCA-03399,169,1,False
RCA-03400,157,1,False
RCA-03401,163,1,False
RCA-03402,156,1,False
RCA-03403,165,1,False
RCA-03404,153,1,False
RCA-03405,133,1,False
RCA-03406,127,1,False
RCA-03407,129,1,False
RCA-03408,169,1,False
RCA-03409,133,1,False
RCA-03410,152,1,False
RCA-03411,157,1,False
RCA-03412,154,1,False
RCA-03413,162,1,False
RCA-03414,155,1,False
RCA-03415,151,1,False
RCA-03416,127,1,False
RCA-03417,125,1,False
RCA-03418,134,1,False
RCA-03419,155,1,False
RCA-03420,157,1,False
RCA-03421,157,1,False
RCA-03422,136,1,False
RCA-03423,130,1,False
RCA-03424,168,1,False
RCA-03425,130,1,False
RCA-03426,130,1,False
RCA-03427,153,1,False
RCA-03428,156,1,False
RCA-03429,179,1,False
RCA-03430,170,1,False
RCA-03431,126,1,False
RCA-03432,163,1,False
RCA-03433,130,1,False
RCA-03434,160,1,False
RCA-03435,156,1,False
RCA-03436,173,1,False
RCA-03437,126,1,False
RCA-03438,163,1,False
RCA-03439,160,1,False
RCA-03440,126,1,False
RCA-03441,159,1,False
RCA-03442,159,1,False
RCA-03443,152,1,False
RCA-03444,167,1,False
RCA-03445,187,1,False
RCA-03446,173,1,False
RCA-03447,130,1,False
RCA-03448,131,1,False
RCA-03449,130,1,False
RCA-03450,142,1,False
RCA-03451,165,1,False
RCA-03452,153,1,False
RCA-03453,174,1,False
RCA-03454,176,1,False
RCA-03455,156,1,False
RCA-03456,163,1,False
RCA-03457,128,1,False
RCA-03458,151,1,False
RCA-03459,127,1,False
RCA-03460,167,1,False
RCA-03461,127,1,False
RCA-03462,154,1,False
RCA-03463,165,1,False
RCA-03464,167,1,False
RCA-03465,155,1,False
RCA-03466,180,1,False
RCA-03467,181,1,False
RCA-03468,158,1,False
RCA-03469,154,1,False
RCA-03470,126,1,False
RCA-03471,173,1,False
RCA-03472,159,1,False
RCA-03473,158,1,False
RCA-03474,155,1,False
RCA-03475,152,1,False
RCA-03476,182,1,False
RCA-03477,153,1,False
RCA-03478,153,1,False
RCA-03479,160,1,False
RCA-03480,124,1,False
RCA-03481,128,1,False
RCA-03482,155,1,False
RCA-03483,159,1,False
RCA-03484,127,1,False
RCA-03485,128,1,False
RCA-03486,160,1,False
RCA-03487,156,1,False
RCA-03488,177,1,False
RCA-03489,157,1,False
RCA-03490,163,1,False
RCA-03491,169,1,False
RCA-03492,131,1,False
RCA-03493,133,1,False
RCA-03494,133,1,False
RCA-03495,170,1,False
RCA-03496,153,1,False
RCA-03497,131,1,False
RCA-03498,131,1,False
RCA-03499,162,1,False
RCA-03500,130,1,False
RCA-03501,156,1,False
RCA-03502,170,1,False
RCA-03503,152,1,False
RCA-03504,157,1,False
RCA-03505,174,1,False
RCA-03506,158,1,False
RCA-03507,157,1,False
RCA-03508,128,1,False
RCA-03509,155,1,False
RCA-03510,129,1,False
RCA-03511,164,1,False
RCA-03512,163,1,False
RCA-03513,160,1,False
RCA-03514,128,1,False
RCA-03515,156,1,False
RCA-03516,130,1,False
RCA-03517,156,1,False
RCA-03518,152,1,False
RCA-03519,160,1,False
RCA-03520,130,1,False
RCA-03521,128,1,False
RCA-03522,170,1,False
RCA-03523,176,1,False
RCA-03524,167,1,False
RCA-03525,167,1,False
RCA-03526,156,1,False
RCA-03527,162,1,False
RCA-03528,158,1,False
RCA-03529,128,1,False
RCA-03530,155,1,False
RCA-03531,158,1,False
RCA-03532,159,1,False
RCA-03533,126,1,False
RCA-03534,159,1,False
RCA-03535,157,1,False
RCA-03536,137,1,False
RCA-03537,154,1,False
RCA-03538,152,1,False
RCA-03539,170,1,False
RCA-03540,171,1,False
RCA-03541,151,1,False
RCA-03542,167,1,False
RCA-03543,165,1,False
RCA-03544,148,1,False
RCA-03545,131,1,False
RCA-03546,155,1,False
RCA-03547,177,1,False
RCA-03548,130,1,False
RCA-03549,158,1,False
RCA-03550,163,1,False
RCA-03551,131,1,False
RCA-03552,153,1,False
RCA-03553,157,1,False
RCA-03554,156,1,False
RCA-03555,157,1,False
RCA-03556,127,1,False
RCA-03557,156,1,False
RCA-03558,174,1,False
RCA-03559,155,1,False
RCA-03560,130,1,False
RCA-03561,174,1,False
RCA-03562,168,1,False
RCA-03563,156,1,False
RCA-03564,161,1,False
RCA-03565,129,1,False
RCA-03566,153,1,False
RCA-03567,155,1,False
RCA-03568,161,1,False
RCA-03569,156,1,False
RCA-03570,126,1,False
RCA-03571,129,1,False
RCA-03572,160,1,False
RCA-03573,131,1,False
RCA-03574,127,1,False
RCA-03575,160,1,False
RCA-03576,170,1,False
RCA-03577,130,1,False
RCA-03578,156,1,False
RCA-03579,130,1,False
RCA-03580,126,1,False
RCA-03581,171,1,False
RCA-03582,158,1,False
RCA-03583,127,1,False
RCA-03584,174,1,False
RCA-03585,134,1,False
RCA-03586,127,1,False
RCA-03587,155,1,False
RCA-03588,156,1,False
RCA-03589,135,1,False
RCA-03590,167,1,False
RCA-03591,137,1,False
RCA-03592,162,1,False
RCA-03593,155,1,False
RCA-03594,176,1,False
RCA-03595,129,1,False
RCA-03596,157,1,False
RCA-03597,128,1,False
RCA-03598,131,1,False
RCA-03599,175,1,False
RCA-03600,124,1,False
RCA-03601,130,1,False
RCA-03602,129,1,False
RCA-03603,159,1,False
RCA-03604,163,1,False
RCA-03605,130,1,False
RCA-03606,166,1,False
RCA-03607,132,1,False
RCA-03608,129,1,False
RCA-03609,157,1,False
RCA-03610,158,1,False
RCA-03611,150,1,False
RCA-03612,156,1,False
RCA-03613,156,1,False
RCA-03614,159,1,False
RCA-03615,162,1,False
RCA-03616,153,1,False
RCA-03617,156,1,False
RCA-03618,157,1,False
RCA-03619,128,1,False
RCA-03620,126,1,False
RCA-03621,166,1,False
RCA-03622,152,1,False
RCA-03623,130,1,False
RCA-03624,152,1,False
RCA-03625,128,1,False
RCA-03626,169,1,False
RCA-03627,155,1,False
RCA-03628,188,1,False
RCA-03629,127,1,False
RCA-03630,129,1,False
RCA-03631,179,1,False
RCA-03632,162,1,False
RCA-03633,172,1,False
RCA-03634,128,1,False
RCA-03635,132,1,False
RCA-03636,156,1,False
RCA-03637,132,1,False
RCA-03638,164,1,False
RCA-03639,160,1,False
RCA-03640,149,1,False
RCA-03641,162,1,False
RCA-03642,164,1,False
RCA-03643,153,1,False
RCA-03644,163,1,False
RCA-03645,174,1,False
RCA-03646,131,1,False
RCA-03647,158,1,False
RCA-03648,134,1,False
RCA-03649,156,1,False
RCA-03650,127,1,False
RCA-03651,153,1,False
RCA-03652,127,1,False
RCA-03653,125,1,False
RCA-03654,180,1,False
RCA-03655,157,1,False
RCA-03656,155,1,False
RCA-03657,152,1,False
RCA-03658,168,1,False
RCA-03659,158,1,False
RCA-03660,162,1,False
RCA-03661,157,1,False
RCA-03662,133,1,False
RCA-03663,135,1,False
RCA-03664,153,1,False
RCA-03665,126,1,False
RCA-03666,162,1,False
RCA-03667,161,1,False
RCA-03668,130,1,False
RCA-03669,133,1,False
RCA-03670,130,1,False
RCA-03671,147,1,False
RCA-03672,128,1,False
RCA-03673,168,1,False
RCA-03674,133,1,False
RCA-03675,132,1,False
RCA-03676,161,1,False
RCA-03677,162,1,False
RCA-03678,159,1,False
RCA-03679,162,1,False
RCA-03680,129,1,False
RCA-03681,133,1,False
RCA-03682,173,1,False
RCA-03683,137,1,False
RCA-03684,168,1,False
RCA-03685,155,1,False
RCA-03686,166,1,False
RCA-03687,126,1,False
RCA-03688,130,1,False
RCA-03689,152,1,False
RCA-03690,168,1,False
RCA-03691,133,1,False
RCA-03692,124,1,False
RCA-03693,153,1,False
RCA-03694,167,1,False
RCA-03695,130,1,False
RCA-03696,158,1,False
RCA-03697,156,1,False
RCA-03698,129,1,False
RCA-03699,155,1,False
RCA-03700,182,1,False
RCA-03701,169,1,False
RCA-03702,158,1,False
RCA-03703,153,1,False
RCA-03704,157,1,False
RCA-03705,174,1,False
RCA-03706,132,1,False
RCA-03707,175,1,False
RCA-03708,130,1,False
RCA-03709,125,1,False
RCA-03710,154,1,False
RCA-03711,149,1,False
RCA-03712,124,1,False
RCA-03713,131,1,False
RCA-03714,151,1,False
RCA-03715,159,1,False
RCA-03716,131,1,False
RCA-03717,159,1,False
RCA-03718,154,1,False
RCA-03719,148,1,False
RCA-03720,131,1,False
RCA-03721,131,1,False
RCA-03722,155,1,False
RCA-03723,158,1,False
RCA-03724,154,1,False
RCA-03725,155,1,False
RCA-03726,129,1,False
RCA-03727,151,1,False
RCA-03728,128,1,False
RCA-03729,157,1,False
RCA-03730,127,1,False
RCA-03731,157,1,False
RCA-03732,155,1,False
RCA-03733,159,1,False
RCA-03734,129,1,False
RCA-03735,181,1,False
RCA-03736,169,1,False
RCA-03737,130,1,False
RCA-03738,129,1,False
RCA-03739,157,1,False
RCA-03740,152,1,False
RCA-03741,152,1,False
RCA-03742,129,1,False
RCA-03743,170,1,False
RCA-03744,153,1,False
RCA-03745,127,1,False
RCA-03746,161,1,False
RCA-03747,129,1,False
RCA-03748,130,1,False
RCA-03749,153,1,False
RCA-03750,156,1,False
RCA-03751,132,1,False
RCA-03752,178,1,False
RCA-03753,176,1,False
RCA-03754,165,1,False
RCA-03755,154,1,False
RCA-03756,126,1,False
RCA-03757,166,1,False
RCA-03758,159,1,False
RCA-03759,158,1,False
RCA-03760,133,1,False
RCA-03761,161,1,False
RCA-03762,127,1,False
RCA-03763,152,1,False
RCA-03764,179,1,False
RCA-03765,127,1,False
RCA-03766,180,1,False
RCA-03767,154,1,False
RCA-03768,126,1,False
RCA-03769,165,1,False
RCA-03770,128,1,False
RCA-03771,158,1,False
RCA-03772,156,1,False
RCA-03773,160,1,False
RCA-03774,162,1,False
RCA-03775,153,1,False
RCA-03776,161,1,False
RCA-03777,157,1,False
RCA-03778,162,1,False
RCA-03779,126,1,False
RCA-03780,123,1,False
RCA-03781,168,1,False
RCA-03782,167,1,False
RCA-03783,149,1,False
RCA-03784,152,1,False
RCA-03785,162,1,False
RCA-03786,167,1,False
RCA-03787,136,1,False
RCA-03788,158,1,False
RCA-03789,125,1,False
RCA-03790,186,1,False
RCA-03791,131,1,False
RCA-03792,161,1,False
RCA-03793,151,1,False
RCA-03794,129,1,False
RCA-03795,131,1,False
RCA-03796,162,1,False
RCA-03797,163,1,False
RCA-03798,188,1,False
RCA-03799,160,1,False
RCA-03800,157,1,False
RCA-03801,155,1,False
RCA-03802,128,1,False
RCA-03803,125,1,False
RCA-03804,169,1,False
RCA-03805,130,1,False
RCA-03806,128,1,False
RCA-03807,125,1,False
RCA-03808,157,1,False
RCA-03809,157,1,False
RCA-03810,155,1,False
RCA-03811,160,1,False
RCA-03812,130,1,False
RCA-03813,130,1,False
RCA-03814,132,1,False
RCA-03815,128,1,False
RCA-03816,155,1,False
RCA-03817,161,1,False
RCA-03818,159,1,False
RCA-03819,130,1,False
RCA-03820,167,1,False
RCA-03821,129,1,False
RCA-03822,152,1,False
RCA-03823,131,1,False
RCA-03824,131,1,False
RCA-03825,152,1,False
RCA-03826,136,1,False
RCA-03827,159,1,False
RCA-03828,139,1,False
RCA-03829,127,1,False
RCA-03830,177,1,False
RCA-03831,131,1,False
RCA-03832,160,1,False
RCA-03833,151,1,False
RCA-03834,159,1,False
RCA-03835,176,1,False
RCA-03836,162,1,False
RCA-03837,129,1,False
RCA-03838,131,1,False
RCA-03839,130,1,False
RCA-03840,158,1,False
RCA-03841,154,1,False
RCA-03842,157,1,False
RCA-03843,154,1,False
RCA-03844,130,1,False
RCA-03845,137,1,False
RCA-03846,156,1,False
RCA-03847,160,1,False
RCA-03848,163,1,False
RCA-03849,129,1,False
RCA-03850,161,1,False
RCA-03851,131,1,False
RCA-03852,162,1,False
RCA-03853,156,1,False
RCA-03854,129,1,False
RCA-03855,156,1,False
RCA-03856,133,1,False
RCA-03857,156,1,False
RCA-03858,124,1,False
RCA-03859,150,1,False
RCA-03860,179,1,False
RCA-03861,130,1,False
RCA-03862,157,1,False
RCA-03863,126,1,False
RCA-03864,158,1,False
RCA-03865,176,1,False
RCA-03866,125,1,False
RCA-03867,170,1,False
RCA-03868,154,1,False
RCA-03869,160,1,False
RCA-03870,131,1,False
RCA-03871,168,1,False
RCA-03872,159,1,False
RCA-03873,131,1,False
RCA-03874,158,1,False
RCA-03875,156,1,False
RCA-03876,155,1,False
RCA-03877,160,1,False
RCA-03878,129,1,False
RCA-03879,131,1,False
RCA-03880,166,1,False
RCA-03881,129,1,False
RCA-03882,150,1,False
RCA-03883,132,1,False
RCA-03884,152,1,False
RCA-03885,131,1,False
RCA-03886,132,1,False
RCA-03887,164,1,False
RCA-03888,151,1,False
RCA-03889,156,1,False
RCA-03890,170,1,False
RCA-03891,154,1,False
RCA-03892,129,1,False
RCA-03893,158,1,False
RCA-03894,169,1,False
RCA-03895,127,1,False
RCA-03896,124,1,False
RCA-03897,182,1,False
RCA-03898,130,1,False
RCA-03899,155,1,False
RCA-03900,160,1,False
RCA-03901,174,1,False
RCA-03902,124,1,False
RCA-03903,174,1,False
RCA-03904,128,1,False
RCA-03905,161,1,False
RCA-03906,128,1,False
RCA-03907,177,1,False
RCA-03908,125,1,False
RCA-03909,153,1,False
RCA-03910,130,1,False
RCA-03911,134,1,False
RCA-03912,166,1,False
RCA-03913,156,1,False
RCA-03914,159,1,False
RCA-03915,123,1,False
RCA-03916,160,1,False
RCA-03917,157,1,False
RCA-03918,140,1,False
RCA-03919,163,1,False
RCA-03920,130,1,False
RCA-03921,157,1,False
RCA-03922,130,1,False
RCA-03923,127,1,False
RCA-03924,151,1,False
RCA-03925,163,1,False
RCA-03926,128,1,False
RCA-03927,154,1,False
RCA-03928,161,1,False
RCA-03929,159,1,False
RCA-03930,156,1,False
RCA-03931,129,1,False
RCA-03932,128,1,False
RCA-03933,126,1,False
RCA-03934,158,1,False
RCA-03935,132,1,False
RCA-03936,155,1,False
RCA-03937,124,1,False
RCA-03938,155,1,False
RCA-03939,165,1,False
RCA-03940,134,1,False
RCA-03941,151,1,False
RCA-03942,131,1,False
RCA-03943,151,1,False
RCA-03944,126,1,False
RCA-03945,131,1,False
RCA-03946,152,1,False
RCA-03947,131,1,False
RCA-03948,157,1,False
RCA-03949,155,1,False
RCA-03950,129,1,False
RCA-03951,135,1,False
RCA-03952,131,1,False
RCA-03953,127,1,False
RCA-03954,157,1,False
RCA-03955,156,1,False
RCA-03956,153,1,False
RCA-03957,127,1,False
RCA-03958,126,1,False
RCA-03959,158,1,False
RCA-03960,124,1,False
RCA-03961,134,1,False
RCA-03962,129,1,False
RCA-03963,127,1,False
RCA-03964,128,1,False
RCA-03965,135,1,False
RCA-03966,159,1,False
RCA-03967,163,1,False
RCA-03968,163,1,False
RCA-03969,164,1,False
RCA-03970,159,1,False
RCA-03971,176,1,False
RCA-03972,160,1,False
RCA-03973,162,1,False
RCA-03974,153,1,False
RCA-03975,124,1,False
RCA-03976,155,1,False
RCA-03977,157,1,False
RCA-03978,147,1,False
RCA-03979,162,1,False
RCA-03980,130,1,False
RCA-03981,136,1,False
RCA-03982,163,1,False
RCA-03983,129,1,False
RCA-03984,164,1,False
RCA-03985,132,1,False
RCA-03986,179,1,False
RCA-03987,158,1,False
RCA-03988,154,1,False
RCA-03989,133,1,False
RCA-03990,158,1,False
RCA-03991,131,1,False
RCA-03992,172,1,False
RCA-03993,131,1,False
RCA-03994,129,1,False
RCA-03995,162,1,False
RCA-03996,131,1,False
RCA-03997,131,1,False
RCA-03998,159,1,False
RCA-03999,168,1,False
RCA-04000,130,1,False
RCA-04001,132,1,False
RCA-04002,169,1,False
RCA-04003,165,1,False
RCA-04004,166,1,False
RCA-04005,131,1,False
RCA-04006,153,1,False
RCA-04007,157,1,False
RCA-04008,155,1,False
RCA-04009,153,1,False
RCA-04010,158,1,False
RCA-04011,155,1,False
RCA-04012,156,1,False
RCA-04013,127,1,False
RCA-04014,154,1,False
RCA-04015,135,1,False
RCA-04016,166,1,False
RCA-04017,180,1,False
RCA-04018,170,1,False
RCA-04019,131,1,False
RCA-04020,153,1,False
RCA-04021,156,1,False
RCA-04022,173,1,False
RCA-04023,154,1,False
RCA-04024,129,1,False
RCA-04025,153,1,False
RCA-04026,127,1,False
RCA-04027,130,1,False
RCA-04028,159,1,False
RCA-04029,136,1,False
RCA-04030,135,1,False
RCA-04031,159,1,False
RCA-04032,161,1,False
RCA-04033,163,1,False
RCA-04034,169,1,False
RCA-04035,166,1,False
RCA-04036,165,1,False
RCA-04037,153,1,False
RCA-04038,154,1,False
RCA-04039,160,1,False
RCA-04040,164,1,False
RCA-04041,161,1,False
RCA-04042,171,1,False
RCA-04043,128,1,False
RCA-04044,159,1,False
RCA-04045,157,1,False
RCA-04046,153,1,False
RCA-04047,170,1,False
RCA-04048,169,1,False
RCA-04049,128,1,False
RCA-04050,167,1,False
RCA-04051,163,1,False
RCA-04052,130,1,False
RCA-04053,164,1,False
RCA-04054,130,1,False
RCA-04055,163,1,False
RCA-04056,163,1,False
RCA-04057,133,1,False
RCA-04058,147,1,False
RCA-04059,156,1,False
RCA-04060,133,1,False
RCA-04061,155,1,False
RCA-04062,158,1,False
RCA-04063,131,1,False
RCA-04064,162,1,False
RCA-04065,165,1,False
RCA-04066,127,1,False
RCA-04067,155,1,False
RCA-04068,125,1,False
RCA-04069,181,1,False
RCA-04070,128,1,False
RCA-04071,127,1,False
RCA-04072,158,1,False
RCA-04073,167,1,False
RCA-04074,155,1,False
RCA-04075,127,1,False
RCA-04076,130,1,False
RCA-04077,173,1,False
RCA-04078,153,1,False
RCA-04079,159,1,False
RCA-04080,163,1,False
RCA-04081,161,1,False
RCA-04082,170,1,False
RCA-04083,167,1,False
RCA-04084,130,1,False
RCA-04085,156,1,False
RCA-04086,153,1,False
RCA-04087,180,1,False
RCA-04088,128,1,False
RCA-04089,173,1,False
RCA-04090,161,1,False
RCA-04091,150,1,False
RCA-04092,157,1,False
RCA-04093,162,1,False
RCA-04094,177,1,False
RCA-04095,157,1,False
RCA-04096,129,1,False
RCA-04097,157,1,False
RCA-04098,158,1,False
RCA-04099,158,1,False
RCA-04100,167,1,False
RCA-04101,133,1,False
RCA-04102,132,1,False
RCA-04103,128,1,False
RCA-04104,154,1,False
RCA-04105,155,1,False
RCA-04106,133,1,False
RCA-04107,130,1,False
RCA-04108,180,1,False
RCA-04109,152,1,False
RCA-04110,161,1,False
RCA-04111,125,1,False
RCA-04112,182,1,False
RCA-04113,165,1,False
RCA-04114,154,1,False
RCA-04115,156,1,False
RCA-04116,127,1,False
RCA-04117,158,1,False
RCA-04118,126,1,False
RCA-04119,160,1,False
RCA-04120,158,1,False
RCA-04121,131,1,False
RCA-04122,164,1,False
RCA-04123,153,1,False
RCA-04124,155,1,False
RCA-04125,156,1,False
RCA-04126,159,1,False
RCA-04127,160,1,False
RCA-04128,155,1,False
RCA-04129,157,1,False
RCA-04130,156,1,False
RCA-04131,156,1,False
RCA-04132,131,1,False
RCA-04133,131,1,False
RCA-04134,155,1,False
RCA-04135,168,1,False
RCA-04136,151,1,False
RCA-04137,153,1,False
RCA-04138,177,1,False
RCA-04139,132,1,False
RCA-04140,158,1,False
RCA-04141,125,1,False
RCA-04142,158,1,False
RCA-04143,129,1,False
RCA-04144,177,1,False
RCA-04145,129,1,False
RCA-04146,157,1,False
RCA-04147,129,1,False
RCA-04148,169,1,False
RCA-04149,162,1,False
RCA-04150,131,1,False
RCA-04151,158,1,False
RCA-04152,152,1,False
RCA-04153,132,1,False
RCA-04154,155,1,False
RCA-04155,125,1,False
RCA-04156,163,1,False
RCA-04157,158,1,False
RCA-04158,154,1,False
RCA-04159,127,1,False
RCA-04160,131,1,False
RCA-04161,156,1,False
RCA-04162,160,1,False
RCA-04163,158,1,False
RCA-04164,179,1,False
RCA-04165,136,1,False
RCA-04166,132,1,False
RCA-04167,161,1,False
RCA-04168,153,1,False
RCA-04169,155,1,False
RCA-04170,177,1,False
RCA-04171,170,1,False
RCA-04172,164,1,False
RCA-04173,134,1,False
RCA-04174,129,1,False
RCA-04175,134,1,False
RCA-04176,154,1,False
RCA-04177,175,1,False
RCA-04178,154,1,False
RCA-04179,165,1,False
RCA-04180,130,1,False
RCA-04181,157,1,False
RCA-04182,133,1,False
RCA-04183,162,1,False
RCA-04184,153,1,False
RCA-04185,169,1,False
RCA-04186,154,1,False
RCA-04187,152,1,False
RCA-04188,132,1,False
RCA-04189,131,1,False
RCA-04190,169,1,False
RCA-04191,157,1,False
RCA-04192,129,1,False
RCA-04193,131,1,False
RCA-04194,126,1,False
RCA-04195,160,1,False
RCA-04196,182,1,False
RCA-04197,159,1,False
RCA-04198,155,1,False
RCA-04199,127,1,False
RCA-04200,159,1,False
RCA-04201,165,1,False
RCA-04202,154,1,False
RCA-04203,124,1,False
RCA-04204,155,1,False
RCA-04205,154,1,False
RCA-04206,154,1,False
RCA-04207,139,1,False
RCA-04208,124,1,False
RCA-04209,159,1,False
RCA-04210,153,1,False
RCA-04211,171,1,False
RCA-04212,130,1,False
RCA-04213,177,1,False
RCA-04214,134,1,False
RCA-04215,172,1,False
RCA-04216,128,1,False
RCA-04217,154,1,False
RCA-04218,126,1,False
RCA-04219,158,1,False
RCA-04220,151,1,False
RCA-04221,130,1,False
RCA-04222,153,1,False
RCA-04223,158,1,False
RCA-04224,129,1,False
RCA-04225,128,1,False
RCA-04226,133,1,False
RCA-04227,159,1,False
RCA-04228,154,1,False
RCA-04229,160,1,False
RCA-04230,130,1,False
RCA-04231,131,1,False
RCA-04232,176,1,False
RCA-04233,136,1,False
RCA-04234,154,1,False
RCA-04235,128,1,False
RCA-04236,155,1,False
RCA-04237,179,1,False
RCA-04238,156,1,False
RCA-04239,153,1,False
RCA-04240,136,1,False
RCA-04241,131,1,False
RCA-04242,125,1,False
RCA-04243,128,1,False
RCA-04244,130,1,False
RCA-04245,154,1,False
RCA-04246,151,1,False
RCA-04247,130,1,False
RCA-04248,166,1,False
RCA-04249,157,1,False
RCA-04250,156,1,False
RCA-04251,132,1,False
RCA-04252,154,1,False
RCA-04253,161,1,False
RCA-04254,160,1,False
RCA-04255,159,1,False
RCA-04256,178,1,False
RCA-04257,169,1,False
RCA-04258,165,1,False
RCA-04259,130,1,False
RCA-04260,131,1,False
RCA-04261,159,1,False
RCA-04262,133,1,False
RCA-04263,170,1,False
RCA-04264,127,1,False
RCA-04265,155,1,False
RCA-04266,162,1,False
RCA-04267,157,1,False
RCA-04268,154,1,False
RCA-04269,163,1,False
RCA-04270,154,1,False
RCA-04271,128,1,False
RCA-04272,128,1,False
RCA-04273,165,1,False
RCA-04274,184,1,False
RCA-04275,131,1,False
RCA-04276,135,1,False
RCA-04277,135,1,False
RCA-04278,125,1,False
RCA-04279,157,1,False
RCA-04280,166,1,False
RCA-04281,128,1,False
RCA-04282,159,1,False
RCA-04283,179,1,False
RCA-04284,133,1,False
RCA-04285,132,1,False
RCA-04286,162,1,False
RCA-04287,128,1,False
RCA-04288,126,1,False
RCA-04289,163,1,False
RCA-04290,151,1,False
RCA-04291,162,1,False
RCA-04292,157,1,False
RCA-04293,156,1,False
RCA-04294,149,1,False
RCA-04295,160,1,False
RCA-04296,159,1,False
RCA-04297,176,1,False
RCA-04298,125,1,False
RCA-04299,152,1,False
RCA-04300,124,1,False
RCA-04301,173,1,False
RCA-04302,163,1,False
RCA-04303,131,1,False
RCA-04304,157,1,False
RCA-04305,126,1,False
RCA-04306,153,1,False
RCA-04307,137,1,False
RCA-04308,129,1,False
RCA-04309,159,1,False
RCA-04310,128,1,False
RCA-04311,150,1,False
RCA-04312,130,1,False
RCA-04313,157,1,False
RCA-04314,156,1,False
RCA-04315,165,1,False
RCA-04316,125,1,False
RCA-04317,156,1,False
RCA-04318,154,1,False
RCA-04319,127,1,False
RCA-04320,154,1,False
RCA-04321,158,1,False
RCA-04322,154,1,False
RCA-04323,158,1,False
RCA-04324,131,1,False
RCA-04325,128,1,False
RCA-04326,127,1,False
RCA-04327,155,1,False
RCA-04328,177,1,False
RCA-04329,134,1,False
RCA-04330,152,1,False
RCA-04331,149,1,False
RCA-04332,126,1,False
RCA-04333,160,1,False
RCA-04334,129,1,False
RCA-04335,162,1,False
RCA-04336,130,1,False
RCA-04337,131,1,False
RCA-04338,156,1,False
RCA-04339,124,1,False
RCA-04340,163,1,False
RCA-04341,162,1,False
RCA-04342,163,1,False
RCA-04343,130,1,False
RCA-04344,169,1,False
RCA-04345,162,1,False
RCA-04346,130,1,False
RCA-04347,168,1,False
RCA-04348,164,1,False
RCA-04349,133,1,False
RCA-04350,162,1,False
RCA-04351,161,1,False
RCA-04352,133,1,False
RCA-04353,187,1,False
RCA-04354,158,1,False
RCA-04355,131,1,False
RCA-04356,127,1,False
RCA-04357,155,1,False
RCA-04358,153,1,False
RCA-04359,152,1,False
RCA-04360,154,1,False
RCA-04361,132,1,False
RCA-04362,156,1,False
RCA-04363,154,1,False
RCA-04364,154,1,False
RCA-04365,130,1,False
RCA-04366,130,1,False
RCA-04367,181,1,False
RCA-04368,153,1,False
RCA-04369,167,1,False
RCA-04370,189,1,False
RCA-04371,137,1,False
RCA-04372,157,1,False
RCA-04373,164,1,False
RCA-04374,184,1,False
RCA-04375,156,1,False
RCA-04376,131,1,False
RCA-04377,131,1,False
RCA-04378,151,1,False
RCA-04379,133,1,False
RCA-04380,156,1,False
RCA-04381,134,1,False
RCA-04382,130,1,False
RCA-04383,128,1,False
RCA-04384,155,1,False
RCA-04385,157,1,False
RCA-04386,135,1,False
RCA-04387,157,1,False
RCA-04388,157,1,False
RCA-04389,127,1,False
RCA-04390,161,1,False
RCA-04391,163,1,False
RCA-04392,133,1,False
RCA-04393,160,1,False
RCA-04394,155,1,False
RCA-04395,162,1,False
RCA-04396,187,1,False
RCA-04397,152,1,False
RCA-04398,130,1,False
RCA-04399,132,1,False
RCA-04400,180,1,False
RCA-04401,158,1,False
RCA-04402,167,1,False
RCA-04403,159,1,False
RCA-04404,157,1,False
RCA-04405,156,1,False
RCA-04406,159,1,False
RCA-04407,157,1,False
RCA-04408,133,1,False
RCA-04409,130,1,False
RCA-04410,158,1,False
RCA-04411,124,1,False
RCA-04412,150,1,False
RCA-04413,132,1,False
RCA-04414,127,1,False
RCA-04415,159,1,False
RCA-04416,164,1,False
RCA-04417,152,1,False
RCA-04418,151,1,False
RCA-04419,155,1,False
RCA-04420,159,1,False
RCA-04421,148,1,False
RCA-04422,155,1,False
RCA-04423,132,1,False
RCA-04424,161,1,False
RCA-04425,162,1,False
RCA-04426,128,1,False
RCA-04427,135,1,False
RCA-04428,129,1,False
RCA-04429,128,1,False
RCA-04430,160,1,False
RCA-04431,167,1,False
RCA-04432,130,1,False
RCA-04433,178,1,False
RCA-04434,136,1,False
RCA-04435,134,1,False
RCA-04436,182,1,False
RCA-04437,153,1,False
RCA-04438,158,1,False
RCA-04439,156,1,False
RCA-04440,128,1,False
RCA-04441,130,1,False
RCA-04442,133,1,False
RCA-04443,163,1,False
RCA-04444,159,1,False
RCA-04445,168,1,False
RCA-04446,167,1,False
RCA-04447,154,1,False
RCA-04448,132,1,False
RCA-04449,123,1,False
RCA-04450,152,1,False
RCA-04451,129,1,False
RCA-04452,158,1,False
RCA-04453,154,1,False
RCA-04454,126,1,False
RCA-04455,151,1,False
RCA-04456,136,1,False
RCA-04457,130,1,False
RCA-04458,157,1,False
RCA-04459,158,1,False
RCA-04460,153,1,False
RCA-04461,154,1,False
RCA-04462,166,1,False
RCA-04463,158,1,False
RCA-04464,154,1,False
RCA-04465,155,1,False
RCA-04466,159,1,False
RCA-04467,128,1,False
RCA-04468,168,1,False
RCA-04469,157,1,False
RCA-04470,127,1,False
RCA-04471,164,1,False
RCA-04472,155,1,False
RCA-04473,178,1,False
RCA-04474,164,1,False
RCA-04475,132,1,False
RCA-04476,154,1,False
RCA-04477,130,1,False
RCA-04478,153,1,False
RCA-04479,176,1,False
RCA-04480,127,1,False
RCA-04481,159,1,False
RCA-04482,165,1,False
RCA-04483,158,1,False
RCA-04484,160,1,False
RCA-04485,164,1,False
RCA-04486,167,1,False
RCA-04487,130,1,False
RCA-04488,124,1,False
RCA-04489,132,1,False
RCA-04490,166,1,False
RCA-04491,133,1,False
RCA-04492,156,1,False
RCA-04493,128,1,False
RCA-04494,126,1,False
RCA-04495,132,1,False
RCA-04496,154,1,False
RCA-04497,154,1,False
RCA-04498,150,1,False
RCA-04499,166,1,False
RCA-04500,153,1,False
RCA-04501,132,1,False
RCA-04502,157,1,False
RCA-04503,124,1,False
RCA-04504,130,1,False
RCA-04505,135,1,False
RCA-04506,158,1,False
RCA-04507,126,1,False
RCA-04508,135,1,False
RCA-04509,131,1,False
RCA-04510,157,1,False
RCA-04511,153,1,False
RCA-04512,126,1,False
RCA-04513,181,1,False
RCA-04514,154,1,False
RCA-04515,128,1,False
RCA-04516,130,1,False
RCA-04517,133,1,False
RCA-04518,128,1,False
RCA-04519,128,1,False
RCA-04520,134,1,False
RCA-04521,166,1,False
RCA-04522,127,1,False
RCA-04523,130,1,False
RCA-04524,127,1,False
RCA-04525,156,1,False
RCA-04526,162,1,False
RCA-04527,180,1,False
RCA-04528,170,1,False
RCA-04529,133,1,False
RCA-04530,173,1,False
RCA-04531,166,1,False
RCA-04532,128,1,False
RCA-04533,151,1,False
RCA-04534,127,1,False
RCA-04535,153,1,False
RCA-04536,163,1,False
RCA-04537,131,1,False
RCA-04538,135,1,False
RCA-04539,133,1,False
RCA-04540,151,1,False
RCA-04541,130,1,False
RCA-04542,127,1,False
RCA-04543,158,1,False
RCA-04544,127,1,False
RCA-04545,182,1,False
RCA-04546,159,1,False
RCA-04547,131,1,False
RCA-04548,167,1,False
RCA-04549,169,1,False
RCA-04550,171,1,False
RCA-04551,163,1,False
RCA-04552,157,1,False
RCA-04553,150,1,False
RCA-04554,156,1,False
RCA-04555,124,1,False
RCA-04556,156,1,False
RCA-04557,131,1,False
RCA-04558,155,1,False
RCA-04559,152,1,False
RCA-04560,130,1,False
RCA-04561,133,1,False
RCA-04562,155,1,False
RCA-04563,131,1,False
RCA-04564,163,1,False
RCA-04565,156,1,False
RCA-04566,129,1,False
RCA-04567,132,1,False
RCA-04568,158,1,False
RCA-04569,131,1,False
RCA-04570,165,1,False
RCA-04571,131,1,False
RCA-04572,130,1,False
RCA-04573,167,1,False
RCA-04574,166,1,False
RCA-04575,172,1,False
RCA-04576,151,1,False
RCA-04577,174,1,False
RCA-04578,150,1,False
RCA-04579,172,1,False
RCA-04580,153,1,False
RCA-04581,154,1,False
RCA-04582,131,1,False
RCA-04583,179,1,False
RCA-04584,154,1,False
RCA-04585,130,1,False
RCA-04586,133,1,False
RCA-04587,171,1,False
RCA-04588,160,1,False
RCA-04589,157,1,False
RCA-04590,162,1,False
RCA-04591,154,1,False
RCA-04592,139,1,False
RCA-04593,131,1,False
RCA-04594,161,1,False
RCA-04595,153,1,False
RCA-04596,132,1,False
RCA-04597,133,1,False
RCA-04598,162,1,False
RCA-04599,156,1,False
RCA-04600,152,1,False
RCA-04601,152,1,False
RCA-04602,179,1,False
RCA-04603,156,1,False
RCA-04604,133,1,False
RCA-04605,130,1,False
RCA-04606,151,1,False
RCA-04607,156,1,False
RCA-04608,174,1,False
RCA-04609,130,1,False
RCA-04610,151,1,False
RCA-04611,161,1,False
RCA-04612,151,1,False
RCA-04613,135,1,False
RCA-04614,132,1,False
RCA-04615,154,1,False
RCA-04616,133,1,False
RCA-04617,130,1,False
RCA-04618,153,1,False
RCA-04619,152,1,False
RCA-04620,161,1,False
RCA-04621,159,1,False
RCA-04622,156,1,False
RCA-04623,152,1,False
RCA-04624,153,1,False
RCA-04625,157,1,False
RCA-04626,154,1,False
RCA-04627,153,1,False
RCA-04628,172,1,False
RCA-04629,162,1,False
RCA-04630,179,1,False
RCA-04631,128,1,False
RCA-04632,153,1,False
RCA-04633,170,1,False
RCA-04634,162,1,False
RCA-04635,137,1,False
RCA-04636,171,1,False
RCA-04637,155,1,False
RCA-04638,123,1,False
RCA-04639,153,1,False
RCA-04640,159,1,False
RCA-04641,160,1,False
RCA-04642,131,1,False
RCA-04643,126,1,False
RCA-04644,158,1,False
RCA-04645,154,1,False
RCA-04646,157,1,False
RCA-04647,164,1,False
RCA-04648,169,1,False
RCA-04649,158,1,False
RCA-04650,176,1,False
RCA-04651,160,1,False
RCA-04652,182,1,False
RCA-04653,154,1,False
RCA-04654,157,1,False
RCA-04655,154,1,False
RCA-04656,157,1,False
RCA-04657,162,1,False
RCA-04658,160,1,False
RCA-04659,162,1,False
RCA-04660,160,1,False
RCA-04661,130,1,False
RCA-04662,161,1,False
RCA-04663,158,1,False
RCA-04664,162,1,False
RCA-04665,161,1,False
RCA-04666,130,1,False
RCA-04667,156,1,False
RCA-04668,133,1,False
RCA-04669,137,1,False
RCA-04670,153,1,False
RCA-04671,156,1,False
RCA-04672,157,1,False
RCA-04673,131,1,False
RCA-04674,134,1,False
RCA-04675,159,1,False
RCA-04676,131,1,False
RCA-04677,132,1,False
RCA-04678,157,1,False
RCA-04679,181,1,False
RCA-04680,156,1,False
RCA-04681,134,1,False
RCA-04682,128,1,False
RCA-04683,134,1,False
RCA-04684,168,1,False
RCA-04685,162,1,False
RCA-04686,158,1,False
RCA-04687,130,1,False
RCA-04688,157,1,False
RCA-04689,133,1,False
RCA-04690,151,1,False
RCA-04691,172,1,False
RCA-04692,128,1,False
RCA-04693,156,1,False
RCA-04694,158,1,False
RCA-04695,157,1,False
RCA-04696,161,1,False
RCA-04697,156,1,False
RCA-04698,156,1,False
RCA-04699,135,1,False
RCA-04700,154,1,False
RCA-04701,157,1,False
RCA-04702,128,1,False
RCA-04703,157,1,False
RCA-04704,159,1,False
RCA-04705,151,1,False
RCA-04706,158,1,False
RCA-04707,127,1,False
RCA-04708,162,1,False
RCA-04709,155,1,False
RCA-04710,169,1,False
RCA-04711,165,1,False
RCA-04712,128,1,False
RCA-04713,161,1,False
RCA-04714,125,1,False
RCA-04715,123,1,False
RCA-04716,166,1,False
RCA-04717,161,1,False
RCA-04718,127,1,False
RCA-04719,131,1,False
RCA-04720,127,1,False
RCA-04721,182,1,False
RCA-04722,132,1,False
RCA-04723,131,1,False
RCA-04724,134,1,False
RCA-04725,159,1,False
RCA-04726,173,1,False
RCA-04727,133,1,False
RCA-04728,126,1,False
RCA-04729,139,1,False
RCA-04730,154,1,False
RCA-04731,177,1,False
RCA-04732,156,1,False
RCA-04733,160,1,False
RCA-04734,162,1,False
RCA-04735,158,1,False
RCA-04736,132,1,False
RCA-04737,155,1,False
RCA-04738,128,1,False
RCA-04739,162,1,False
RCA-04740,153,1,False
RCA-04741,159,1,False
RCA-04742,177,1,False
RCA-04743,131,1,False
RCA-04744,130,1,False
RCA-04745,164,1,False
RCA-04746,166,1,False
RCA-04747,158,1,False
RCA-04748,157,1,False
RCA-04749,173,1,False
RCA-04750,153,1,False
RCA-04751,133,1,False
RCA-04752,154,1,False
RCA-04753,130,1,False
RCA-04754,153,1,False
RCA-04755,171,1,False
RCA-04756,132,1,False
RCA-04757,155,1,False
RCA-04758,158,1,False
RCA-04759,163,1,False
RCA-04760,129,1,False
RCA-04761,133,1,False
RCA-04762,166,1,False
RCA-04763,127,1,False
RCA-04764,137,1,False
RCA-04765,162,1,False
RCA-04766,162,1,False
RCA-04767,128,1,False
RCA-04768,150,1,False
RCA-04769,156,1,False
RCA-04770,164,1,False
RCA-04771,158,1,False
RCA-04772,130,1,False
RCA-04773,150,1,False
RCA-04774,160,1,False
RCA-04775,151,1,False
RCA-04776,160,1,False
RCA-04777,161,1,False
RCA-04778,157,1,False
RCA-04779,132,1,False
RCA-04780,153,1,False
RCA-04781,155,1,False
RCA-04782,132,1,False
RCA-04783,159,1,False
RCA-04784,177,1,False
RCA-04785,179,1,False
RCA-04786,130,1,False
RCA-04787,134,1,False
RCA-04788,154,1,False
RCA-04789,159,1,False
RCA-04790,158,1,False
RCA-04791,176,1,False
RCA-04792,155,1,False
RCA-04793,127,1,False
RCA-04794,165,1,False
RCA-04795,168,1,False
RCA-04796,150,1,False
RCA-04797,156,1,False
RCA-04798,128,1,False
RCA-04799,163,1,False
RCA-04800,164,1,False
RCA-04801,162,1,False
RCA-04802,156,1,False
RCA-04803,162,1,False
RCA-04804,159,1,False
RCA-04805,168,1,False
RCA-04806,156,1,False
RCA-04807,148,1,False
RCA-04808,155,1,False
RCA-04809,132,1,False
RCA-04810,170,1,False
RCA-04811,153,1,False
RCA-04812,137,1,False
RCA-04813,149,1,False
RCA-04814,131,1,False
RCA-04815,123,1,False
RCA-04816,165,1,False
RCA-04817,132,1,False
RCA-04818,153,1,False
RCA-04819,158,1,False
RCA-04820,127,1,False
RCA-04821,154,1,False
RCA-04822,129,1,False
RCA-04823,163,1,False
RCA-04824,136,1,False
RCA-04825,157,1,False
RCA-04826,155,1,False
RCA-04827,136,1,False
RCA-04828,159,1,False
RCA-04829,134,1,False
RCA-04830,153,1,False
RCA-04831,168,1,False
RCA-04832,177,1,False
RCA-04833,150,1,False
RCA-04834,177,1,False
RCA-04835,155,1,False
RCA-04836,167,1,False
RCA-04837,166,1,False
RCA-04838,130,1,False
RCA-04839,167,1,False
RCA-04840,158,1,False
RCA-04841,164,1,False
RCA-04842,162,1,False
RCA-04843,164,1,False
RCA-04844,156,1,False
RCA-04845,159,1,False
RCA-04846,165,1,False
RCA-04847,129,1,False
RCA-04848,157,1,False
RCA-04849,158,1,False
RCA-04850,153,1,False
RCA-04851,128,1,False
RCA-04852,131,1,False
RCA-04853,150,1,False
RCA-04854,152,1,False
RCA-04855,152,1,False
RCA-04856,130,1,False
RCA-04857,128,1,False
RCA-04858,128,1,False
RCA-04859,170,1,False
RCA-04860,130,1,False
RCA-04861,131,1,False
RCA-04862,159,1,False
RCA-04863,161,1,False
RCA-04864,154,1,False
RCA-04865,130,1,False
RCA-04866,162,1,False
RCA-04867,129,1,False
RCA-04868,130,1,False
RCA-04869,142,1,False
RCA-04870,159,1,False
RCA-04871,162,1,False
RCA-04872,126,1,False
RCA-04873,158,1,False
RCA-04874,155,1,False
RCA-04875,153,1,False
RCA-04876,153,1,False
RCA-04877,179,1,False
RCA-04878,134,1,False
RCA-04879,126,1,False
RCA-04880,128,1,False
RCA-04881,161,1,False
RCA-04882,164,1,False
RCA-04883,166,1,False
RCA-04884,168,1,False
RCA-04885,152,1,False
RCA-04886,153,1,False
RCA-04887,127,1,False
RCA-04888,159,1,False
RCA-04889,155,1,False
RCA-04890,161,1,False
RCA-04891,138,1,False
RCA-04892,163,1,False
RCA-04893,158,1,False
RCA-04894,177,1,False
RCA-04895,155,1,False
RCA-04896,154,1,False
RCA-04897,163,1,False
RCA-04898,157,1,False
RCA-04899,166,1,False
RCA-04900,173,1,False
RCA-04901,169,1,False
RCA-04902,154,1,False
RCA-04903,132,1,False
RCA-04904,132,1,False
RCA-04905,157,1,False
RCA-04906,156,1,False
RCA-04907,172,1,False
RCA-04908,129,1,False
RCA-04909,156,1,False
RCA-04910,177,1,False
RCA-04911,165,1,False
RCA-04912,150,1,False
RCA-04913,153,1,False
RCA-04914,179,1,False
RCA-04915,133,1,False
RCA-04916,161,1,False
RCA-04917,159,1,False
RCA-04918,127,1,False
RCA-04919,163,1,False
RCA-04920,153,1,False
RCA-04921,159,1,False
RCA-04922,131,1,False
RCA-04923,130,1,False
RCA-04924,159,1,False
RCA-04925,162,1,False
RCA-04926,158,1,False
RCA-04927,179,1,False
RCA-04928,129,1,False
RCA-04929,134,1,False
RCA-04930,167,1,False
RCA-04931,159,1,False
RCA-04932,164,1,False
RCA-04933,128,1,False
RCA-04934,158,1,False
RCA-04935,155,1,False
RCA-04936,154,1,False
RCA-04937,160,1,False
RCA-04938,152,1,False
RCA-04939,130,1,False
RCA-04940,155,1,False
RCA-04941,153,1,False
RCA-04942,158,1,False
RCA-04943,173,1,False
RCA-04944,129,1,False
RCA-04945,154,1,False
RCA-04946,128,1,False
RCA-04947,128,1,False
RCA-04948,159,1,False
RCA-04949,130,1,False
RCA-04950,126,1,False
RCA-04951,155,1,False
RCA-04952,131,1,False
RCA-04953,131,1,False
RCA-04954,136,1,False
RCA-04955,158,1,False
RCA-04956,124,1,False
RCA-04957,125,1,False
RCA-04958,163,1,False
RCA-04959,129,1,False
RCA-04960,160,1,False
RCA-04961,130,1,False
RCA-04962,133,1,False
RCA-04963,149,1,False
RCA-04964,132,1,False
RCA-04965,167,1,False
RCA-04966,178,1,False
RCA-04967,131,1,False
RCA-04968,163,1,False
RCA-04969,157,1,False
RCA-04970,157,1,False
RCA-04971,129,1,False
RCA-04972,124,1,False
RCA-04973,126,1,False
RCA-04974,127,1,False
RCA-04975,134,1,False
RCA-04976,158,1,False
RCA-04977,160,1,False
RCA-04978,152,1,False
RCA-04979,154,1,False
RCA-04980,131,1,False
RCA-04981,171,1,False
RCA-04982,137,1,False
RCA-04983,159,1,False
RCA-04984,158,1,False
RCA-04985,128,1,False
RCA-04986,133,1,False
RCA-04987,156,1,False
RCA-04988,155,1,False
RCA-04989,192,1,False
RCA-04990,130,1,False
RCA-04991,133,1,False
RCA-04992,148,1,False
RCA-04993,164,1,False
RCA-04994,166,1,False
RCA-04995,133,1,False
RCA-04996,158,1,False
RCA-04997,157,1,False
RCA-04998,155,1,False
RCA-04999,157,1,False
RCA-05000,172,1,False
RCA-05001,155,1,False
RCA-05002,130,1,False
RCA-05003,181,1,False
RCA-05004,131,1,False
RCA-05005,130,1,False
RCA-05006,160,1,False
RCA-05007,166,1,False
RCA-05008,159,1,False
RCA-05009,156,1,False
RCA-05010,174,1,False
RCA-05011,158,1,False
RCA-05012,129,1,False
RCA-05013,130,1,False
RCA-05014,156,1,False
RCA-05015,127,1,False
RCA-05016,157,1,False
RCA-05017,134,1,False
RCA-05018,131,1,False
RCA-05019,132,1,False
RCA-05020,153,1,False
RCA-05021,154,1,False
RCA-05022,161,1,False
RCA-05023,155,1,False
RCA-05024,126,1,False
RCA-05025,151,1,False
RCA-05026,131,1,False
RCA-05027,129,1,False
RCA-05028,153,1,False
RCA-05029,153,1,False
RCA-05030,134,1,False
RCA-05031,128,1,False
RCA-05032,162,1,False
RCA-05033,130,1,False
RCA-05034,153,1,False
RCA-05035,163,1,False
RCA-05036,162,1,False
RCA-05037,177,1,False
RCA-05038,134,1,False
RCA-05039,158,1,False
RCA-05040,181,1,False
RCA-05041,157,1,False
RCA-05042,131,1,False
RCA-05043,167,1,False
RCA-05044,155,1,False
RCA-05045,133,1,False
RCA-05046,172,1,False
RCA-05047,129,1,False
RCA-05048,161,1,False
RCA-05049,127,1,False
RCA-05050,177,1,False
RCA-05051,156,1,False
RCA-05052,160,1,False
RCA-05053,156,1,False
RCA-05054,149,1,False
RCA-05055,137,1,False
RCA-05056,126,1,False
RCA-05057,178,1,False
RCA-05058,156,1,False
RCA-05059,130,1,False
RCA-05060,131,1,False
RCA-05061,131,1,False
RCA-05062,155,1,False
RCA-05063,164,1,False
RCA-05064,161,1,False
RCA-05065,153,1,False
RCA-05066,128,1,False
RCA-05067,170,1,False
RCA-05068,127,1,False
RCA-05069,129,1,False
RCA-05070,152,1,False
RCA-05071,163,1,False
RCA-05072,157,1,False
RCA-05073,171,1,False
RCA-05074,130,1,False
RCA-05075,157,1,False
RCA-05076,156,1,False
RCA-05077,131,1,False
RCA-05078,129,1,False
RCA-05079,137,1,False
RCA-05080,127,1,False
RCA-05081,168,1,False
RCA-05082,174,1,False
RCA-05083,128,1,False
RCA-05084,165,1,False
RCA-05085,156,1,False
RCA-05086,160,1,False
RCA-05087,129,1,False
RCA-05088,160,1,False
RCA-05089,153,1,False
RCA-05090,168,1,False
RCA-05091,135,1,False
RCA-05092,123,1,False
RCA-05093,152,1,False
RCA-05094,125,1,False
RCA-05095,153,1,False
RCA-05096,168,1,False
RCA-05097,150,1,False
RCA-05098,170,1,False
RCA-05099,135,1,False
RCA-05100,132,1,False
RCA-05101,171,1,False
RCA-05102,127,1,False
RCA-05103,155,1,False
RCA-05104,151,1,False
RCA-05105,133,1,False
RCA-05106,160,1,False
RCA-05107,161,1,False
RCA-05108,163,1,False
RCA-05109,131,1,False
RCA-05110,157,1,False
RCA-05111,152,1,False
RCA-05112,160,1,False
RCA-05113,128,1,False
RCA-05114,133,1,False
RCA-05115,152,1,False
RCA-05116,150,1,False
RCA-05117,154,1,False
RCA-05118,162,1,False
RCA-05119,126,1,False
RCA-05120,130,1,False
RCA-05121,131,1,False
RCA-05122,156,1,False
RCA-05123,171,1,False
RCA-05124,132,1,False
RCA-05125,156,1,False
RCA-05126,133,1,False
RCA-05127,156,1,False
RCA-05128,163,1,False
RCA-05129,130,1,False
RCA-05130,163,1,False
RCA-05131,159,1,False
RCA-05132,177,1,False
RCA-05133,177,1,False
RCA-05134,131,1,False
RCA-05135,168,1,False
RCA-05136,123,1,False
RCA-05137,158,1,False
RCA-05138,132,1,False
RCA-05139,132,1,False
RCA-05140,162,1,False
RCA-05141,160,1,False
RCA-05142,159,1,False
RCA-05143,128,1,False
RCA-05144,153,1,False
RCA-05145,156,1,False
RCA-05146,157,1,False
RCA-05147,155,1,False
RCA-05148,131,1,False
RCA-05149,149,1,False
RCA-05150,156,1,False
RCA-05151,130,1,False
RCA-05152,151,1,False
RCA-05153,130,1,False
RCA-05154,131,1,False
RCA-05155,155,1,False
RCA-05156,158,1,False
RCA-05157,165,1,False
RCA-05158,155,1,False
RCA-05159,157,1,False
RCA-05160,154,1,False
RCA-05161,152,1,False
RCA-05162,156,1,False
RCA-05163,153,1,False
RCA-05164,154,1,False
RCA-05165,129,1,False
RCA-05166,170,1,False
RCA-05167,132,1,False
RCA-05168,181,1,False
RCA-05169,154,1,False
RCA-05170,163,1,False
RCA-05171,135,1,False
RCA-05172,151,1,False
RCA-05173,130,1,False
RCA-05174,155,1,False
RCA-05175,154,1,False
RCA-05176,163,1,False
RCA-05177,158,1,False
RCA-05178,157,1,False
RCA-05179,155,1,False
RCA-05180,130,1,False
RCA-05181,125,1,False
RCA-05182,155,1,False
RCA-05183,155,1,False
RCA-05184,166,1,False
RCA-05185,155,1,False
RCA-05186,153,1,False
RCA-05187,132,1,False
RCA-05188,151,1,False
RCA-05189,153,1,False
RCA-05190,130,1,False
RCA-05191,148,1,False
RCA-05192,157,1,False
RCA-05193,130,1,False
RCA-05194,162,1,False
RCA-05195,132,1,False
RCA-05196,128,1,False
RCA-05197,160,1,False
RCA-05198,162,1,False
RCA-05199,131,1,False
RCA-05200,126,1,False
RCA-05201,167,1,False
RCA-05202,173,1,False
RCA-05203,165,1,False
RCA-05204,167,1,False
RCA-05205,174,1,False
RCA-05206,161,1,False
RCA-05207,161,1,False
RCA-05208,158,1,False
RCA-05209,130,1,False
RCA-05210,175,1,False
RCA-05211,151,1,False
RCA-05212,131,1,False
RCA-05213,125,1,False
RCA-05214,159,1,False
RCA-05215,129,1,False
RCA-05216,176,1,False
RCA-05217,150,1,False
RCA-05218,122,1,False
RCA-05219,173,1,False
RCA-05220,131,1,False
RCA-05221,122,1,False
RCA-05222,126,1,False
RCA-05223,152,1,False
RCA-05224,166,1,False
RCA-05225,153,1,False
RCA-05226,156,1,False
RCA-05227,163,1,False
RCA-05228,139,1,False
RCA-05229,127,1,False
RCA-05230,131,1,False
RCA-05231,175,1,False
RCA-05232,130,1,False
RCA-05233,155,1,False
RCA-05234,170,1,False
RCA-05235,154,1,False
RCA-05236,157,1,False
RCA-05237,131,1,False
RCA-05238,129,1,False
RCA-05239,154,1,False
RCA-05240,161,1,False
RCA-05241,158,1,False
RCA-05242,174,1,False
RCA-05243,130,1,False
RCA-05244,124,1,False
RCA-05245,170,1,False
RCA-05246,169,1,False
RCA-05247,164,1,False
RCA-05248,135,1,False
RCA-05249,174,1,False
RCA-05250,152,1,False
RCA-05251,132,1,False
RCA-05252,131,1,False
RCA-05253,133,1,False
RCA-05254,157,1,False
RCA-05255,153,1,False
RCA-05256,160,1,False
RCA-05257,128,1,False
RCA-05258,128,1,False
RCA-05259,127,1,False
RCA-05260,126,1,False
RCA-05261,132,1,False
RCA-05262,153,1,False
RCA-05263,160,1,False
RCA-05264,159,1,False
RCA-05265,133,1,False
RCA-05266,157,1,False
RCA-05267,134,1,False
RCA-05268,155,1,False
RCA-05269,183,1,False
RCA-05270,176,1,False
RCA-05271,155,1,False
RCA-05272,165,1,False
RCA-05273,151,1,False
RCA-05274,158,1,False
RCA-05275,133,1,False
RCA-05276,125,1,False
RCA-05277,151,1,False
RCA-05278,156,1,False
RCA-05279,130,1,False
RCA-05280,154,1,False
RCA-05281,134,1,False
RCA-05282,130,1,False
RCA-05283,152,1,False
RCA-05284,162,1,False
RCA-05285,168,1,False
RCA-05286,161,1,False
RCA-05287,163,1,False
RCA-05288,157,1,False
RCA-05289,159,1,False
RCA-05290,154,1,False
RCA-05291,137,1,False
RCA-05292,163,1,False
RCA-05293,153,1,False
RCA-05294,122,1,False
RCA-05295,151,1,False
RCA-05296,147,1,False
RCA-05297,175,1,False
RCA-05298,129,1,False
RCA-05299,153,1,False
RCA-05300,128,1,False
RCA-05301,129,1,False
RCA-05302,131,1,False
RCA-05303,132,1,False
RCA-05304,160,1,False
RCA-05305,132,1,False
RCA-05306,157,1,False
RCA-05307,156,1,False
RCA-05308,153,1,False
RCA-05309,159,1,False
RCA-05310,132,1,False
RCA-05311,163,1,False
RCA-05312,127,1,False
RCA-05313,131,1,False
RCA-05314,159,1,False
RCA-05315,158,1,False
RCA-05316,126,1,False
RCA-05317,157,1,False
RCA-05318,129,1,False
RCA-05319,127,1,False
RCA-05320,161,1,False
RCA-05321,134,1,False
RCA-05322,159,1,False
RCA-05323,161,1,False
RCA-05324,133,1,False
RCA-05325,157,1,False
RCA-05326,158,1,False
RCA-05327,172,1,False
RCA-05328,127,1,False
RCA-05329,167,1,False
RCA-05330,158,1,False
RCA-05331,128,1,False
RCA-05332,128,1,False
RCA-05333,153,1,False
RCA-05334,154,1,False
RCA-05335,164,1,False
RCA-05336,167,1,False
RCA-05337,179,1,False
RCA-05338,155,1,False
RCA-05339,155,1,False
RCA-05340,163,1,False
RCA-05341,162,1,False
RCA-05342,157,1,False
RCA-05343,180,1,False
RCA-05344,159,1,False
RCA-05345,130,1,False
RCA-05346,164,1,False
RCA-05347,131,1,False
RCA-05348,156,1,False
RCA-05349,167,1,False
RCA-05350,129,1,False
RCA-05351,161,1,False
RCA-05352,165,1,False
RCA-05353,128,1,False
RCA-05354,128,1,False
RCA-05355,122,1,False
RCA-05356,160,1,False
RCA-05357,127,1,False
RCA-05358,156,1,False
RCA-05359,179,1,False
RCA-05360,154,1,False
RCA-05361,177,1,False
RCA-05362,140,1,False
RCA-05363,127,1,False
RCA-05364,127,1,False
RCA-05365,156,1,False
RCA-05366,150,1,False
RCA-05367,163,1,False
RCA-05368,160,1,False
RCA-05369,129,1,False
RCA-05370,161,1,False
RCA-05371,156,1,False
RCA-05372,174,1,False
RCA-05373,158,1,False
RCA-05374,171,1,False
RCA-05375,162,1,False
RCA-05376,155,1,False
RCA-05377,179,1,False
RCA-05378,131,1,False
RCA-05379,127,1,False
RCA-05380,153,1,False
RCA-05381,155,1,False
RCA-05382,151,1,False
RCA-05383,170,1,False
RCA-05384,128,1,False
RCA-05385,164,1,False
RCA-05386,133,1,False
RCA-05387,156,1,False
RCA-05388,172,1,False
RCA-05389,130,1,False
RCA-05390,154,1,False
RCA-05391,130,1,False
RCA-05392,130,1,False
RCA-05393,158,1,False
RCA-05394,166,1,False
RCA-05395,155,1,False
RCA-05396,172,1,False
RCA-05397,130,1,False
RCA-05398,129,1,False
RCA-05399,129,1,False
RCA-05400,152,1,False
RCA-05401,177,1,False
RCA-05402,166,1,False
RCA-05403,128,1,False
RCA-05404,175,1,False
RCA-05405,129,1,False
RCA-05406,164,1,False
RCA-05407,157,1,False
RCA-05408,155,1,False
RCA-05409,124,1,False
RCA-05410,159,1,False
RCA-05411,155,1,False
RCA-05412,165,1,False
RCA-05413,166,1,False
RCA-05414,125,1,False
RCA-05415,130,1,False
RCA-05416,164,1,False
RCA-05417,157,1,False
RCA-05418,150,1,False
RCA-05419,131,1,False
RCA-05420,130,1,False
RCA-05421,130,1,False
RCA-05422,159,1,False
RCA-05423,130,1,False
RCA-05424,158,1,False
RCA-05425,160,1,False
RCA-05426,174,1,False
RCA-05427,165,1,False
RCA-05428,131,1,False
RCA-05429,155,1,False
RCA-05430,160,1,False
RCA-05431,131,1,False
RCA-05432,162,1,False
RCA-05433,157,1,False
RCA-05434,130,1,False
RCA-05435,155,1,False
RCA-05436,153,1,False
RCA-05437,161,1,False
RCA-05438,131,1,False
RCA-05439,128,1,False
RCA-05440,155,1,False
RCA-05441,156,1,False
RCA-05442,150,1,False
RCA-05443,124,1,False
RCA-05444,155,1,False
RCA-05445,158,1,False
RCA-05446,126,1,False
RCA-05447,166,1,False
RCA-05448,160,1,False
RCA-05449,165,1,False
RCA-05450,152,1,False
RCA-05451,168,1,False
RCA-05452,154,1,False
RCA-05453,154,1,False
RCA-05454,157,1,False
RCA-05455,158,1,False
RCA-05456,156,1,False
RCA-05457,167,1,False
RCA-05458,130,1,False
RCA-05459,163,1,False
RCA-05460,155,1,False
RCA-05461,157,1,False
RCA-05462,157,1,False
RCA-05463,154,1,False
RCA-05464,160,1,False
RCA-05465,157,1,False
RCA-05466,131,1,False
RCA-05467,177,1,False
RCA-05468,133,1,False
RCA-05469,135,1,False
RCA-05470,168,1,False
RCA-05471,132,1,False
RCA-05472,129,1,False
RCA-05473,130,1,False
RCA-05474,130,1,False
RCA-05475,150,1,False
RCA-05476,152,1,False
RCA-05477,146,1,False
RCA-05478,180,1,False
RCA-05479,158,1,False
RCA-05480,180,1,False
RCA-05481,161,1,False
RCA-05482,131,1,False
RCA-05483,155,1,False
RCA-05484,130,1,False
RCA-05485,131,1,False
RCA-05486,162,1,False
RCA-05487,169,1,False
RCA-05488,156,1,False
RCA-05489,163,1,False
RCA-05490,133,1,False
RCA-05491,157,1,False
RCA-05492,156,1,False
RCA-05493,130,1,False
RCA-05494,169,1,False
RCA-05495,128,1,False
RCA-05496,129,1,False
RCA-05497,167,1,False
RCA-05498,165,1,False
RCA-05499,166,1,False
RCA-05500,152,1,False
RCA-05501,157,1,False
RCA-05502,127,1,False
RCA-05503,157,1,False
RCA-05504,130,1,False
RCA-05505,133,1,False
RCA-05506,127,1,False
RCA-05507,153,1,False
RCA-05508,128,1,False
RCA-05509,154,1,False
RCA-05510,131,1,False
RCA-05511,164,1,False
RCA-05512,129,1,False
RCA-05513,157,1,False
RCA-05514,157,1,False
RCA-05515,128,1,False
RCA-05516,176,1,False
RCA-05517,157,1,False
RCA-05518,131,1,False
RCA-05519,158,1,False
RCA-05520,126,1,False
RCA-05521,155,1,False
RCA-05522,127,1,False
RCA-05523,155,1,False
RCA-05524,170,1,False
RCA-05525,130,1,False
RCA-05526,157,1,False
RCA-05527,138,1,False
RCA-05528,153,1,False
RCA-05529,131,1,False
RCA-05530,162,1,False
RCA-05531,130,1,False
RCA-05532,161,1,False
RCA-05533,128,1,False
RCA-05534,166,1,False
RCA-05535,153,1,False
RCA-05536,157,1,False
RCA-05537,130,1,False
RCA-05538,123,1,False
RCA-05539,162,1,False
RCA-05540,130,1,False
RCA-05541,161,1,False
RCA-05542,129,1,False
RCA-05543,159,1,False
RCA-05544,164,1,False
RCA-05545,127,1,False
RCA-05546,154,1,False
RCA-05547,130,1,False
RCA-05548,155,1,False
RCA-05549,157,1,False
RCA-05550,128,1,False
RCA-05551,134,1,False
RCA-05552,130,1,False
RCA-05553,133,1,False
RCA-05554,127,1,False
RCA-05555,132,1,False
RCA-05556,158,1,False
RCA-05557,162,1,False
RCA-05558,156,1,False
RCA-05559,157,1,False
RCA-05560,126,1,False
RCA-05561,128,1,False
RCA-05562,130,1,False
RCA-05563,157,1,False
RCA-05564,150,1,False
RCA-05565,153,1,False
RCA-05566,154,1,False
RCA-05567,131,1,False
RCA-05568,162,1,False
RCA-05569,158,1,False
RCA-05570,134,1,False
RCA-05571,128,1,False
RCA-05572,159,1,False
RCA-05573,133,1,False
RCA-05574,128,1,False
RCA-05575,161,1,False
RCA-05576,154,1,False
RCA-05577,125,1,False
RCA-05578,154,1,False
RCA-05579,127,1,False
RCA-05580,153,1,False
RCA-05581,132,1,False
RCA-05582,127,1,False
RCA-05583,128,1,False
RCA-05584,125,1,False
RCA-05585,160,1,False
RCA-05586,132,1,False
RCA-05587,137,1,False
RCA-05588,149,1,False
RCA-05589,169,1,False
RCA-05590,168,1,False
RCA-05591,163,1,False
RCA-05592,125,1,False
RCA-05593,157,1,False
RCA-05594,127,1,False
RCA-05595,130,1,False
RCA-05596,136,1,False
RCA-05597,147,1,False
RCA-05598,136,1,False
RCA-05599,180,1,False
RCA-05600,159,1,False
RCA-05601,128,1,False
RCA-05602,155,1,False
RCA-05603,157,1,False
RCA-05604,155,1,False
RCA-05605,131,1,False
RCA-05606,166,1,False
RCA-05607,131,1,False
RCA-05608,170,1,False
RCA-05609,167,1,False
RCA-05610,158,1,False
RCA-05611,170,1,False
RCA-05612,131,1,False
RCA-05613,157,1,False
RCA-05614,139,1,False
RCA-05615,156,1,False
RCA-05616,153,1,False
RCA-05617,172,1,False
RCA-05618,154,1,False
RCA-05619,175,1,False
RCA-05620,165,1,False
RCA-05621,156,1,False
RCA-05622,138,1,False
RCA-05623,157,1,False
RCA-05624,153,1,False
RCA-05625,127,1,False
RCA-05626,130,1,False
RCA-05627,130,1,False
RCA-05628,131,1,False
RCA-05629,162,1,False
RCA-05630,155,1,False
RCA-05631,155,1,False
RCA-05632,155,1,False
RCA-05633,152,1,False
RCA-05634,161,1,False
RCA-05635,154,1,False
RCA-05636,154,1,False
RCA-05637,131,1,False
RCA-05638,154,1,False
RCA-05639,150,1,False
RCA-05640,127,1,False
RCA-05641,131,1,False
RCA-05642,128,1,False
RCA-05643,133,1,False
RCA-05644,172,1,False
RCA-05645,157,1,False
RCA-05646,132,1,False
RCA-05647,166,1,False
RCA-05648,155,1,False
RCA-05649,129,1,False
RCA-05650,168,1,False
RCA-05651,128,1,False
RCA-05652,127,1,False
RCA-05653,132,1,False
RCA-05654,124,1,False
RCA-05655,152,1,False
RCA-05656,123,1,False
RCA-05657,155,1,False
RCA-05658,127,1,False
RCA-05659,129,1,False
RCA-05660,126,1,False
RCA-05661,130,1,False
RCA-05662,159,1,False
RCA-05663,166,1,False
RCA-05664,179,1,False
RCA-05665,169,1,False
RCA-05666,130,1,False
RCA-05667,128,1,False
RCA-05668,157,1,False
RCA-05669,128,1,False
RCA-05670,129,1,False
RCA-05671,125,1,False
RCA-05672,160,1,False
RCA-05673,152,1,False
RCA-05674,132,1,False
RCA-05675,166,1,False
RCA-05676,157,1,False
RCA-05677,178,1,False
RCA-05678,131,1,False
RCA-05679,147,1,False
RCA-05680,153,1,False
RCA-05681,127,1,False
RCA-05682,130,1,False
RCA-05683,130,1,False
RCA-05684,134,1,False
RCA-05685,125,1,False
RCA-05686,156,1,False
RCA-05687,168,1,False
RCA-05688,126,1,False
RCA-05689,162,1,False
RCA-05690,154,1,False
RCA-05691,162,1,False
RCA-05692,136,1,False
RCA-05693,159,1,False
RCA-05694,162,1,False
RCA-05695,132,1,False
RCA-05696,177,1,False
RCA-05697,137,1,False
RCA-05698,132,1,False
RCA-05699,127,1,False
RCA-05700,159,1,False
RCA-05701,159,1,False
RCA-05702,161,1,False
RCA-05703,158,1,False
RCA-05704,126,1,False
RCA-05705,153,1,False
RCA-05706,152,1,False
RCA-05707,124,1,False
RCA-05708,127,1,False
RCA-05709,130,1,False
RCA-05710,156,1,False
RCA-05711,165,1,False
RCA-05712,161,1,False
RCA-05713,156,1,False
RCA-05714,128,1,False
RCA-05715,132,1,False
RCA-05716,163,1,False
RCA-05717,156,1,False
RCA-05718,128,1,False
RCA-05719,154,1,False
RCA-05720,156,1,False
RCA-05721,153,1,False
RCA-05722,157,1,False
RCA-05723,127,1,False
RCA-05724,131,1,False
RCA-05725,131,1,False
RCA-05726,131,1,False
RCA-05727,178,1,False
RCA-05728,157,1,False
RCA-05729,132,1,False
RCA-05730,135,1,False
RCA-05731,161,1,False
RCA-05732,156,1,False
RCA-05733,163,1,False
RCA-05734,161,1,False
RCA-05735,137,1,False
RCA-05736,159,1,False
RCA-05737,128,1,False
RCA-05738,126,1,False
RCA-05739,130,1,False
RCA-05740,130,1,False
RCA-05741,134,1,False
RCA-05742,172,1,False
RCA-05743,158,1,False
RCA-05744,161,1,False
RCA-05745,147,1,False
RCA-05746,131,1,False
RCA-05747,155,1,False
RCA-05748,159,1,False
RCA-05749,160,1,False
RCA-05750,131,1,False
RCA-05751,174,1,False
RCA-05752,162,1,False
RCA-05753,129,1,False
RCA-05754,177,1,False
RCA-05755,152,1,False
RCA-05756,162,1,False
RCA-05757,161,1,False
RCA-05758,142,1,False
RCA-05759,153,1,False
RCA-05760,126,1,False
RCA-05761,159,1,False
RCA-05762,175,1,False
RCA-05763,129,1,False
RCA-05764,159,1,False
RCA-05765,161,1,False
RCA-05766,158,1,False
RCA-05767,156,1,False
RCA-05768,131,1,False
RCA-05769,183,1,False
RCA-05770,163,1,False
RCA-05771,163,1,False
RCA-05772,169,1,False
RCA-05773,130,1,False
RCA-05774,126,1,False
RCA-05775,160,1,False
RCA-05776,158,1,False
RCA-05777,132,1,False
RCA-05778,128,1,False
RCA-05779,160,1,False
RCA-05780,126,1,False
RCA-05781,135,1,False
RCA-05782,158,1,False
RCA-05783,133,1,False
RCA-05784,173,1,False
RCA-05785,161,1,False
RCA-05786,155,1,False
RCA-05787,130,1,False
RCA-05788,162,1,False
RCA-05789,157,1,False
RCA-05790,126,1,False
RCA-05791,157,1,False
RCA-05792,133,1,False
RCA-05793,157,1,False
RCA-05794,160,1,False
RCA-05795,163,1,False
RCA-05796,126,1,False
RCA-05797,131,1,False
RCA-05798,154,1,False
RCA-05799,159,1,False
RCA-05800,153,1,False
RCA-05801,156,1,False
RCA-05802,130,1,False
RCA-05803,154,1,False
RCA-05804,150,1,False
RCA-05805,150,1,False
RCA-05806,155,1,False
RCA-05807,172,1,False
RCA-05808,170,1,False
RCA-05809,169,1,False
RCA-05810,130,1,False
RCA-05811,164,1,False
RCA-05812,129,1,False
RCA-05813,166,1,False
RCA-05814,154,1,False
RCA-05815,170,1,False
RCA-05816,153,1,False
RCA-05817,136,1,False
RCA-05818,161,1,False
RCA-05819,157,1,False
RCA-05820,127,1,False
RCA-05821,127,1,False
RCA-05822,157,1,False
RCA-05823,158,1,False
RCA-05824,179,1,False
RCA-05825,133,1,False
RCA-05826,130,1,False
RCA-05827,169,1,False
RCA-05828,128,1,False
RCA-05829,130,1,False
RCA-05830,168,1,False
RCA-05831,131,1,False
RCA-05832,128,1,False
RCA-05833,129,1,False
RCA-05834,132,1,False
RCA-05835,160,1,False
RCA-05836,173,1,False
RCA-05837,153,1,False
RCA-05838,133,1,False
RCA-05839,132,1,False
RCA-05840,165,1,False
RCA-05841,133,1,False
RCA-05842,138,1,False
RCA-05843,129,1,False
RCA-05844,158,1,False
RCA-05845,126,1,False
RCA-05846,157,1,False
RCA-05847,157,1,False
RCA-05848,176,1,False
RCA-05849,131,1,False
RCA-05850,163,1,False
RCA-05851,130,1,False
RCA-05852,160,1,False
RCA-05853,162,1,False
RCA-05854,130,1,False
RCA-05855,158,1,False
RCA-05856,157,1,False
RCA-05857,162,1,False
RCA-05858,134,1,False
RCA-05859,157,1,False
RCA-05860,128,1,False
RCA-05861,135,1,False
RCA-05862,160,1,False
RCA-05863,156,1,False
RCA-05864,127,1,False
RCA-05865,155,1,False
RCA-05866,156,1,False
RCA-05867,130,1,False
RCA-05868,155,1,False
RCA-05869,163,1,False
RCA-05870,154,1,False
RCA-05871,127,1,False
RCA-05872,156,1,False
RCA-05873,157,1,False
RCA-05874,127,1,False
RCA-05875,161,1,False
RCA-05876,165,1,False
RCA-05877,170,1,False
RCA-05878,156,1,False
RCA-05879,153,1,False
RCA-05880,155,1,False
RCA-05881,166,1,False
RCA-05882,130,1,False
RCA-05883,160,1,False
RCA-05884,139,1,False
RCA-05885,155,1,False
RCA-05886,163,1,False
RCA-05887,156,1,False
RCA-05888,134,1,False
RCA-05889,125,1,False
RCA-05890,125,1,False
RCA-05891,163,1,False
RCA-05892,156,1,False
RCA-05893,154,1,False
RCA-05894,152,1,False
RCA-05895,160,1,False
RCA-05896,131,1,False
RCA-05897,156,1,False
RCA-05898,132,1,False
RCA-05899,163,1,False
RCA-05900,154,1,False
RCA-05901,158,1,False
RCA-05902,135,1,False
RCA-05903,156,1,False
RCA-05904,154,1,False
RCA-05905,159,1,False
RCA-05906,135,1,False
RCA-05907,126,1,False
RCA-05908,127,1,False
RCA-05909,132,1,False
RCA-05910,130,1,False
RCA-05911,158,1,False
RCA-05912,161,1,False
RCA-05913,177,1,False
RCA-05914,181,1,False
RCA-05915,158,1,False
RCA-05916,135,1,False
RCA-05917,156,1,False
RCA-05918,155,1,False
RCA-05919,174,1,False
RCA-05920,132,1,False
RCA-05921,156,1,False
RCA-05922,128,1,False
RCA-05923,132,1,False
RCA-05924,128,1,False
RCA-05925,163,1,False
RCA-05926,128,1,False
RCA-05927,130,1,False
RCA-05928,135,1,False
RCA-05929,135,1,False
RCA-05930,160,1,False
RCA-05931,129,1,False
RCA-05932,130,1,False
RCA-05933,165,1,False
RCA-05934,125,1,False
RCA-05935,130,1,False
RCA-05936,156,1,False
RCA-05937,162,1,False
RCA-05938,154,1,False
RCA-05939,157,1,False
RCA-05940,158,1,False
RCA-05941,129,1,False
RCA-05942,130,1,False
RCA-05943,157,1,False
RCA-05944,171,1,False
RCA-05945,162,1,False
RCA-05946,162,1,False
RCA-05947,178,1,False
RCA-05948,126,1,False
RCA-05949,156,1,False
RCA-05950,162,1,False
RCA-05951,152,1,False
RCA-05952,154,1,False
RCA-05953,132,1,False
RCA-05954,128,1,False
RCA-05955,164,1,False
RCA-05956,127,1,False
RCA-05957,160,1,False
RCA-05958,168,1,False
RCA-05959,186,1,False
RCA-05960,158,1,False
RCA-05961,125,1,False
RCA-05962,134,1,False
RCA-05963,156,1,False
RCA-05964,153,1,False
RCA-05965,129,1,False
RCA-05966,162,1,False
RCA-05967,166,1,False
RCA-05968,131,1,False
RCA-05969,157,1,False
RCA-05970,178,1,False
RCA-05971,128,1,False
RCA-05972,130,1,False
RCA-05973,165,1,False
RCA-05974,153,1,False
RCA-05975,160,1,False
RCA-05976,130,1,False
RCA-05977,155,1,False
RCA-05978,134,1,False
RCA-05979,152,1,False
RCA-05980,151,1,False
RCA-05981,129,1,False
RCA-05982,157,1,False
RCA-05983,155,1,False
RCA-05984,158,1,False
RCA-05985,154,1,False
RCA-05986,154,1,False
RCA-05987,153,1,False
RCA-05988,156,1,False
RCA-05989,159,1,False
RCA-05990,131,1,False
RCA-05991,167,1,False
RCA-05992,151,1,False
RCA-05993,150,1,False
RCA-05994,128,1,False
RCA-05995,159,1,False
RCA-05996,129,1,False
RCA-05997,130,1,False
RCA-05998,156,1,False
RCA-05999,139,1,False
RCA-06000,153,1,False
RCA-06001,150,1,False
RCA-06002,152,1,False
RCA-06003,131,1,False
RCA-06004,128,1,False
RCA-06005,161,1,False
RCA-06006,159,1,False
RCA-06007,130,1,False
RCA-06008,157,1,False
RCA-06009,155,1,False
RCA-06010,159,1,False
RCA-06011,166,1,False
RCA-06012,131,1,False
RCA-06013,156,1,False
RCA-06014,132,1,False
RCA-06015,129,1,False
RCA-06016,173,1,False
RCA-06017,131,1,False
RCA-06018,131,1,False
RCA-06019,162,1,False
RCA-06020,150,1,False
RCA-06021,167,1,False
RCA-06022,131,1,False
RCA-06023,126,1,False
RCA-06024,130,1,False
RCA-06025,128,1,False
RCA-06026,134,1,False
RCA-06027,130,1,False
RCA-06028,156,1,False
RCA-06029,158,1,False
RCA-06030,127,1,False
RCA-06031,124,1,False
RCA-06032,131,1,False
RCA-06033,158,1,False
RCA-06034,130,1,False
RCA-06035,130,1,False
RCA-06036,157,1,False
RCA-06037,154,1,False
RCA-06038,127,1,False
RCA-06039,157,1,False
RCA-06040,152,1,False
RCA-06041,176,1,False
RCA-06042,131,1,False
RCA-06043,130,1,False
RCA-06044,161,1,False
RCA-06045,131,1,False
RCA-06046,136,1,False
RCA-06047,129,1,False
RCA-06048,153,1,False
RCA-06049,153,1,False
RCA-06050,151,1,False
RCA-06051,156,1,False
RCA-06052,142,1,False
RCA-06053,129,1,False
RCA-06054,156,1,False
RCA-06055,146,1,False
RCA-06056,163,1,False
RCA-06057,129,1,False
RCA-06058,157,1,False
RCA-06059,129,1,False
RCA-06060,130,1,False
RCA-06061,152,1,False
RCA-06062,172,1,False
RCA-06063,159,1,False
RCA-06064,153,1,False
RCA-06065,155,1,False
RCA-06066,171,1,False
RCA-06067,128,1,False
RCA-06068,135,1,False
RCA-06069,154,1,False
RCA-06070,162,1,False
RCA-06071,161,1,False
RCA-06072,134,1,False
RCA-06073,163,1,False
RCA-06074,157,1,False
RCA-06075,158,1,False
RCA-06076,166,1,False
RCA-06077,161,1,False
RCA-06078,161,1,False
RCA-06079,131,1,False
RCA-06080,137,1,False
RCA-06081,162,1,False
RCA-06082,154,1,False
RCA-06083,152,1,False
RCA-06084,133,1,False
RCA-06085,129,1,False
RCA-06086,157,1,False
RCA-06087,153,1,False
RCA-06088,130,1,False
RCA-06089,184,1,False
RCA-06090,122,1,False
RCA-06091,128,1,False
RCA-06092,156,1,False
RCA-06093,154,1,False
RCA-06094,128,1,False
RCA-06095,150,1,False
RCA-06096,178,1,False
RCA-06097,168,1,False
RCA-06098,164,1,False
RCA-06099,160,1,False
RCA-06100,159,1,False
RCA-06101,154,1,False
RCA-06102,158,1,False
RCA-06103,132,1,False
RCA-06104,125,1,False
RCA-06105,151,1,False
RCA-06106,158,1,False
RCA-06107,156,1,False
RCA-06108,126,1,False
RCA-06109,173,1,False
RCA-06110,130,1,False
RCA-06111,131,1,False
RCA-06112,131,1,False
RCA-06113,167,1,False
RCA-06114,132,1,False
RCA-06115,128,1,False
RCA-06116,163,1,False
RCA-06117,135,1,False
RCA-06118,150,1,False
RCA-06119,137,1,False
RCA-06120,130,1,False
RCA-06121,167,1,False
RCA-06122,153,1,False
RCA-06123,136,1,False
RCA-06124,157,1,False
RCA-06125,157,1,False
RCA-06126,163,1,False
RCA-06127,133,1,False
RCA-06128,136,1,False
RCA-06129,137,1,False
RCA-06130,154,1,False
RCA-06131,167,1,False
RCA-06132,180,1,False
RCA-06133,156,1,False
RCA-06134,163,1,False
RCA-06135,176,1,False
RCA-06136,158,1,False
RCA-06137,158,1,False
RCA-06138,153,1,False
RCA-06139,157,1,False
RCA-06140,131,1,False
RCA-06141,162,1,False
RCA-06142,150,1,False
RCA-06143,152,1,False
RCA-06144,132,1,False
RCA-06145,156,1,False
RCA-06146,154,1,False
RCA-06147,133,1,False
RCA-06148,160,1,False
RCA-06149,152,1,False
RCA-06150,136,1,False
RCA-06151,126,1,False
RCA-06152,126,1,False
RCA-06153,154,1,False
RCA-06154,129,1,False
RCA-06155,157,1,False
RCA-06156,132,1,False
RCA-06157,165,1,False
RCA-06158,131,1,False
RCA-06159,129,1,False
RCA-06160,127,1,False
RCA-06161,130,1,False
RCA-06162,157,1,False
RCA-06163,153,1,False
RCA-06164,127,1,False
RCA-06165,176,1,False
RCA-06166,161,1,False
RCA-06167,155,1,False
RCA-06168,130,1,False
RCA-06169,132,1,False
RCA-06170,133,1,False
RCA-06171,130,1,False
RCA-06172,156,1,False
RCA-06173,131,1,False
RCA-06174,125,1,False
RCA-06175,168,1,False
RCA-06176,134,1,False
RCA-06177,153,1,False
RCA-06178,138,1,False
RCA-06179,127,1,False
RCA-06180,155,1,False
RCA-06181,158,1,False
RCA-06182,151,1,False
RCA-06183,162,1,False
RCA-06184,161,1,False
RCA-06185,161,1,False
RCA-06186,162,1,False
RCA-06187,167,1,False
RCA-06188,133,1,False
RCA-06189,160,1,False
RCA-06190,129,1,False
RCA-06191,157,1,False
RCA-06192,140,1,False
RCA-06193,130,1,False
RCA-06194,158,1,False
RCA-06195,160,1,False
RCA-06196,133,1,False
RCA-06197,156,1,False
RCA-06198,153,1,False
RCA-06199,174,1,False
RCA-06200,155,1,False
RCA-06201,131,1,False
RCA-06202,156,1,False
RCA-06203,137,1,False
RCA-06204,151,1,False
RCA-06205,150,1,False
RCA-06206,159,1,False
RCA-06207,155,1,False
RCA-06208,157,1,False
RCA-06209,127,1,False
RCA-06210,161,1,False
RCA-06211,152,1,False
RCA-06212,151,1,False
RCA-06213,153,1,False
RCA-06214,169,1,False
RCA-06215,159,1,False
RCA-06216,172,1,False
RCA-06217,161,1,False
RCA-06218,155,1,False
RCA-06219,152,1,False
RCA-06220,155,1,False
RCA-06221,180,1,False
RCA-06222,129,1,False
RCA-06223,128,1,False
RCA-06224,130,1,False
RCA-06225,161,1,False
RCA-06226,129,1,False
RCA-06227,157,1,False
RCA-06228,155,1,False
RCA-06229,159,1,False
RCA-06230,162,1,False
RCA-06231,148,1,False
RCA-06232,132,1,False
RCA-06233,182,1,False
RCA-06234,167,1,False
RCA-06235,132,1,False
RCA-06236,126,1,False
RCA-06237,126,1,False
RCA-06238,128,1,False
RCA-06239,123,1,False
RCA-06240,157,1,False
RCA-06241,132,1,False
RCA-06242,156,1,False
RCA-06243,157,1,False
RCA-06244,158,1,False
RCA-06245,156,1,False
RCA-06246,131,1,False
RCA-06247,130,1,False
RCA-06248,131,1,False
RCA-06249,131,1,False
RCA-06250,133,1,False
RCA-06251,135,1,False
RCA-06252,176,1,False
RCA-06253,177,1,False
RCA-06254,127,1,False
RCA-06255,140,1,False
RCA-06256,165,1,False
RCA-06257,131,1,False
RCA-06258,133,1,False
RCA-06259,131,1,False
RCA-06260,127,1,False
RCA-06261,181,1,False
RCA-06262,130,1,False
RCA-06263,154,1,False
RCA-06264,135,1,False
RCA-06265,167,1,False
RCA-06266,128,1,False
RCA-06267,177,1,False
RCA-06268,132,1,False
RCA-06269,130,1,False
RCA-06270,149,1,False
RCA-06271,128,1,False
RCA-06272,126,1,False
RCA-06273,152,1,False
RCA-06274,172,1,False
RCA-06275,157,1,False
RCA-06276,169,1,False
RCA-06277,177,1,False
RCA-06278,126,1,False
RCA-06279,155,1,False
RCA-06280,157,1,False
RCA-06281,170,1,False
RCA-06282,128,1,False
RCA-06283,126,1,False
RCA-06284,135,1,False
RCA-06285,156,1,False
RCA-06286,164,1,False
RCA-06287,131,1,False
RCA-06288,127,1,False
RCA-06289,168,1,False
RCA-06290,131,1,False
RCA-06291,150,1,False
RCA-06292,129,1,False
RCA-06293,166,1,False
RCA-06294,160,1,False
RCA-06295,132,1,False
RCA-06296,152,1,False
RCA-06297,132,1,False
RCA-06298,131,1,False
RCA-06299,132,1,False
RCA-06300,130,1,False
RCA-06301,174,1,False
RCA-06302,127,1,False
RCA-06303,136,1,False
RCA-06304,130,1,False
RCA-06305,129,1,False
RCA-06306,169,1,False
RCA-06307,166,1,False
RCA-06308,155,1,False
RCA-06309,159,1,False
RCA-06310,158,1,False
RCA-06311,161,1,False
RCA-06312,163,1,False
RCA-06313,156,1,False
RCA-06314,161,1,False
RCA-06315,153,1,False
RCA-06316,130,1,False
RCA-06317,127,1,False
RCA-06318,129,1,False
RCA-06319,155,1,False
RCA-06320,128,1,False
RCA-06321,158,1,False
RCA-06322,131,1,False
RCA-06323,128,1,False
RCA-06324,164,1,False
RCA-06325,130,1,False
RCA-06326,157,1,False
RCA-06327,153,1,False
RCA-06328,140,1,False
RCA-06329,162,1,False
RCA-06330,161,1,False
RCA-06331,159,1,False
RCA-06332,160,1,False
RCA-06333,157,1,False
RCA-06334,154,1,False
RCA-06335,158,1,False
RCA-06336,125,1,False
RCA-06337,153,1,False
RCA-06338,124,1,False
RCA-06339,132,1,False
RCA-06340,172,1,False
RCA-06341,151,1,False
RCA-06342,125,1,False
RCA-06343,160,1,False
RCA-06344,130,1,False
RCA-06345,131,1,False
RCA-06346,158,1,False
RCA-06347,137,1,False
RCA-06348,166,1,False
RCA-06349,155,1,False
RCA-06350,157,1,False
RCA-06351,132,1,False
RCA-06352,148,1,False
RCA-06353,132,1,False
RCA-06354,131,1,False
RCA-06355,153,1,False
RCA-06356,155,1,False
RCA-06357,163,1,False
RCA-06358,176,1,False
RCA-06359,170,1,False
RCA-06360,168,1,False
RCA-06361,162,1,False
RCA-06362,136,1,False
RCA-06363,170,1,False
RCA-06364,155,1,False
RCA-06365,159,1,False
RCA-06366,137,1,False
RCA-06367,129,1,False
RCA-06368,136,1,False
RCA-06369,157,1,False
RCA-06370,152,1,False
RCA-06371,154,1,False
RCA-06372,160,1,False
RCA-06373,164,1,False
RCA-06374,156,1,False
RCA-06375,166,1,False
RCA-06376,150,1,False
RCA-06377,182,1,False
RCA-06378,157,1,False
RCA-06379,156,1,False
RCA-06380,159,1,False
RCA-06381,158,1,False
RCA-06382,156,1,False
RCA-06383,130,1,False
RCA-06384,164,1,False
RCA-06385,130,1,False
RCA-06386,157,1,False
RCA-06387,136,1,False
RCA-06388,158,1,False
RCA-06389,178,1,False
RCA-06390,155,1,False
RCA-06391,164,1,False
RCA-06392,134,1,False
RCA-06393,166,1,False
RCA-06394,153,1,False
RCA-06395,158,1,False
RCA-06396,152,1,False
RCA-06397,160,1,False
RCA-06398,157,1,False
RCA-06399,158,1,False
RCA-06400,153,1,False
RCA-06401,157,1,False
RCA-06402,159,1,False
RCA-06403,160,1,False
RCA-06404,130,1,False
RCA-06405,169,1,False
RCA-06406,165,1,False
RCA-06407,157,1,False
RCA-06408,163,1,False
RCA-06409,170,1,False
RCA-06410,130,1,False
RCA-06411,129,1,False
RCA-06412,164,1,False
RCA-06413,152,1,False
RCA-06414,158,1,False
RCA-06415,129,1,False
RCA-06416,134,1,False
RCA-06417,173,1,False
RCA-06418,128,1,False
RCA-06419,156,1,False
RCA-06420,155,1,False
RCA-06421,164,1,False
RCA-06422,179,1,False
RCA-06423,161,1,False
RCA-06424,157,1,False
RCA-06425,129,1,False
RCA-06426,192,1,False
RCA-06427,128,1,False
RCA-06428,153,1,False
RCA-06429,166,1,False
RCA-06430,160,1,False
RCA-06431,170,1,False
RCA-06432,182,1,False
RCA-06433,157,1,False
RCA-06434,129,1,False
RCA-06435,134,1,False
RCA-06436,154,1,False
RCA-06437,133,1,False
RCA-06438,159,1,False
RCA-06439,148,1,False
RCA-06440,168,1,False
RCA-06441,163,1,False
RCA-06442,131,1,False
RCA-06443,123,1,False
RCA-06444,167,1,False
RCA-06445,159,1,False
RCA-06446,126,1,False
RCA-06447,159,1,False
RCA-06448,156,1,False
RCA-06449,161,1,False
RCA-06450,130,1,False
RCA-06451,152,1,False
RCA-06452,157,1,False
RCA-06453,156,1,False
RCA-06454,162,1,False
RCA-06455,164,1,False
RCA-06456,151,1,False
RCA-06457,162,1,False
RCA-06458,160,1,False
RCA-06459,157,1,False
RCA-06460,177,1,False
RCA-06461,156,1,False
RCA-06462,150,1,False
RCA-06463,133,1,False
RCA-06464,152,1,False
RCA-06465,156,1,False
RCA-06466,157,1,False
RCA-06467,157,1,False
RCA-06468,126,1,False
RCA-06469,182,1,False
RCA-06470,124,1,False
RCA-06471,158,1,False
RCA-06472,162,1,False
RCA-06473,132,1,False
RCA-06474,155,1,False
RCA-06475,173,1,False
RCA-06476,130,1,False
RCA-06477,164,1,False
RCA-06478,130,1,False
RCA-06479,158,1,False
RCA-06480,158,1,False
RCA-06481,154,1,False
RCA-06482,161,1,False
RCA-06483,130,1,False
RCA-06484,172,1,False
RCA-06485,167,1,False
RCA-06486,150,1,False
RCA-06487,131,1,False
RCA-06488,182,1,False
RCA-06489,128,1,False
RCA-06490,134,1,False
RCA-06491,166,1,False
RCA-06492,147,1,False
RCA-06493,162,1,False
RCA-06494,163,1,False
RCA-06495,131,1,False
RCA-06496,157,1,False
RCA-06497,155,1,False
RCA-06498,174,1,False
RCA-06499,128,1,False
RCA-06500,132,1,False
RCA-06501,133,1,False
RCA-06502,156,1,False
RCA-06503,158,1,False
RCA-06504,130,1,False
RCA-06505,122,1,False
RCA-06506,165,1,False
RCA-06507,162,1,False
RCA-06508,160,1,False
RCA-06509,170,1,False
RCA-06510,158,1,False
RCA-06511,133,1,False
RCA-06512,124,1,False
RCA-06513,160,1,False
RCA-06514,154,1,False
RCA-06515,157,1,False
RCA-06516,156,1,False
RCA-06517,132,1,False
RCA-06518,127,1,False
RCA-06519,129,1,False
RCA-06520,130,1,False
RCA-06521,158,1,False
RCA-06522,164,1,False
RCA-06523,156,1,False
RCA-06524,160,1,False
RCA-06525,157,1,False
RCA-06526,130,1,False
RCA-06527,150,1,False
RCA-06528,129,1,False
RCA-06529,125,1,False
RCA-06530,129,1,False
RCA-06531,152,1,False
RCA-06532,150,1,False
RCA-06533,155,1,False
RCA-06534,129,1,False
RCA-06535,130,1,False
RCA-06536,155,1,False
RCA-06537,181,1,False
RCA-06538,172,1,False
RCA-06539,157,1,False
RCA-06540,130,1,False
RCA-06541,168,1,False
RCA-06542,130,1,False
RCA-06543,124,1,False
RCA-06544,163,1,False
RCA-06545,130,1,False
RCA-06546,131,1,False
RCA-06547,170,1,False
RCA-06548,131,1,False
RCA-06549,165,1,False
RCA-06550,126,1,False
RCA-06551,170,1,False
RCA-06552,128,1,False
RCA-06553,150,1,False
RCA-06554,128,1,False
RCA-06555,160,1,False
RCA-06556,160,1,False
RCA-06557,156,1,False
RCA-06558,156,1,False
RCA-06559,156,1,False
RCA-06560,176,1,False
RCA-06561,131,1,False
RCA-06562,180,1,False
RCA-06563,153,1,False
RCA-06564,127,1,False
RCA-06565,130,1,False
RCA-06566,130,1,False
RCA-06567,159,1,False
RCA-06568,128,1,False
RCA-06569,153,1,False
RCA-06570,128,1,False
RCA-06571,147,1,False
RCA-06572,164,1,False
RCA-06573,135,1,False
RCA-06574,167,1,False
RCA-06575,159,1,False
RCA-06576,130,1,False
RCA-06577,154,1,False
RCA-06578,162,1,False
RCA-06579,157,1,False
RCA-06580,131,1,False
RCA-06581,150,1,False
RCA-06582,160,1,False
RCA-06583,158,1,False
RCA-06584,155,1,False
RCA-06585,128,1,False
RCA-06586,133,1,False
RCA-06587,132,1,False
RCA-06588,130,1,False
RCA-06589,159,1,False
RCA-06590,134,1,False
RCA-06591,170,1,False
RCA-06592,159,1,False
RCA-06593,126,1,False
RCA-06594,187,1,False
RCA-06595,155,1,False
RCA-06596,153,1,False
RCA-06597,128,1,False
RCA-06598,128,1,False
RCA-06599,126,1,False
RCA-06600,155,1,False
RCA-06601,161,1,False
RCA-06602,153,1,False
RCA-06603,154,1,False
RCA-06604,179,1,False
RCA-06605,128,1,False
RCA-06606,154,1,False
RCA-06607,161,1,False
RCA-06608,157,1,False
RCA-06609,155,1,False
RCA-06610,130,1,False
RCA-06611,131,1,False
RCA-06612,154,1,False
RCA-06613,154,1,False
RCA-06614,152,1,False
RCA-06615,153,1,False
RCA-06616,122,1,False
RCA-06617,153,1,False
RCA-06618,134,1,False
RCA-06619,162,1,False
RCA-06620,158,1,False
RCA-06621,158,1,False
RCA-06622,129,1,False
RCA-06623,157,1,False
RCA-06624,165,1,False
RCA-06625,155,1,False
RCA-06626,159,1,False
RCA-06627,166,1,False
RCA-06628,130,1,False
RCA-06629,129,1,False
RCA-06630,175,1,False
RCA-06631,165,1,False
RCA-06632,159,1,False
RCA-06633,159,1,False
RCA-06634,151,1,False
RCA-06635,162,1,False
RCA-06636,153,1,False
RCA-06637,180,1,False
RCA-06638,127,1,False
RCA-06639,153,1,False
RCA-06640,149,1,False
RCA-06641,153,1,False
RCA-06642,153,1,False
RCA-06643,160,1,False
RCA-06644,130,1,False
RCA-06645,162,1,False
RCA-06646,154,1,False
RCA-06647,133,1,False
RCA-06648,135,1,False
RCA-06649,123,1,False
RCA-06650,173,1,False
RCA-06651,173,1,False
RCA-06652,130,1,False
RCA-06653,130,1,False
RCA-06654,156,1,False
RCA-06655,130,1,False
RCA-06656,152,1,False
RCA-06657,155,1,False
RCA-06658,158,1,False
RCA-06659,158,1,False
RCA-06660,165,1,False
RCA-06661,163,1,False
RCA-06662,126,1,False
RCA-06663,174,1,False
RCA-06664,131,1,False
RCA-06665,123,1,False
RCA-06666,130,1,False
RCA-06667,172,1,False
RCA-06668,161,1,False
RCA-06669,124,1,False
RCA-06670,155,1,False
RCA-06671,159,1,False
RCA-06672,182,1,False
RCA-06673,159,1,False
RCA-06674,128,1,False
RCA-06675,156,1,False
RCA-06676,149,1,False
RCA-06677,153,1,False
RCA-06678,156,1,False
RCA-06679,163,1,False
RCA-06680,153,1,False
RCA-06681,130,1,False
RCA-06682,128,1,False
RCA-06683,129,1,False
RCA-06684,155,1,False
RCA-06685,155,1,False
RCA-06686,161,1,False
RCA-06687,130,1,False
RCA-06688,159,1,False
RCA-06689,154,1,False
RCA-06690,155,1,False
RCA-06691,131,1,False
RCA-06692,131,1,False
RCA-06693,167,1,False
RCA-06694,176,1,False
RCA-06695,127,1,False
RCA-06696,157,1,False
RCA-06697,179,1,False
RCA-06698,155,1,False
RCA-06699,158,1,False
RCA-06700,170,1,False
RCA-06701,168,1,False
RCA-06702,163,1,False
RCA-06703,157,1,False
RCA-06704,168,1,False
RCA-06705,169,1,False
RCA-06706,171,1,False
RCA-06707,154,1,False
RCA-06708,126,1,False
RCA-06709,128,1,False
RCA-06710,127,1,False
RCA-06711,163,1,False
RCA-06712,157,1,False
RCA-06713,156,1,False
RCA-06714,154,1,False
RCA-06715,165,1,False
RCA-06716,150,1,False
RCA-06717,152,1,False
RCA-06718,169,1,False
RCA-06719,153,1,False
RCA-06720,128,1,False
RCA-06721,170,1,False
RCA-06722,154,1,False
RCA-06723,177,1,False
RCA-06724,132,1,False
RCA-06725,129,1,False
RCA-06726,159,1,False
RCA-06727,168,1,False
RCA-06728,130,1,False
RCA-06729,128,1,False
RCA-06730,167,1,False
RCA-06731,152,1,False
RCA-06732,163,1,False
RCA-06733,140,1,False
RCA-06734,157,1,False
RCA-06735,124,1,False
RCA-06736,157,1,False
RCA-06737,131,1,False
RCA-06738,155,1,False
RCA-06739,130,1,False
RCA-06740,133,1,False
RCA-06741,168,1,False
RCA-06742,160,1,False
RCA-06743,156,1,False
RCA-06744,131,1,False
RCA-06745,165,1,False
RCA-06746,132,1,False
RCA-06747,130,1,False
RCA-06748,156,1,False
RCA-06749,158,1,False
RCA-06750,156,1,False
RCA-06751,152,1,False
RCA-06752,132,1,False
RCA-06753,167,1,False
RCA-06754,158,1,False
RCA-06755,155,1,False
RCA-06756,156,1,False
RCA-06757,161,1,False
RCA-06758,155,1,False
RCA-06759,130,1,False
RCA-06760,160,1,False
RCA-06761,128,1,False
RCA-06762,168,1,False
RCA-06763,123,1,False
RCA-06764,148,1,False
RCA-06765,160,1,False
RCA-06766,152,1,False
RCA-06767,162,1,False
RCA-06768,132,1,False
RCA-06769,123,1,False
RCA-06770,153,1,False
RCA-06771,150,1,False
RCA-06772,156,1,False
RCA-06773,156,1,False
RCA-06774,126,1,False
RCA-06775,130,1,False
RCA-06776,129,1,False
RCA-06777,164,1,False
RCA-06778,138,1,False
RCA-06779,168,1,False
RCA-06780,128,1,False
RCA-06781,162,1,False
RCA-06782,130,1,False
RCA-06783,157,1,False
RCA-06784,158,1,False
RCA-06785,159,1,False
RCA-06786,157,1,False
RCA-06787,127,1,False
RCA-06788,192,1,False
RCA-06789,134,1,False
RCA-06790,150,1,False
RCA-06791,173,1,False
RCA-06792,153,1,False
RCA-06793,128,1,False
RCA-06794,123,1,False
RCA-06795,130,1,False
RCA-06796,131,1,False
RCA-06797,128,1,False
RCA-06798,133,1,False
RCA-06799,159,1,False
RCA-06800,166,1,False
RCA-06801,124,1,False
RCA-06802,177,1,False
RCA-06803,127,1,False
RCA-06804,127,1,False
RCA-06805,152,1,False
RCA-06806,133,1,False
RCA-06807,156,1,False
RCA-06808,130,1,False
RCA-06809,130,1,False
RCA-06810,161,1,False
RCA-06811,131,1,False
RCA-06812,153,1,False
RCA-06813,151,1,False
RCA-06814,154,1,False
RCA-06815,132,1,False
RCA-06816,150,1,False
RCA-06817,152,1,False
RCA-06818,126,1,False
RCA-06819,128,1,False
RCA-06820,164,1,False
RCA-06821,162,1,False
RCA-06822,162,1,False
RCA-06823,157,1,False
RCA-06824,132,1,False
RCA-06825,158,1,False
RCA-06826,129,1,False
RCA-06827,156,1,False
RCA-06828,165,1,False
RCA-06829,165,1,False
RCA-06830,130,1,False
RCA-06831,161,1,False
RCA-06832,150,1,False
RCA-06833,127,1,False
RCA-06834,172,1,False
RCA-06835,129,1,False
RCA-06836,132,1,False
RCA-06837,153,1,False
RCA-06838,157,1,False
RCA-06839,154,1,False
RCA-06840,129,1,False
RCA-06841,127,1,False
RCA-06842,157,1,False
RCA-06843,130,1,False
RCA-06844,169,1,False
RCA-06845,158,1,False
RCA-06846,155,1,False
RCA-06847,131,1,False
RCA-06848,157,1,False
RCA-06849,127,1,False
RCA-06850,123,1,False
RCA-06851,159,1,False
RCA-06852,170,1,False
RCA-06853,156,1,False
RCA-06854,153,1,False
RCA-06855,164,1,False
RCA-06856,129,1,False
RCA-06857,164,1,False
RCA-06858,166,1,False
RCA-06859,171,1,False
RCA-06860,161,1,False
RCA-06861,178,1,False
RCA-06862,133,1,False
RCA-06863,130,1,False
RCA-06864,155,1,False
RCA-06865,170,1,False
RCA-06866,161,1,False
RCA-06867,157,1,False
RCA-06868,157,1,False
RCA-06869,178,1,False
RCA-06870,153,1,False
RCA-06871,168,1,False
RCA-06872,125,1,False
RCA-06873,160,1,False
RCA-06874,127,1,False
RCA-06875,131,1,False
RCA-06876,153,1,False
RCA-06877,153,1,False
RCA-06878,156,1,False
RCA-06879,127,1,False
RCA-06880,158,1,False
RCA-06881,131,1,False
RCA-06882,183,1,False
RCA-06883,131,1,False
RCA-06884,153,1,False
RCA-06885,131,1,False
RCA-06886,132,1,False
RCA-06887,171,1,False
RCA-06888,155,1,False
RCA-06889,158,1,False
RCA-06890,160,1,False
RCA-06891,125,1,False
RCA-06892,125,1,False
RCA-06893,156,1,False
RCA-06894,173,1,False
RCA-06895,131,1,False
RCA-06896,127,1,False
RCA-06897,157,1,False
RCA-06898,158,1,False
RCA-06899,159,1,False
RCA-06900,153,1,False
RCA-06901,129,1,False
RCA-06902,155,1,False
RCA-06903,131,1,False
RCA-06904,171,1,False
RCA-06905,152,1,False
RCA-06906,131,1,False
RCA-06907,129,1,False
RCA-06908,137,1,False
RCA-06909,176,1,False
RCA-06910,134,1,False
RCA-06911,124,1,False
RCA-06912,157,1,False
RCA-06913,131,1,False
RCA-06914,130,1,False
RCA-06915,161,1,False
RCA-06916,158,1,False
RCA-06917,138,1,False
RCA-06918,127,1,False
RCA-06919,163,1,False
RCA-06920,166,1,False
RCA-06921,130,1,False
RCA-06922,129,1,False
RCA-06923,163,1,False
RCA-06924,129,1,False
RCA-06925,155,1,False
RCA-06926,135,1,False
RCA-06927,159,1,False
RCA-06928,162,1,False
RCA-06929,165,1,False
RCA-06930,130,1,False
RCA-06931,159,1,False
RCA-06932,138,1,False
RCA-06933,164,1,False
RCA-06934,130,1,False
RCA-06935,152,1,False
RCA-06936,153,1,False
RCA-06937,169,1,False
RCA-06938,131,1,False
RCA-06939,156,1,False
RCA-06940,128,1,False
RCA-06941,154,1,False
RCA-06942,155,1,False
RCA-06943,160,1,False
RCA-06944,133,1,False
RCA-06945,125,1,False
RCA-06946,153,1,False
RCA-06947,133,1,False
RCA-06948,126,1,False
RCA-06949,184,1,False
RCA-06950,161,1,False
RCA-06951,128,1,False
RCA-06952,159,1,False
RCA-06953,160,1,False
RCA-06954,158,1,False
RCA-06955,160,1,False
RCA-06956,161,1,False
RCA-06957,128,1,False
RCA-06958,158,1,False
RCA-06959,157,1,False
RCA-06960,128,1,False
RCA-06961,156,1,False
RCA-06962,157,1,False
RCA-06963,132,1,False
RCA-06964,158,1,False
RCA-06965,124,1,False
RCA-06966,160,1,False
RCA-06967,157,1,False
RCA-06968,157,1,False
RCA-06969,128,1,False
RCA-06970,132,1,False
RCA-06971,128,1,False
RCA-06972,163,1,False
RCA-06973,159,1,False
RCA-06974,158,1,False
RCA-06975,131,1,False
RCA-06976,127,1,False
RCA-06977,130,1,False
RCA-06978,126,1,False
RCA-06979,159,1,False
RCA-06980,159,1,False
RCA-06981,124,1,False
RCA-06982,131,1,False
RCA-06983,156,1,False
RCA-06984,135,1,False
RCA-06985,170,1,False
RCA-06986,130,1,False
RCA-06987,163,1,False
RCA-06988,161,1,False
RCA-06989,153,1,False
RCA-06990,157,1,False
RCA-06991,127,1,False
RCA-06992,137,1,False
RCA-06993,161,1,False
RCA-06994,165,1,False
RCA-06995,170,1,False
RCA-06996,160,1,False
RCA-06997,152,1,False
RCA-06998,167,1,False
RCA-06999,184,1,False
RCA-07000,157,1,False
RCA-07001,156,1,False
RCA-07002,168,1,False
RCA-07003,161,1,False
RCA-07004,153,1,False
RCA-07005,134,1,False
RCA-07006,129,1,False
RCA-07007,154,1,False
RCA-07008,162,1,False
RCA-07009,126,1,False
RCA-07010,131,1,False
RCA-07011,179,1,False
RCA-07012,153,1,False
RCA-07013,159,1,False
RCA-07014,157,1,False
RCA-07015,183,1,False
RCA-07016,130,1,False
RCA-07017,177,1,False
RCA-07018,163,1,False
RCA-07019,155,1,False
RCA-07020,163,1,False
RCA-07021,127,1,False
RCA-07022,122,1,False
RCA-07023,163,1,False
RCA-07024,130,1,False
RCA-07025,162,1,False
RCA-07026,130,1,False
RCA-07027,156,1,False
RCA-07028,136,1,False
RCA-07029,127,1,False
RCA-07030,167,1,False
RCA-07031,128,1,False
RCA-07032,165,1,False
RCA-07033,129,1,False
RCA-07034,129,1,False
RCA-07035,184,1,False
RCA-07036,131,1,False
RCA-07037,126,1,False
RCA-07038,132,1,False
RCA-07039,151,1,False
RCA-07040,158,1,False
RCA-07041,158,1,False
RCA-07042,155,1,False
RCA-07043,153,1,False
RCA-07044,127,1,False
RCA-07045,165,1,False
RCA-07046,130,1,False
RCA-07047,131,1,False
RCA-07048,131,1,False
RCA-07049,130,1,False
RCA-07050,167,1,False
RCA-07051,138,1,False
RCA-07052,129,1,False
RCA-07053,153,1,False
RCA-07054,166,1,False
RCA-07055,169,1,False
RCA-07056,148,1,False
RCA-07057,130,1,False
RCA-07058,126,1,False
RCA-07059,167,1,False
RCA-07060,158,1,False
RCA-07061,159,1,False
RCA-07062,159,1,False
RCA-07063,129,1,False
RCA-07064,181,1,False
RCA-07065,156,1,False
RCA-07066,157,1,False
RCA-07067,128,1,False
RCA-07068,152,1,False
RCA-07069,180,1,False
RCA-07070,136,1,False
RCA-07071,157,1,False
RCA-07072,156,1,False
RCA-07073,157,1,False
RCA-07074,150,1,False
RCA-07075,134,1,False
RCA-07076,157,1,False
RCA-07077,165,1,False
RCA-07078,130,1,False
RCA-07079,128,1,False
RCA-07080,135,1,False
RCA-07081,159,1,False
RCA-07082,129,1,False
RCA-07083,179,1,False
RCA-07084,132,1,False
RCA-07085,130,1,False
RCA-07086,176,1,False
RCA-07087,130,1,False
RCA-07088,156,1,False
RCA-07089,131,1,False
RCA-07090,157,1,False
RCA-07091,159,1,False
RCA-07092,157,1,False
RCA-07093,131,1,False
RCA-07094,126,1,False
RCA-07095,155,1,False
RCA-07096,130,1,False
RCA-07097,157,1,False
RCA-07098,160,1,False
RCA-07099,159,1,False
RCA-07100,152,1,False
RCA-07101,159,1,False
RCA-07102,126,1,False
RCA-07103,124,1,False
RCA-07104,153,1,False
RCA-07105,157,1,False
RCA-07106,126,1,False
RCA-07107,154,1,False
RCA-07108,150,1,False
RCA-07109,127,1,False
RCA-07110,158,1,False
RCA-07111,158,1,False
RCA-07112,152,1,False
RCA-07113,174,1,False
RCA-07114,157,1,False
RCA-07115,136,1,False
RCA-07116,130,1,False
RCA-07117,131,1,False
RCA-07118,156,1,False
RCA-07119,173,1,False
RCA-07120,182,1,False
RCA-07121,159,1,False
RCA-07122,129,1,False
RCA-07123,136,1,False
RCA-07124,133,1,False
RCA-07125,159,1,False
RCA-07126,150,1,False
RCA-07127,156,1,False
RCA-07128,165,1,False
RCA-07129,160,1,False
RCA-07130,166,1,False
RCA-07131,163,1,False
RCA-07132,129,1,False
RCA-07133,158,1,False
RCA-07134,127,1,False
RCA-07135,160,1,False
RCA-07136,130,1,False
RCA-07137,137,1,False
RCA-07138,131,1,False
RCA-07139,162,1,False
RCA-07140,188,1,False
RCA-07141,127,1,False
RCA-07142,156,1,False
RCA-07143,165,1,False
RCA-07144,146,1,False
RCA-07145,163,1,False
RCA-07146,130,1,False
RCA-07147,160,1,False
RCA-07148,176,1,False
RCA-07149,132,1,False
RCA-07150,129,1,False
RCA-07151,130,1,False
RCA-07152,155,1,False
RCA-07153,132,1,False
RCA-07154,149,1,False
RCA-07155,132,1,False
RCA-07156,160,1,False
RCA-07157,151,1,False
RCA-07158,152,1,False
RCA-07159,174,1,False
RCA-07160,130,1,False
RCA-07161,165,1,False
RCA-07162,129,1,False
RCA-07163,158,1,False
RCA-07164,154,1,False
RCA-07165,186,1,False
RCA-07166,162,1,False
RCA-07167,157,1,False
RCA-07168,125,1,False
RCA-07169,132,1,False
RCA-07170,128,1,False
RCA-07171,129,1,False
RCA-07172,157,1,False
RCA-07173,158,1,False
RCA-07174,129,1,False
RCA-07175,132,1,False
RCA-07176,162,1,False
RCA-07177,153,1,False
RCA-07178,131,1,False
RCA-07179,128,1,False
RCA-07180,150,1,False
RCA-07181,167,1,False
RCA-07182,158,1,False
RCA-07183,139,1,False
RCA-07184,137,1,False
RCA-07185,173,1,False
RCA-07186,160,1,False
RCA-07187,161,1,False
RCA-07188,128,1,False
RCA-07189,128,1,False
RCA-07190,156,1,False
RCA-07191,158,1,False
RCA-07192,159,1,False
RCA-07193,133,1,False
RCA-07194,157,1,False
RCA-07195,165,1,False
RCA-07196,154,1,False
RCA-07197,163,1,False
RCA-07198,128,1,False
RCA-07199,155,1,False
RCA-07200,165,1,False
RCA-07201,129,1,False
RCA-07202,129,1,False
RCA-07203,131,1,False
RCA-07204,171,1,False
RCA-07205,154,1,False
RCA-07206,157,1,False
RCA-07207,161,1,False
RCA-07208,129,1,False
RCA-07209,160,1,False
RCA-07210,125,1,False
RCA-07211,163,1,False
RCA-07212,130,1,False
RCA-07213,128,1,False
RCA-07214,128,1,False
RCA-07215,129,1,False
RCA-07216,174,1,False
RCA-07217,132,1,False
RCA-07218,183,1,False
RCA-07219,130,1,False
RCA-07220,131,1,False
RCA-07221,132,1,False
RCA-07222,152,1,False
RCA-07223,159,1,False
RCA-07224,180,1,False
RCA-07225,132,1,False
RCA-07226,157,1,False
RCA-07227,129,1,False
RCA-07228,135,1,False
RCA-07229,153,1,False
RCA-07230,155,1,False
RCA-07231,128,1,False
RCA-07232,159,1,False
RCA-07233,156,1,False
RCA-07234,128,1,False
RCA-07235,155,1,False
RCA-07236,127,1,False
RCA-07237,127,1,False
RCA-07238,157,1,False
RCA-07239,137,1,False
RCA-07240,170,1,False
RCA-07241,168,1,False
RCA-07242,167,1,False
RCA-07243,131,1,False
RCA-07244,129,1,False
RCA-07245,158,1,False
RCA-07246,126,1,False
RCA-07247,130,1,False
RCA-07248,157,1,False
RCA-07249,130,1,False
RCA-07250,132,1,False
RCA-07251,130,1,False
RCA-07252,131,1,False
RCA-07253,133,1,False
RCA-07254,168,1,False
RCA-07255,159,1,False
RCA-07256,160,1,False
RCA-07257,126,1,False
RCA-07258,128,1,False
RCA-07259,159,1,False
RCA-07260,157,1,False
RCA-07261,161,1,False
RCA-07262,154,1,False
RCA-07263,186,1,False
RCA-07264,127,1,False
RCA-07265,128,1,False
RCA-07266,153,1,False
RCA-07267,154,1,False
RCA-07268,128,1,False
RCA-07269,161,1,False
RCA-07270,161,1,False
RCA-07271,122,1,False
RCA-07272,163,1,False
RCA-07273,173,1,False
RCA-07274,153,1,False
RCA-07275,156,1,False
RCA-07276,152,1,False
RCA-07277,159,1,False
RCA-07278,131,1,False
RCA-07279,156,1,False
RCA-07280,174,1,False
RCA-07281,166,1,False
RCA-07282,158,1,False
RCA-07283,154,1,False
RCA-07284,177,1,False
RCA-07285,154,1,False
RCA-07286,161,1,False
RCA-07287,156,1,False
RCA-07288,156,1,False
RCA-07289,178,1,False
RCA-07290,166,1,False
RCA-07291,159,1,False
RCA-07292,127,1,False
RCA-07293,153,1,False
RCA-07294,164,1,False
RCA-07295,156,1,False
RCA-07296,154,1,False
RCA-07297,126,1,False
RCA-07298,130,1,False
RCA-07299,152,1,False
RCA-07300,178,1,False
RCA-07301,156,1,False
RCA-07302,126,1,False
RCA-07303,128,1,False
RCA-07304,168,1,False
RCA-07305,160,1,False
RCA-07306,162,1,False
RCA-07307,155,1,False
RCA-07308,127,1,False
RCA-07309,155,1,False
RCA-07310,166,1,False
RCA-07311,162,1,False
RCA-07312,135,1,False
RCA-07313,181,1,False
RCA-07314,165,1,False
RCA-07315,127,1,False
RCA-07316,156,1,False
RCA-07317,135,1,False
RCA-07318,134,1,False
RCA-07319,162,1,False
RCA-07320,137,1,False
RCA-07321,154,1,False
RCA-07322,129,1,False
RCA-07323,129,1,False
RCA-07324,156,1,False
RCA-07325,132,1,False
RCA-07326,152,1,False
RCA-07327,147,1,False
RCA-07328,128,1,False
RCA-07329,163,1,False
RCA-07330,161,1,False
RCA-07331,156,1,False
RCA-07332,158,1,False
RCA-07333,132,1,False
RCA-07334,153,1,False
RCA-07335,151,1,False
RCA-07336,130,1,False
RCA-07337,134,1,False
RCA-07338,157,1,False
RCA-07339,163,1,False
RCA-07340,171,1,False
RCA-07341,153,1,False
RCA-07342,159,1,False
RCA-07343,131,1,False
RCA-07344,128,1,False
RCA-07345,154,1,False
RCA-07346,128,1,False
RCA-07347,160,1,False
RCA-07348,127,1,False
RCA-07349,154,1,False
RCA-07350,131,1,False
RCA-07351,159,1,False
RCA-07352,162,1,False
RCA-07353,152,1,False
RCA-07354,160,1,False
RCA-07355,157,1,False
RCA-07356,167,1,False
RCA-07357,135,1,False
RCA-07358,130,1,False
RCA-07359,126,1,False
RCA-07360,133,1,False
RCA-07361,161,1,False
RCA-07362,183,1,False
RCA-07363,154,1,False
RCA-07364,134,1,False
RCA-07365,157,1,False
RCA-07366,131,1,False
RCA-07367,158,1,False
RCA-07368,153,1,False
RCA-07369,154,1,False
RCA-07370,155,1,False
RCA-07371,163,1,False
RCA-07372,127,1,False
RCA-07373,136,1,False
RCA-07374,172,1,False
RCA-07375,171,1,False
RCA-07376,164,1,False
RCA-07377,128,1,False
RCA-07378,131,1,False
RCA-07379,158,1,False
RCA-07380,131,1,False
RCA-07381,131,1,False
RCA-07382,162,1,False
RCA-07383,157,1,False
RCA-07384,176,1,False
RCA-07385,162,1,False
RCA-07386,156,1,False
RCA-07387,128,1,False
RCA-07388,158,1,False
RCA-07389,150,1,False
RCA-07390,179,1,False
RCA-07391,152,1,False
RCA-07392,156,1,False
RCA-07393,156,1,False
RCA-07394,154,1,False
RCA-07395,174,1,False
RCA-07396,163,1,False
RCA-07397,151,1,False
RCA-07398,128,1,False
RCA-07399,129,1,False
RCA-07400,153,1,False
RCA-07401,128,1,False
RCA-07402,167,1,False
RCA-07403,162,1,False
RCA-07404,166,1,False
RCA-07405,129,1,False
RCA-07406,158,1,False
RCA-07407,130,1,False
RCA-07408,131,1,False
RCA-07409,152,1,False
RCA-07410,132,1,False
RCA-07411,129,1,False
RCA-07412,158,1,False
RCA-07413,131,1,False
RCA-07414,127,1,False
RCA-07415,172,1,False
RCA-07416,155,1,False
RCA-07417,165,1,False
RCA-07418,129,1,False
RCA-07419,137,1,False
RCA-07420,158,1,False
RCA-07421,159,1,False
RCA-07422,158,1,False
RCA-07423,157,1,False
RCA-07424,124,1,False
RCA-07425,133,1,False
RCA-07426,174,1,False
RCA-07427,126,1,False
RCA-07428,152,1,False
RCA-07429,153,1,False
RCA-07430,156,1,False
RCA-07431,158,1,False
RCA-07432,128,1,False
RCA-07433,130,1,False
RCA-07434,153,1,False
RCA-07435,165,1,False
RCA-07436,130,1,False
RCA-07437,129,1,False
RCA-07438,132,1,False
RCA-07439,157,1,False
RCA-07440,155,1,False
RCA-07441,169,1,False
RCA-07442,158,1,False
RCA-07443,157,1,False
RCA-07444,130,1,False
RCA-07445,132,1,False
RCA-07446,154,1,False
RCA-07447,166,1,False
RCA-07448,157,1,False
RCA-07449,136,1,False
RCA-07450,127,1,False
RCA-07451,130,1,False
RCA-07452,128,1,False
RCA-07453,154,1,False
RCA-07454,169,1,False
RCA-07455,139,1,False
RCA-07456,162,1,False
RCA-07457,167,1,False
RCA-07458,156,1,False
RCA-07459,153,1,False
RCA-07460,164,1,False
RCA-07461,132,1,False
RCA-07462,159,1,False
RCA-07463,155,1,False
RCA-07464,168,1,False
RCA-07465,127,1,False
RCA-07466,129,1,False
RCA-07467,135,1,False
RCA-07468,182,1,False
RCA-07469,159,1,False
RCA-07470,133,1,False
RCA-07471,132,1,False
RCA-07472,180,1,False
RCA-07473,156,1,False
RCA-07474,130,1,False
RCA-07475,133,1,False
RCA-07476,156,1,False
RCA-07477,125,1,False
RCA-07478,125,1,False
RCA-07479,158,1,False
RCA-07480,161,1,False
RCA-07481,126,1,False
RCA-07482,131,1,False
RCA-07483,128,1,False
RCA-07484,130,1,False
RCA-07485,136,1,False
RCA-07486,156,1,False
RCA-07487,152,1,False
RCA-07488,156,1,False
RCA-07489,136,1,False
RCA-07490,157,1,False
RCA-07491,160,1,False
RCA-07492,156,1,False
RCA-07493,132,1,False
RCA-07494,156,1,False
RCA-07495,156,1,False
RCA-07496,177,1,False
RCA-07497,164,1,False
RCA-07498,154,1,False
RCA-07499,156,1,False
RCA-07500,128,1,False
RCA-07501,128,1,False
RCA-07502,131,1,False
RCA-07503,158,1,False
RCA-07504,163,1,False
RCA-07505,162,1,False
RCA-07506,127,1,False
RCA-07507,131,1,False
RCA-07508,155,1,False
RCA-07509,156,1,False
RCA-07510,128,1,False
RCA-07511,159,1,False
RCA-07512,155,1,False
RCA-07513,165,1,False
RCA-07514,151,1,False
RCA-07515,123,1,False
RCA-07516,164,1,False
RCA-07517,167,1,False
RCA-07518,151,1,False
RCA-07519,167,1,False
RCA-07520,160,1,False
RCA-07521,162,1,False
RCA-07522,150,1,False
RCA-07523,125,1,False
RCA-07524,129,1,False
RCA-07525,159,1,False
RCA-07526,153,1,False
RCA-07527,123,1,False
RCA-07528,169,1,False
RCA-07529,132,1,False
RCA-07530,132,1,False
RCA-07531,129,1,False
RCA-07532,126,1,False
RCA-07533,165,1,False
RCA-07534,167,1,False
RCA-07535,155,1,False
RCA-07536,156,1,False
RCA-07537,162,1,False
RCA-07538,126,1,False
RCA-07539,130,1,False
RCA-07540,131,1,False
RCA-07541,153,1,False
RCA-07542,156,1,False
RCA-07543,124,1,False
RCA-07544,149,1,False
RCA-07545,162,1,False
RCA-07546,155,1,False
RCA-07547,161,1,False
RCA-07548,128,1,False
RCA-07549,154,1,False
RCA-07550,159,1,False
RCA-07551,158,1,False
RCA-07552,159,1,False
RCA-07553,175,1,False
RCA-07554,132,1,False
RCA-07555,173,1,False
RCA-07556,129,1,False
RCA-07557,164,1,False
RCA-07558,156,1,False
RCA-07559,153,1,False
RCA-07560,163,1,False
RCA-07561,157,1,False
RCA-07562,158,1,False
RCA-07563,159,1,False
RCA-07564,127,1,False
RCA-07565,162,1,False
RCA-07566,160,1,False
RCA-07567,128,1,False
RCA-07568,157,1,False
RCA-07569,164,1,False
RCA-07570,152,1,False
RCA-07571,161,1,False
RCA-07572,134,1,False
RCA-07573,174,1,False
RCA-07574,131,1,False
RCA-07575,162,1,False
RCA-07576,165,1,False
RCA-07577,131,1,False
RCA-07578,164,1,False
RCA-07579,167,1,False
RCA-07580,128,1,False
RCA-07581,155,1,False
RCA-07582,157,1,False
RCA-07583,154,1,False
RCA-07584,132,1,False
RCA-07585,156,1,False
RCA-07586,153,1,False
RCA-07587,153,1,False
RCA-07588,166,1,False
RCA-07589,132,1,False
RCA-07590,155,1,False
RCA-07591,164,1,False
RCA-07592,128,1,False
RCA-07593,134,1,False
RCA-07594,161,1,False
RCA-07595,152,1,False
RCA-07596,161,1,False
RCA-07597,156,1,False
RCA-07598,170,1,False
RCA-07599,159,1,False
RCA-07600,158,1,False
RCA-07601,158,1,False
RCA-07602,154,1,False
RCA-07603,123,1,False
RCA-07604,132,1,False
RCA-07605,160,1,False
RCA-07606,156,1,False
RCA-07607,159,1,False
RCA-07608,132,1,False
RCA-07609,123,1,False
RCA-07610,132,1,False
RCA-07611,134,1,False
RCA-07612,130,1,False
RCA-07613,162,1,False
RCA-07614,155,1,False
RCA-07615,131,1,False
RCA-07616,132,1,False
RCA-07617,169,1,False
RCA-07618,126,1,False
RCA-07619,165,1,False
RCA-07620,127,1,False
RCA-07621,161,1,False
RCA-07622,134,1,False
RCA-07623,157,1,False
RCA-07624,130,1,False
RCA-07625,164,1,False
RCA-07626,169,1,False
RCA-07627,159,1,False
RCA-07628,161,1,False
RCA-07629,127,1,False
RCA-07630,162,1,False
RCA-07631,158,1,False
RCA-07632,181,1,False
RCA-07633,127,1,False
RCA-07634,167,1,False
RCA-07635,131,1,False
RCA-07636,159,1,False
RCA-07637,157,1,False
RCA-07638,128,1,False
RCA-07639,132,1,False
RCA-07640,158,1,False
RCA-07641,127,1,False
RCA-07642,127,1,False
RCA-07643,152,1,False
RCA-07644,132,1,False
RCA-07645,159,1,False
RCA-07646,127,1,False
RCA-07647,125,1,False
RCA-07648,168,1,False
RCA-07649,154,1,False
RCA-07650,165,1,False
RCA-07651,162,1,False
RCA-07652,160,1,False
RCA-07653,128,1,False
RCA-07654,157,1,False
RCA-07655,130,1,False
RCA-07656,138,1,False
RCA-07657,153,1,False
RCA-07658,166,1,False
RCA-07659,160,1,False
RCA-07660,125,1,False
RCA-07661,157,1,False
RCA-07662,156,1,False
RCA-07663,158,1,False
RCA-07664,126,1,False
RCA-07665,153,1,False
RCA-07666,170,1,False
RCA-07667,130,1,False
RCA-07668,153,1,False
RCA-07669,132,1,False
RCA-07670,158,1,False
RCA-07671,126,1,False
RCA-07672,133,1,False
RCA-07673,156,1,False
RCA-07674,165,1,False
RCA-07675,129,1,False
RCA-07676,131,1,False
RCA-07677,158,1,False
RCA-07678,165,1,False
RCA-07679,157,1,False
RCA-07680,160,1,False
RCA-07681,178,1,False
RCA-07682,128,1,False
RCA-07683,155,1,False
RCA-07684,158,1,False
RCA-07685,134,1,False
RCA-07686,159,1,False
RCA-07687,178,1,False
RCA-07688,166,1,False
RCA-07689,130,1,False
RCA-07690,129,1,False
RCA-07691,159,1,False
RCA-07692,181,1,False
RCA-07693,153,1,False
RCA-07694,166,1,False
RCA-07695,160,1,False
RCA-07696,156,1,False
RCA-07697,130,1,False
RCA-07698,166,1,False
RCA-07699,153,1,False
RCA-07700,135,1,False
RCA-07701,129,1,False
RCA-07702,130,1,False
RCA-07703,135,1,False
RCA-07704,127,1,False
RCA-07705,137,1,False
RCA-07706,128,1,False
RCA-07707,157,1,False
RCA-07708,135,1,False
RCA-07709,151,1,False
RCA-07710,154,1,False
RCA-07711,122,1,False
RCA-07712,156,1,False
RCA-07713,156,1,False
RCA-07714,166,1,False
RCA-07715,162,1,False
RCA-07716,158,1,False
RCA-07717,158,1,False
RCA-07718,129,1,False
RCA-07719,157,1,False
RCA-07720,160,1,False
RCA-07721,158,1,False
RCA-07722,159,1,False
RCA-07723,158,1,False
RCA-07724,154,1,False
RCA-07725,161,1,False
RCA-07726,130,1,False
RCA-07727,160,1,False
RCA-07728,154,1,False
RCA-07729,124,1,False
RCA-07730,162,1,False
RCA-07731,130,1,False
RCA-07732,160,1,False
RCA-07733,157,1,False
RCA-07734,152,1,False
RCA-07735,157,1,False
RCA-07736,130,1,False
RCA-07737,179,1,False
RCA-07738,132,1,False
RCA-07739,155,1,False
RCA-07740,174,1,False
RCA-07741,153,1,False
RCA-07742,159,1,False
RCA-07743,126,1,False
RCA-07744,130,1,False
RCA-07745,160,1,False
RCA-07746,130,1,False
RCA-07747,130,1,False
RCA-07748,127,1,False
RCA-07749,157,1,False
RCA-07750,161,1,False
RCA-07751,160,1,False
RCA-07752,153,1,False
RCA-07753,134,1,False
RCA-07754,153,1,False
RCA-07755,171,1,False
RCA-07756,165,1,False
RCA-07757,165,1,False
RCA-07758,157,1,False
RCA-07759,159,1,False
RCA-07760,167,1,False
RCA-07761,133,1,False
RCA-07762,154,1,False
RCA-07763,155,1,False
RCA-07764,150,1,False
RCA-07765,153,1,False
RCA-07766,156,1,False
RCA-07767,154,1,False
RCA-07768,152,1,False
RCA-07769,132,1,False
RCA-07770,149,1,False
RCA-07771,129,1,False
RCA-07772,126,1,False
RCA-07773,168,1,False
RCA-07774,158,1,False
RCA-07775,156,1,False
RCA-07776,188,1,False
RCA-07777,154,1,False
RCA-07778,163,1,False
RCA-07779,155,1,False
RCA-07780,127,1,False
RCA-07781,130,1,False
RCA-07782,153,1,False
RCA-07783,167,1,False
RCA-07784,132,1,False
RCA-07785,132,1,False
RCA-07786,131,1,False
RCA-07787,157,1,False
RCA-07788,168,1,False
RCA-07789,154,1,False
RCA-07790,157,1,False
RCA-07791,156,1,False
RCA-07792,151,1,False
RCA-07793,171,1,False
RCA-07794,153,1,False
RCA-07795,155,1,False
RCA-07796,131,1,False
RCA-07797,162,1,False
RCA-07798,157,1,False
RCA-07799,159,1,False
RCA-07800,165,1,False
RCA-07801,128,1,False
RCA-07802,171,1,False
RCA-07803,158,1,False
RCA-07804,160,1,False
RCA-07805,133,1,False
RCA-07806,136,1,False
RCA-07807,125,1,False
RCA-07808,131,1,False
RCA-07809,160,1,False
RCA-07810,156,1,False
RCA-07811,157,1,False
RCA-07812,162,1,False
RCA-07813,164,1,False
RCA-07814,176,1,False
RCA-07815,163,1,False
RCA-07816,127,1,False
RCA-07817,169,1,False
RCA-07818,178,1,False
RCA-07819,135,1,False
RCA-07820,171,1,False
RCA-07821,157,1,False
RCA-07822,126,1,False
RCA-07823,160,1,False
RCA-07824,162,1,False
RCA-07825,155,1,False
RCA-07826,155,1,False
RCA-07827,131,1,False
RCA-07828,161,1,False
RCA-07829,155,1,False
RCA-07830,152,1,False
RCA-07831,132,1,False
RCA-07832,162,1,False
RCA-07833,155,1,False
RCA-07834,127,1,False
RCA-07835,130,1,False
RCA-07836,137,1,False
RCA-07837,126,1,False
RCA-07838,127,1,False
RCA-07839,162,1,False
RCA-07840,152,1,False
RCA-07841,173,1,False
RCA-07842,130,1,False
RCA-07843,126,1,False
RCA-07844,161,1,False
RCA-07845,159,1,False
RCA-07846,129,1,False
RCA-07847,160,1,False
RCA-07848,133,1,False
RCA-07849,180,1,False
RCA-07850,154,1,False
RCA-07851,130,1,False
RCA-07852,153,1,False
RCA-07853,158,1,False
RCA-07854,130,1,False
RCA-07855,150,1,False
RCA-07856,155,1,False
RCA-07857,125,1,False
RCA-07858,164,1,False
RCA-07859,128,1,False
RCA-07860,156,1,False
RCA-07861,152,1,False
RCA-07862,164,1,False
RCA-07863,150,1,False
RCA-07864,126,1,False
RCA-07865,159,1,False
RCA-07866,166,1,False
RCA-07867,131,1,False
RCA-07868,158,1,False
RCA-07869,130,1,False
RCA-07870,155,1,False
RCA-07871,132,1,False
RCA-07872,131,1,False
RCA-07873,155,1,False
RCA-07874,182,1,False
RCA-07875,129,1,False
RCA-07876,167,1,False
RCA-07877,168,1,False
RCA-07878,162,1,False
RCA-07879,128,1,False
RCA-07880,128,1,False
RCA-07881,161,1,False
RCA-07882,154,1,False
RCA-07883,132,1,False
RCA-07884,127,1,False
RCA-07885,151,1,False
RCA-07886,127,1,False
RCA-07887,129,1,False
RCA-07888,157,1,False
RCA-07889,154,1,False
RCA-07890,127,1,False
RCA-07891,133,1,False
RCA-07892,167,1,False
RCA-07893,124,1,False
RCA-07894,170,1,False
RCA-07895,152,1,False
RCA-07896,156,1,False
RCA-07897,133,1,False
RCA-07898,155,1,False
RCA-07899,156,1,False
RCA-07900,157,1,False
RCA-07901,128,1,False
RCA-07902,156,1,False
RCA-07903,133,1,False
RCA-07904,131,1,False
RCA-07905,169,1,False
RCA-07906,157,1,False
RCA-07907,129,1,False
RCA-07908,147,1,False
RCA-07909,170,1,False
RCA-07910,177,1,False
RCA-07911,180,1,False
RCA-07912,130,1,False
RCA-07913,161,1,False
RCA-07914,164,1,False
RCA-07915,130,1,False
RCA-07916,148,1,False
RCA-07917,129,1,False
RCA-07918,127,1,False
RCA-07919,156,1,False
RCA-07920,170,1,False
RCA-07921,128,1,False
RCA-07922,167,1,False
RCA-07923,159,1,False
RCA-07924,155,1,False
RCA-07925,162,1,False
RCA-07926,155,1,False
RCA-07927,130,1,False
RCA-07928,166,1,False
RCA-07929,127,1,False
RCA-07930,156,1,False
RCA-07931,137,1,False
RCA-07932,172,1,False
RCA-07933,156,1,False
RCA-07934,159,1,False
RCA-07935,157,1,False
RCA-07936,163,1,False
RCA-07937,152,1,False
RCA-07938,128,1,False
RCA-07939,155,1,False
RCA-07940,161,1,False
RCA-07941,170,1,False
RCA-07942,160,1,False
RCA-07943,155,1,False
RCA-07944,158,1,False
RCA-07945,133,1,False
RCA-07946,129,1,False
RCA-07947,133,1,False
RCA-07948,151,1,False
RCA-07949,157,1,False
RCA-07950,154,1,False
RCA-07951,133,1,False
RCA-07952,156,1,False
RCA-07953,157,1,False
RCA-07954,156,1,False
RCA-07955,153,1,False
RCA-07956,167,1,False
RCA-07957,163,1,False
RCA-07958,155,1,False
RCA-07959,155,1,False
RCA-07960,170,1,False
RCA-07961,184,1,False
RCA-07962,177,1,False
RCA-07963,154,1,False
RCA-07964,155,1,False
RCA-07965,160,1,False
RCA-07966,165,1,False
RCA-07967,158,1,False
RCA-07968,163,1,False
RCA-07969,155,1,False
RCA-07970,151,1,False
RCA-07971,153,1,False
RCA-07972,131,1,False
RCA-07973,154,1,False
RCA-07974,156,1,False
RCA-07975,128,1,False
RCA-07976,159,1,False
RCA-07977,130,1,False
RCA-07978,131,1,False
RCA-07979,156,1,False
RCA-07980,128,1,False
RCA-07981,174,1,False
RCA-07982,154,1,False
RCA-07983,131,1,False
RCA-07984,155,1,False
RCA-07985,125,1,False
RCA-07986,158,1,False
RCA-07987,128,1,False
RCA-07988,151,1,False
RCA-07989,170,1,False
RCA-07990,128,1,False
RCA-07991,176,1,False
RCA-07992,158,1,False
RCA-07993,129,1,False
RCA-07994,157,1,False
RCA-07995,150,1,False
RCA-07996,132,1,False
RCA-07997,155,1,False
RCA-07998,153,1,False
RCA-07999,165,1,False
RCA-08000,130,1,False
